id,name,sameAs,sameAsNote,validThrough,validFrom
ocd-division/country:gb/part:eng/ward:e05000932,Ainsdale,,,,
ocd-division/country:gb/part:eng/ward:e05000933,Birkdale,,,,
ocd-division/country:gb/part:eng/ward:e05000934,Blundellsands,,,,
ocd-division/country:gb/part:eng/ward:e05000935,Cambridge,,,,
ocd-division/country:gb/part:eng/ward:e05000936,Church,,,,
ocd-division/country:gb/part:eng/ward:e05000937,Derby,,,,
ocd-division/country:gb/part:eng/ward:e05000938,Duke's,,,,
ocd-division/country:gb/part:eng/ward:e05000939,Ford,,,,
ocd-division/country:gb/part:eng/ward:e05000940,Harington,,,,
ocd-division/country:gb/part:eng/ward:e05000941,Kew,,,,
ocd-division/country:gb/part:eng/ward:e05000942,Linacre,,,,
ocd-division/country:gb/part:eng/ward:e05000943,Litherland,,,,
ocd-division/country:gb/part:eng/ward:e05000944,Manor,,,,
ocd-division/country:gb/part:eng/ward:e05000945,Meols,,,,
ocd-division/country:gb/part:eng/ward:e05000946,Molyneux,,,,
ocd-division/country:gb/part:eng/ward:e05000947,Netherton and Orrell,,,,
ocd-division/country:gb/part:eng/ward:e05000948,Norwood,,,,
ocd-division/country:gb/part:eng/ward:e05000949,Park,,,,
ocd-division/country:gb/part:eng/ward:e05000950,Ravenmeols,,,,
ocd-division/country:gb/part:eng/ward:e05000951,St Oswald,,,,
ocd-division/country:gb/part:eng/ward:e05000952,Sudell,,,,
ocd-division/country:gb/part:eng/ward:e05000953,Victoria,,,,
ocd-division/country:gb/part:eng/ward:e05000954,Bebington,,,,
ocd-division/country:gb/part:eng/ward:e05000955,Bidston and St James,,,,
ocd-division/country:gb/part:eng/ward:e05000956,Birkenhead and Tranmere,,,,
ocd-division/country:gb/part:eng/ward:e05000957,Bromborough,,,,
ocd-division/country:gb/part:eng/ward:e05000958,Clatterbridge,,,,
ocd-division/country:gb/part:eng/ward:e05000959,Claughton,,,,
ocd-division/country:gb/part:eng/ward:e05000960,Eastham,,,,
ocd-division/country:gb/part:eng/ward:e05000961,"Greasby, Frankby and Irby",,,,
ocd-division/country:gb/part:eng/ward:e05000962,Heswall,,,,
ocd-division/country:gb/part:eng/ward:e05000963,Hoylake and Meols,,,,
ocd-division/country:gb/part:eng/ward:e05000964,Leasowe and Moreton East,,,,
ocd-division/country:gb/part:eng/ward:e05000965,Liscard,,,,
ocd-division/country:gb/part:eng/ward:e05000966,Moreton West and Saughall Massie,,,,
ocd-division/country:gb/part:eng/ward:e05000967,New Brighton,,,,
ocd-division/country:gb/part:eng/ward:e05000968,Oxton,,,,
ocd-division/country:gb/part:eng/ward:e05000969,Pensby and Thingwall,,,,
ocd-division/country:gb/part:eng/ward:e05000970,Prenton,,,,
ocd-division/country:gb/part:eng/ward:e05000971,Rock Ferry,,,,
ocd-division/country:gb/part:eng/ward:e05000972,Seacombe,,,,
ocd-division/country:gb/part:eng/ward:e05000973,Upton,,,,
ocd-division/country:gb/part:eng/ward:e05000974,Wallasey,,,,
ocd-division/country:gb/part:eng/ward:e05000975,West Kirby and Thurstaston,,,,
ocd-division/country:gb/part:eng/ward:e05000976,Central,,,,
ocd-division/country:gb/part:eng/ward:e05000977,Cudworth,,,,
ocd-division/country:gb/part:eng/ward:e05000978,Darfield,,,,
ocd-division/country:gb/part:eng/ward:e05000979,Darton East,,,,
ocd-division/country:gb/part:eng/ward:e05000980,Darton West,,,,
ocd-division/country:gb/part:eng/ward:e05000981,Dearne North,,,,
ocd-division/country:gb/part:eng/ward:e05000982,Dearne South,,,,
ocd-division/country:gb/part:eng/ward:e05000983,Dodworth,,,,
ocd-division/country:gb/part:eng/ward:e05000984,Hoyland Milton,,,,
ocd-division/country:gb/part:eng/ward:e05000985,Kingstone,,,,
ocd-division/country:gb/part:eng/ward:e05000986,Monk Bretton,,,,
ocd-division/country:gb/part:eng/ward:e05000987,North East,,,,
ocd-division/country:gb/part:eng/ward:e05000988,Old Town,,,,
ocd-division/country:gb/part:eng/ward:e05000989,Penistone East,,,,
ocd-division/country:gb/part:eng/ward:e05000990,Penistone West,,,,
ocd-division/country:gb/part:eng/ward:e05000991,Rockingham,,,,
ocd-division/country:gb/part:eng/ward:e05000992,Royston,,,,
ocd-division/country:gb/part:eng/ward:e05000993,St Helens,,,,
ocd-division/country:gb/part:eng/ward:e05000994,Stairfoot,,,,
ocd-division/country:gb/part:eng/ward:e05000995,Wombwell,,,,
ocd-division/country:gb/part:eng/ward:e05000996,Worsbrough,,,,
ocd-division/country:gb/part:eng/ward:e05001067,Birtley,,,,
ocd-division/country:gb/part:eng/ward:e05001068,Blaydon,,,,
ocd-division/country:gb/part:eng/ward:e05001069,Bridges,,,,
ocd-division/country:gb/part:eng/ward:e05001071,Chowdene,,,,
ocd-division/country:gb/part:eng/ward:e05001072,Crawcrook and Greenside,,,,
ocd-division/country:gb/part:eng/ward:e05001073,Deckham,,,,
ocd-division/country:gb/part:eng/ward:e05001074,Dunston and Teams,,,,
ocd-division/country:gb/part:eng/ward:e05001075,Dunston Hill and Whickham East,,,,
ocd-division/country:gb/part:eng/ward:e05001076,Felling,,,,
ocd-division/country:gb/part:eng/ward:e05001077,High Fell,,,,
ocd-division/country:gb/part:eng/ward:e05001078,Lamesley,,,,
ocd-division/country:gb/part:eng/ward:e05001079,Lobley Hill and Bensham,,,,
ocd-division/country:gb/part:eng/ward:e05001080,Low Fell,,,,
ocd-division/country:gb/part:eng/ward:e05001081,Pelaw and Heworth,,,,
ocd-division/country:gb/part:eng/ward:e05001082,"Ryton, Crookhill and Stella",,,,
ocd-division/country:gb/part:eng/ward:e05001083,Saltwell,,,,
ocd-division/country:gb/part:eng/ward:e05001084,Wardley and Leam Lane,,,,
ocd-division/country:gb/part:eng/ward:e05001085,Whickham North,,,,
ocd-division/country:gb/part:eng/ward:e05001086,Whickham South and Sunniside,,,,
ocd-division/country:gb/part:eng/ward:e05001087,Windy Nook and Whitehills,,,,
ocd-division/country:gb/part:eng/ward:e05001088,Winlaton and High Spen,,,,
ocd-division/country:gb/part:eng/ward:e05001135,Beacon and Bents,,,,
ocd-division/country:gb/part:eng/ward:e05001136,Bede,,,,
ocd-division/country:gb/part:eng/ward:e05001137,Biddick and All Saints,,,,
ocd-division/country:gb/part:eng/ward:e05001138,Boldon Colliery,,,,
ocd-division/country:gb/part:eng/ward:e05001139,Cleadon and East Boldon,,,,
ocd-division/country:gb/part:eng/ward:e05001140,Cleadon Park,,,,
ocd-division/country:gb/part:eng/ward:e05001141,Fellgate and Hedworth,,,,
ocd-division/country:gb/part:eng/ward:e05001142,Harton,,,,
ocd-division/country:gb/part:eng/ward:e05001143,Hebburn North,,,,
ocd-division/country:gb/part:eng/ward:e05001144,Hebburn South,,,,
ocd-division/country:gb/part:eng/ward:e05001145,Horsley Hill,,,,
ocd-division/country:gb/part:eng/ward:e05001146,Monkton,,,,
ocd-division/country:gb/part:eng/ward:e05001147,Primrose,,,,
ocd-division/country:gb/part:eng/ward:e05001148,Simonside and Rekendyke,,,,
ocd-division/country:gb/part:eng/ward:e05001149,Westoe,,,,
ocd-division/country:gb/part:eng/ward:e05001150,West Park,,,,
ocd-division/country:gb/part:eng/ward:e05001151,Whitburn and Marsden,,,,
ocd-division/country:gb/part:eng/ward:e05001152,Whiteleas,,,,
ocd-division/country:gb/part:eng/ward:e05001153,Barnes,,,,
ocd-division/country:gb/part:eng/ward:e05001154,Castle,,,,
ocd-division/country:gb/part:eng/ward:e05001155,Copt Hill,,,,
ocd-division/country:gb/part:eng/ward:e05001156,Doxford,,,,
ocd-division/country:gb/part:eng/ward:e05001157,Fulwell,,,,
ocd-division/country:gb/part:eng/ward:e05001158,Hendon,,,,
ocd-division/country:gb/part:eng/ward:e05001159,Hetton,,,,
ocd-division/country:gb/part:eng/ward:e05001160,Houghton,,,,
ocd-division/country:gb/part:eng/ward:e05001161,Millfield,,,,
ocd-division/country:gb/part:eng/ward:e05001162,Pallion,,,,
ocd-division/country:gb/part:eng/ward:e05001163,Redhill,,,,
ocd-division/country:gb/part:eng/ward:e05001164,Ryhope,,,,
ocd-division/country:gb/part:eng/ward:e05001165,St Anne's,,,,
ocd-division/country:gb/part:eng/ward:e05001166,St Chad's,,,,
ocd-division/country:gb/part:eng/ward:e05001167,St Michael's,,,,
ocd-division/country:gb/part:eng/ward:e05001168,St Peter's,,,,
ocd-division/country:gb/part:eng/ward:e05001169,Sandhill,,,,
ocd-division/country:gb/part:eng/ward:e05001170,Shiney Row,,,,
ocd-division/country:gb/part:eng/ward:e05001171,Silksworth,,,,
ocd-division/country:gb/part:eng/ward:e05001172,Southwick,,,,
ocd-division/country:gb/part:eng/ward:e05001173,Washington Central,,,,
ocd-division/country:gb/part:eng/ward:e05001174,Washington East,,,,
ocd-division/country:gb/part:eng/ward:e05001175,Washington North,,,,
ocd-division/country:gb/part:eng/ward:e05001176,Washington South,,,,
ocd-division/country:gb/part:eng/ward:e05001177,Washington West,,,,
ocd-division/country:gb/part:eng/ward:e05001218,Bablake,,,,
ocd-division/country:gb/part:eng/ward:e05001219,Binley and Willenhall,,,,
ocd-division/country:gb/part:eng/ward:e05001220,Cheylesmore,,,,
ocd-division/country:gb/part:eng/ward:e05001221,Earlsdon,,,,
ocd-division/country:gb/part:eng/ward:e05001222,Foleshill,,,,
ocd-division/country:gb/part:eng/ward:e05001223,Henley,,,,
ocd-division/country:gb/part:eng/ward:e05001224,Holbrook,,,,
ocd-division/country:gb/part:eng/ward:e05001225,Longford,,,,
ocd-division/country:gb/part:eng/ward:e05001226,Lower Stoke,,,,
ocd-division/country:gb/part:eng/ward:e05001227,Radford,,,,
ocd-division/country:gb/part:eng/ward:e05001228,St Michael's,,,,
ocd-division/country:gb/part:eng/ward:e05001229,Sherbourne,,,,
ocd-division/country:gb/part:eng/ward:e05001230,Upper Stoke,,,,
ocd-division/country:gb/part:eng/ward:e05001231,Wainbody,,,,
ocd-division/country:gb/part:eng/ward:e05001232,Westwood,,,,
ocd-division/country:gb/part:eng/ward:e05001233,Whoberley,,,,
ocd-division/country:gb/part:eng/ward:e05001234,Woodlands,,,,
ocd-division/country:gb/part:eng/ward:e05001235,Wyken,,,,
ocd-division/country:gb/part:eng/ward:e05001260,Abbey,,,,
ocd-division/country:gb/part:eng/ward:e05001261,Blackheath,,,,
ocd-division/country:gb/part:eng/ward:e05001262,Bristnall,,,,
ocd-division/country:gb/part:eng/ward:e05001263,Charlemont with Grove Vale,,,,
ocd-division/country:gb/part:eng/ward:e05001264,Cradley Heath and Old Hill,,,,
ocd-division/country:gb/part:eng/ward:e05001265,Friar Park,,,,
ocd-division/country:gb/part:eng/ward:e05001266,Great Barr with Yew Tree,,,,
ocd-division/country:gb/part:eng/ward:e05001267,Great Bridge,,,,
ocd-division/country:gb/part:eng/ward:e05001268,Greets Green and Lyng,,,,
ocd-division/country:gb/part:eng/ward:e05001269,Hateley Heath,,,,
ocd-division/country:gb/part:eng/ward:e05001270,Langley,,,,
ocd-division/country:gb/part:eng/ward:e05001271,Newton,,,,
ocd-division/country:gb/part:eng/ward:e05001272,Old Warley,,,,
ocd-division/country:gb/part:eng/ward:e05001273,Oldbury,,,,
ocd-division/country:gb/part:eng/ward:e05001274,Princes End,,,,
ocd-division/country:gb/part:eng/ward:e05001275,Rowley,,,,
ocd-division/country:gb/part:eng/ward:e05001276,St Pauls,,,,
ocd-division/country:gb/part:eng/ward:e05001277,Smethwick,,,,
ocd-division/country:gb/part:eng/ward:e05001278,Soho and Victoria,,,,
ocd-division/country:gb/part:eng/ward:e05001279,Tipton Green,,,,
ocd-division/country:gb/part:eng/ward:e05001280,Tividale,,,,
ocd-division/country:gb/part:eng/ward:e05001281,Wednesbury North,,,,
ocd-division/country:gb/part:eng/ward:e05001282,Wednesbury South,,,,
ocd-division/country:gb/part:eng/ward:e05001283,West Bromwich Central,,,,
ocd-division/country:gb/part:eng/ward:e05001284,Bickenhill,,,,
ocd-division/country:gb/part:eng/ward:e05001285,Blythe,,,,
ocd-division/country:gb/part:eng/ward:e05001286,Castle Bromwich,,,,
ocd-division/country:gb/part:eng/ward:e05001287,Chelmsley Wood,,,,
ocd-division/country:gb/part:eng/ward:e05001288,Dorridge and Hockley Heath,,,,
ocd-division/country:gb/part:eng/ward:e05001289,Elmdon,,,,
ocd-division/country:gb/part:eng/ward:e05001290,Kingshurst and Fordbridge,,,,
ocd-division/country:gb/part:eng/ward:e05001291,Knowle,,,,
ocd-division/country:gb/part:eng/ward:e05001292,Lyndon,,,,
ocd-division/country:gb/part:eng/ward:e05001293,Meriden,,,,
ocd-division/country:gb/part:eng/ward:e05001294,Olton,,,,
ocd-division/country:gb/part:eng/ward:e05001295,St Alphege,,,,
ocd-division/country:gb/part:eng/ward:e05001296,Shirley East,,,,
ocd-division/country:gb/part:eng/ward:e05001297,Shirley South,,,,
ocd-division/country:gb/part:eng/ward:e05001298,Shirley West,,,,
ocd-division/country:gb/part:eng/ward:e05001299,Silhill,,,,
ocd-division/country:gb/part:eng/ward:e05001300,Smith's Wood,,,,
ocd-division/country:gb/part:eng/ward:e05001301,Aldridge Central and South,,,,
ocd-division/country:gb/part:eng/ward:e05001302,Aldridge North and Walsall Wood,,,,
ocd-division/country:gb/part:eng/ward:e05001303,Bentley and Darlaston North,,,,
ocd-division/country:gb/part:eng/ward:e05001304,Birchills Leamore,,,,
ocd-division/country:gb/part:eng/ward:e05001305,Blakenall,,,,
ocd-division/country:gb/part:eng/ward:e05001306,Bloxwich East,,,,
ocd-division/country:gb/part:eng/ward:e05001307,Bloxwich West,,,,
ocd-division/country:gb/part:eng/ward:e05001308,Brownhills,,,,
ocd-division/country:gb/part:eng/ward:e05001309,Darlaston South,,,,
ocd-division/country:gb/part:eng/ward:e05001310,Paddock,,,,
ocd-division/country:gb/part:eng/ward:e05001311,Palfrey,,,,
ocd-division/country:gb/part:eng/ward:e05001312,Pelsall,,,,
ocd-division/country:gb/part:eng/ward:e05001313,Pheasey Park Farm,,,,
ocd-division/country:gb/part:eng/ward:e05001314,Pleck,,,,
ocd-division/country:gb/part:eng/ward:e05001315,Rushall-Shelfield,,,,
ocd-division/country:gb/part:eng/ward:e05001316,St Matthew's,,,,
ocd-division/country:gb/part:eng/ward:e05001317,Short Heath,,,,
ocd-division/country:gb/part:eng/ward:e05001318,Streetly,,,,
ocd-division/country:gb/part:eng/ward:e05001319,Willenhall North,,,,
ocd-division/country:gb/part:eng/ward:e05001320,Willenhall South,,,,
ocd-division/country:gb/part:eng/ward:e05001341,Baildon,,,,
ocd-division/country:gb/part:eng/ward:e05001342,Bingley,,,,
ocd-division/country:gb/part:eng/ward:e05001343,Bingley Rural,,,,
ocd-division/country:gb/part:eng/ward:e05001344,Bolton and Undercliffe,,,,
ocd-division/country:gb/part:eng/ward:e05001345,Bowling and Barkerend,,,,
ocd-division/country:gb/part:eng/ward:e05001346,Bradford Moor,,,,
ocd-division/country:gb/part:eng/ward:e05001347,City,,,,
ocd-division/country:gb/part:eng/ward:e05001348,Clayton and Fairweather Green,,,,
ocd-division/country:gb/part:eng/ward:e05001349,Craven,,,,
ocd-division/country:gb/part:eng/ward:e05001350,Eccleshill,,,,
ocd-division/country:gb/part:eng/ward:e05001351,Great Horton,,,,
ocd-division/country:gb/part:eng/ward:e05001352,Heaton,,,,
ocd-division/country:gb/part:eng/ward:e05001353,Idle and Thackley,,,,
ocd-division/country:gb/part:eng/ward:e05001354,Ilkley,,,,
ocd-division/country:gb/part:eng/ward:e05001355,Keighley Central,,,,
ocd-division/country:gb/part:eng/ward:e05001356,Keighley East,,,,
ocd-division/country:gb/part:eng/ward:e05001357,Keighley West,,,,
ocd-division/country:gb/part:eng/ward:e05001358,Little Horton,,,,
ocd-division/country:gb/part:eng/ward:e05001359,Manningham,,,,
ocd-division/country:gb/part:eng/ward:e05001360,Queensbury,,,,
ocd-division/country:gb/part:eng/ward:e05001361,Royds,,,,
ocd-division/country:gb/part:eng/ward:e05001362,Shipley,,,,
ocd-division/country:gb/part:eng/ward:e05001363,Thornton and Allerton,,,,
ocd-division/country:gb/part:eng/ward:e05001364,Toller,,,,
ocd-division/country:gb/part:eng/ward:e05001365,Tong,,,,
ocd-division/country:gb/part:eng/ward:e05001366,Wharfedale,,,,
ocd-division/country:gb/part:eng/ward:e05001367,Wibsey,,,,
ocd-division/country:gb/part:eng/ward:e05001368,Windhill and Wrose,,,,
ocd-division/country:gb/part:eng/ward:e05001369,Worth Valley,,,,
ocd-division/country:gb/part:eng/ward:e05001370,Wyke,,,,
ocd-division/country:gb/part:eng/ward:e05001371,Brighouse,,,,
ocd-division/country:gb/part:eng/ward:e05001372,Calder,,,,
ocd-division/country:gb/part:eng/ward:e05001373,Elland,,,,
ocd-division/country:gb/part:eng/ward:e05001374,Greetland and Stainland,,,,
ocd-division/country:gb/part:eng/ward:e05001375,Hipperholme and Lightcliffe,,,,
ocd-division/country:gb/part:eng/ward:e05001376,Illingworth and Mixenden,,,,
ocd-division/country:gb/part:eng/ward:e05001377,Luddendenfoot,,,,
ocd-division/country:gb/part:eng/ward:e05001378,Northowram and Shelf,,,,
ocd-division/country:gb/part:eng/ward:e05001379,Ovenden,,,,
ocd-division/country:gb/part:eng/ward:e05001380,Park,,,,
ocd-division/country:gb/part:eng/ward:e05001381,Rastrick,,,,
ocd-division/country:gb/part:eng/ward:e05001382,Ryburn,,,,
ocd-division/country:gb/part:eng/ward:e05001383,Skircoat,,,,
ocd-division/country:gb/part:eng/ward:e05001384,Sowerby Bridge,,,,
ocd-division/country:gb/part:eng/ward:e05001385,Todmorden,,,,
ocd-division/country:gb/part:eng/ward:e05001386,Town,,,,
ocd-division/country:gb/part:eng/ward:e05001387,Warley,,,,
ocd-division/country:gb/part:eng/ward:e05001389,Ashbrow,,,,
ocd-division/country:gb/part:eng/ward:e05001390,Batley East,,,,
ocd-division/country:gb/part:eng/ward:e05001391,Batley West,,,,
ocd-division/country:gb/part:eng/ward:e05001392,Birstall and Birkenshaw,,,,
ocd-division/country:gb/part:eng/ward:e05001393,Cleckheaton,,,,
ocd-division/country:gb/part:eng/ward:e05001396,Dalton,,,,
ocd-division/country:gb/part:eng/ward:e05001397,Denby Dale,,,,
ocd-division/country:gb/part:eng/ward:e05001398,Dewsbury East,,,,
ocd-division/country:gb/part:eng/ward:e05001399,Dewsbury South,,,,
ocd-division/country:gb/part:eng/ward:e05001400,Dewsbury West,,,,
ocd-division/country:gb/part:eng/ward:e05001401,Golcar,,,,
ocd-division/country:gb/part:eng/ward:e05001402,Greenhead,,,,
ocd-division/country:gb/part:eng/ward:e05001403,Heckmondwike,,,,
ocd-division/country:gb/part:eng/ward:e05001405,Holme Valley South,,,,
ocd-division/country:gb/part:eng/ward:e05001407,Lindley,,,,
ocd-division/country:gb/part:eng/ward:e05001408,Liversedge and Gomersal,,,,
ocd-division/country:gb/part:eng/ward:e05001409,Mirfield,,,,
ocd-division/country:gb/part:eng/ward:e05001410,Newsome,,,,
ocd-division/country:gb/part:eng/ward:e05001444,"Ackworth, North Elmsall and Upton",,,,
ocd-division/country:gb/part:eng/ward:e05001445,Airedale and Ferry Fryston,,,,
ocd-division/country:gb/part:eng/ward:e05001446,Altofts and Whitwood,,,,
ocd-division/country:gb/part:eng/ward:e05001447,Castleford Central and Glasshoughton,,,,
ocd-division/country:gb/part:eng/ward:e05001448,"Crofton, Ryhill and Walton",,,,
ocd-division/country:gb/part:eng/ward:e05001449,Featherstone,,,,
ocd-division/country:gb/part:eng/ward:e05001450,Hemsworth,,,,
ocd-division/country:gb/part:eng/ward:e05001451,Horbury and South Ossett,,,,
ocd-division/country:gb/part:eng/ward:e05001452,Knottingley,,,,
ocd-division/country:gb/part:eng/ward:e05001453,Normanton,,,,
ocd-division/country:gb/part:eng/ward:e05001454,Ossett,,,,
ocd-division/country:gb/part:eng/ward:e05001455,Pontefract North,,,,
ocd-division/country:gb/part:eng/ward:e05001456,Pontefract South,,,,
ocd-division/country:gb/part:eng/ward:e05001457,South Elmsall and South Kirkby,,,,
ocd-division/country:gb/part:eng/ward:e05001458,Stanley and Outwood East,,,,
ocd-division/country:gb/part:eng/ward:e05001459,Wakefield East,,,,
ocd-division/country:gb/part:eng/ward:e05001460,Wakefield North,,,,
ocd-division/country:gb/part:eng/ward:e05001461,Wakefield Rural,,,,
ocd-division/country:gb/part:eng/ward:e05001462,Wakefield South,,,,
ocd-division/country:gb/part:eng/ward:e05001463,Wakefield West,,,,
ocd-division/country:gb/part:eng/ward:e05001464,Wrenthorpe and Outwood West,,,,
ocd-division/country:gb/part:eng/ward:e05001687,Beverley Rural,,,,
ocd-division/country:gb/part:eng/ward:e05001688,Bridlington Central and Old Town,,,,
ocd-division/country:gb/part:eng/ward:e05001689,Bridlington North,,,,
ocd-division/country:gb/part:eng/ward:e05001690,Bridlington South,,,,
ocd-division/country:gb/part:eng/ward:e05001691,Cottingham North,,,,
ocd-division/country:gb/part:eng/ward:e05001692,Cottingham South,,,,
ocd-division/country:gb/part:eng/ward:e05001693,Dale,,,,
ocd-division/country:gb/part:eng/ward:e05001694,Driffield and Rural,,,,
ocd-division/country:gb/part:eng/ward:e05001695,East Wolds and Coastal,,,,
ocd-division/country:gb/part:eng/ward:e05001696,Goole North,,,,
ocd-division/country:gb/part:eng/ward:e05001697,Goole South,,,,
ocd-division/country:gb/part:eng/ward:e05001698,Hessle,,,,
ocd-division/country:gb/part:eng/ward:e05001699,Howden,,,,
ocd-division/country:gb/part:eng/ward:e05001700,Howdenshire,,,,
ocd-division/country:gb/part:eng/ward:e05001701,Mid Holderness,,,,
ocd-division/country:gb/part:eng/ward:e05001702,Minster and Woodmansey,,,,
ocd-division/country:gb/part:eng/ward:e05001703,North Holderness,,,,
ocd-division/country:gb/part:eng/ward:e05001705,St Mary's,,,,
ocd-division/country:gb/part:eng/ward:e05001706,"Snaith, Airmyn, Rawcliffe and Marshland",,,,
ocd-division/country:gb/part:eng/ward:e05001707,South East Holderness,,,,
ocd-division/country:gb/part:eng/ward:e05001708,South Hunsley,,,,
ocd-division/country:gb/part:eng/ward:e05001709,South West Holderness,,,,
ocd-division/country:gb/part:eng/ward:e05001710,Tranby,,,,
ocd-division/country:gb/part:eng/ward:e05001711,Willerby and Kirk Ella,,,,
ocd-division/country:gb/part:eng/ward:e05001713,Croft Baker,,,,
ocd-division/country:gb/part:eng/ward:e05001714,East Marsh,,,,
ocd-division/country:gb/part:eng/ward:e05001715,Freshney,,,,
ocd-division/country:gb/part:eng/ward:e05001716,Haverstoe,,,,
ocd-division/country:gb/part:eng/ward:e05001717,Heneage,,,,
ocd-division/country:gb/part:eng/ward:e05001718,Humberston and New Waltham,,,,
ocd-division/country:gb/part:eng/ward:e05001719,Immingham,,,,
ocd-division/country:gb/part:eng/ward:e05001720,Park,,,,
ocd-division/country:gb/part:eng/ward:e05001721,Scartho,,,,
ocd-division/country:gb/part:eng/ward:e05001722,Sidney Sussex,,,,
ocd-division/country:gb/part:eng/ward:e05001723,South,,,,
ocd-division/country:gb/part:eng/ward:e05001724,Waltham,,,,
ocd-division/country:gb/part:eng/ward:e05001725,West Marsh,,,,
ocd-division/country:gb/part:eng/ward:e05001726,Wolds,,,,
ocd-division/country:gb/part:eng/ward:e05001727,Yarborough,,,,
ocd-division/country:gb/part:eng/ward:e05002078,Budshead,,,,
ocd-division/country:gb/part:eng/ward:e05002079,Compton,,,,
ocd-division/country:gb/part:eng/ward:e05002080,Devonport,,,,
ocd-division/country:gb/part:eng/ward:e05002081,Drake,,,,
ocd-division/country:gb/part:eng/ward:e05002082,Efford and Lipson,,,,
ocd-division/country:gb/part:eng/ward:e05002083,Eggbuckland,,,,
ocd-division/country:gb/part:eng/ward:e05002084,Ham,,,,
ocd-division/country:gb/part:eng/ward:e05002085,Honicknowle,,,,
ocd-division/country:gb/part:eng/ward:e05002086,Moor View,,,,
ocd-division/country:gb/part:eng/ward:e05002087,Peverell,,,,
ocd-division/country:gb/part:eng/ward:e05002088,Plympton Chaddlewood,,,,
ocd-division/country:gb/part:eng/ward:e05002089,Plympton Erle,,,,
ocd-division/country:gb/part:eng/ward:e05002090,Plympton St Mary,,,,
ocd-division/country:gb/part:eng/ward:e05002091,Plymstock Dunstone,,,,
ocd-division/country:gb/part:eng/ward:e05002092,Plymstock Radford,,,,
ocd-division/country:gb/part:eng/ward:e05002093,St Budeaux,,,,
ocd-division/country:gb/part:eng/ward:e05002094,St Peter and the Waterfront,,,,
ocd-division/country:gb/part:eng/ward:e05002095,Southway,,,,
ocd-division/country:gb/part:eng/ward:e05002096,Stoke,,,,
ocd-division/country:gb/part:eng/ward:e05002097,Sutton and Mount Gould,,,,
ocd-division/country:gb/part:eng/ward:e05002212,Belfairs,,,,
ocd-division/country:gb/part:eng/ward:e05002213,Blenheim Park,,,,
ocd-division/country:gb/part:eng/ward:e05002214,Chalkwell,,,,
ocd-division/country:gb/part:eng/ward:e05002215,Eastwood Park,,,,
ocd-division/country:gb/part:eng/ward:e05002216,Kursaal,,,,
ocd-division/country:gb/part:eng/ward:e05002217,Leigh,,,,
ocd-division/country:gb/part:eng/ward:e05002218,Milton,,,,
ocd-division/country:gb/part:eng/ward:e05002219,Prittlewell,,,,
ocd-division/country:gb/part:eng/ward:e05002220,St Laurence,,,,
ocd-division/country:gb/part:eng/ward:e05002221,St. Luke's,,,,
ocd-division/country:gb/part:eng/ward:e05002222,Shoeburyness,,,,
ocd-division/country:gb/part:eng/ward:e05002223,Southchurch,,,,
ocd-division/country:gb/part:eng/ward:e05002224,Thorpe,,,,
ocd-division/country:gb/part:eng/ward:e05002225,Victoria,,,,
ocd-division/country:gb/part:eng/ward:e05002226,Westborough,,,,
ocd-division/country:gb/part:eng/ward:e05002227,West Leigh,,,,
ocd-division/country:gb/part:eng/ward:e05002228,West Shoebury,,,,
ocd-division/country:gb/part:eng/ward:e05002229,Aveley and Uplands,,,,
ocd-division/country:gb/part:eng/ward:e05002230,Belhus,,,,
ocd-division/country:gb/part:eng/ward:e05002231,Chadwell St Mary,,,,
ocd-division/country:gb/part:eng/ward:e05002232,Chafford and North Stifford,,,,
ocd-division/country:gb/part:eng/ward:e05002233,Corringham and Fobbing,,,,
ocd-division/country:gb/part:eng/ward:e05002234,East Tilbury,,,,
ocd-division/country:gb/part:eng/ward:e05002235,Grays Riverside,,,,
ocd-division/country:gb/part:eng/ward:e05002236,Grays Thurrock,,,,
ocd-division/country:gb/part:eng/ward:e05002237,Little Thurrock Blackshots,,,,
ocd-division/country:gb/part:eng/ward:e05002238,Little Thurrock Rectory,,,,
ocd-division/country:gb/part:eng/ward:e05002239,Ockendon,,,,
ocd-division/country:gb/part:eng/ward:e05002240,Orsett,,,,
ocd-division/country:gb/part:eng/ward:e05002241,South Chafford,,,,
ocd-division/country:gb/part:eng/ward:e05002242,Stanford East and Corringham Town,,,,
ocd-division/country:gb/part:eng/ward:e05002243,Stanford-le-Hope West,,,,
ocd-division/country:gb/part:eng/ward:e05002244,Stifford Clays,,,,
ocd-division/country:gb/part:eng/ward:e05002245,The Homesteads,,,,
ocd-division/country:gb/part:eng/ward:e05002246,Tilbury Riverside and Thurrock Park,,,,
ocd-division/country:gb/part:eng/ward:e05002247,Tilbury St Chads,,,,
ocd-division/country:gb/part:eng/ward:e05002248,West Thurrock and South Stifford,,,,
ocd-division/country:gb/part:eng/ward:e05002441,Baffins,,,,
ocd-division/country:gb/part:eng/ward:e05002442,Central Southsea,,,,
ocd-division/country:gb/part:eng/ward:e05002443,Charles Dickens,,,,
ocd-division/country:gb/part:eng/ward:e05002444,Copnor,,,,
ocd-division/country:gb/part:eng/ward:e05002445,Cosham,,,,
ocd-division/country:gb/part:eng/ward:e05002446,Drayton and Farlington,,,,
ocd-division/country:gb/part:eng/ward:e05002447,Eastney and Craneswater,,,,
ocd-division/country:gb/part:eng/ward:e05002448,Fratton,,,,
ocd-division/country:gb/part:eng/ward:e05002449,Hilsea,,,,
ocd-division/country:gb/part:eng/ward:e05002450,Milton,,,,
ocd-division/country:gb/part:eng/ward:e05002451,Nelson,,,,
ocd-division/country:gb/part:eng/ward:e05002452,Paulsgrove,,,,
ocd-division/country:gb/part:eng/ward:e05002453,St Jude,,,,
ocd-division/country:gb/part:eng/ward:e05002454,St Thomas,,,,
ocd-division/country:gb/part:eng/ward:e05004096,Bicknacre and East and West Hanningfield,,,,
ocd-division/country:gb/part:eng/ward:e05004097,Boreham and The Leighs,,,,
ocd-division/country:gb/part:eng/ward:e05004098,Broomfield and The Walthams,,,,
ocd-division/country:gb/part:eng/ward:e05004099,Chelmer Village and Beaulieu Park,,,,
ocd-division/country:gb/part:eng/ward:e05004100,Chelmsford Rural West,,,,
ocd-division/country:gb/part:eng/ward:e05004101,Galleywood,,,,
ocd-division/country:gb/part:eng/ward:e05004105,"Little Baddow, Danbury and Sandon",,,,
ocd-division/country:gb/part:eng/ward:e05004106,Marconi,,,,
ocd-division/country:gb/part:eng/ward:e05004108,Moulsham Lodge,,,,
ocd-division/country:gb/part:eng/ward:e05004109,Patching Hall,,,,
ocd-division/country:gb/part:eng/ward:e05004110,Rettendon and Runwell,,,,
ocd-division/country:gb/part:eng/ward:e05004111,St Andrews,,,,
ocd-division/country:gb/part:eng/ward:e05004112,"South Hanningfield, Stock and Margaretting",,,,
ocd-division/country:gb/part:eng/ward:e05004113,South Woodham-Chetwood and Collingwood,,,,
ocd-division/country:gb/part:eng/ward:e05004114,South Woodham-Elmwood and Woodville,,,,
ocd-division/country:gb/part:eng/ward:e05004115,Springfield North,,,,
ocd-division/country:gb/part:eng/ward:e05004116,The Lawns,,,,
ocd-division/country:gb/part:eng/ward:e05004117,Trinity,,,,
ocd-division/country:gb/part:eng/ward:e05004118,Waterhouse Farm,,,,
ocd-division/country:gb/part:eng/ward:e05004119,Writtle,,,,
ocd-division/country:gb/part:eng/ward:e05004190,Althorne,,,,
ocd-division/country:gb/part:eng/ward:e05004191,Burnham-on-Crouch North,,,,
ocd-division/country:gb/part:eng/ward:e05004192,Burnham-on-Crouch South,,,,
ocd-division/country:gb/part:eng/ward:e05004193,Great Totham,,,,
ocd-division/country:gb/part:eng/ward:e05004194,Heybridge East,,,,
ocd-division/country:gb/part:eng/ward:e05004195,Heybridge West,,,,
ocd-division/country:gb/part:eng/ward:e05004196,Maldon East,,,,
ocd-division/country:gb/part:eng/ward:e05004197,Maldon North,,,,
ocd-division/country:gb/part:eng/ward:e05004198,Maldon South,,,,
ocd-division/country:gb/part:eng/ward:e05004199,Maldon West,,,,
ocd-division/country:gb/part:eng/ward:e05004200,Mayland,,,,
ocd-division/country:gb/part:eng/ward:e05004201,Purleigh,,,,
ocd-division/country:gb/part:eng/ward:e05004202,Southminster,,,,
ocd-division/country:gb/part:eng/ward:e05004203,Tillingham,,,,
ocd-division/country:gb/part:eng/ward:e05004204,Tollesbury,,,,
ocd-division/country:gb/part:eng/ward:e05004205,Tolleshunt D'Arcy,,,,
ocd-division/country:gb/part:eng/ward:e05004206,Wickham Bishops and Woodham,,,,
ocd-division/country:gb/part:eng/ward:e05004691,Adeyfield East,,,,
ocd-division/country:gb/part:eng/ward:e05004692,Adeyfield West,,,,
ocd-division/country:gb/part:eng/ward:e05004693,Aldbury and Wigginton,,,,
ocd-division/country:gb/part:eng/ward:e05004694,Apsley and Corner Hall,,,,
ocd-division/country:gb/part:eng/ward:e05004695,Ashridge,,,,
ocd-division/country:gb/part:eng/ward:e05004696,Bennetts End,,,,
ocd-division/country:gb/part:eng/ward:e05004697,Berkhamsted Castle,,,,
ocd-division/country:gb/part:eng/ward:e05004698,Berkhamsted East,,,,
ocd-division/country:gb/part:eng/ward:e05004699,Berkhamsted West,,,,
ocd-division/country:gb/part:eng/ward:e05004700,"Bovingdon, Flaunden and Chipperfield",,,,
ocd-division/country:gb/part:eng/ward:e05004701,Boxmoor,,,,
ocd-division/country:gb/part:eng/ward:e05004702,Chaulden and Warners End,,,,
ocd-division/country:gb/part:eng/ward:e05004703,Gadebridge,,,,
ocd-division/country:gb/part:eng/ward:e05004704,Grovehill,,,,
ocd-division/country:gb/part:eng/ward:e05004705,Hemel Hempstead Town,,,,
ocd-division/country:gb/part:eng/ward:e05004706,Highfield,,,,
ocd-division/country:gb/part:eng/ward:e05004707,Kings Langley,,,,
ocd-division/country:gb/part:eng/ward:e05004708,Leverstock Green,,,,
ocd-division/country:gb/part:eng/ward:e05004709,Nash Mills,,,,
ocd-division/country:gb/part:eng/ward:e05004710,Northchurch,,,,
ocd-division/country:gb/part:eng/ward:e05004711,Tring Central,,,,
ocd-division/country:gb/part:eng/ward:e05004712,Tring East,,,,
ocd-division/country:gb/part:eng/ward:e05004713,Tring West and Rural,,,,
ocd-division/country:gb/part:eng/ward:e05004714,Watling,,,,
ocd-division/country:gb/part:eng/ward:e05004715,Woodhall Farm,,,,
ocd-division/country:gb/part:eng/ward:e05005010,Cowden and Hever,,,,
ocd-division/country:gb/part:eng/ward:e05005011,Crockenhill and Well Hill,,,,
ocd-division/country:gb/part:eng/ward:e05005012,Dunton Green and Riverhead,,,,
ocd-division/country:gb/part:eng/ward:e05005013,Edenbridge North and East,,,,
ocd-division/country:gb/part:eng/ward:e05005014,Edenbridge South and West,,,,
ocd-division/country:gb/part:eng/ward:e05005016,"Farningham, Horton Kirby and South Darenth",,,,
ocd-division/country:gb/part:eng/ward:e05005017,Fawkham and West Kingsdown,,,,
ocd-division/country:gb/part:eng/ward:e05005018,"Halstead, Knockholt and Badgers Mount",,,,
ocd-division/country:gb/part:eng/ward:e05005021,Kemsing,,,,
ocd-division/country:gb/part:eng/ward:e05005026,Sevenoaks Eastern,,,,
ocd-division/country:gb/part:eng/ward:e05005027,Sevenoaks Kippington,,,,
ocd-division/country:gb/part:eng/ward:e05005028,Sevenoaks Northern,,,,
ocd-division/country:gb/part:eng/ward:e05005029,Sevenoaks Town and St John's,,,,
ocd-division/country:gb/part:eng/ward:e05005031,Swanley St Mary's,,,,
ocd-division/country:gb/part:eng/ward:e05005032,Swanley White Oak,,,,
ocd-division/country:gb/part:eng/ward:e05005081,Beacon Road,,,,
ocd-division/country:gb/part:eng/ward:e05005082,Birchington North,,,,
ocd-division/country:gb/part:eng/ward:e05005083,Birchington South,,,,
ocd-division/country:gb/part:eng/ward:e05005084,Bradstowe,,,,
ocd-division/country:gb/part:eng/ward:e05005085,Central Harbour,,,,
ocd-division/country:gb/part:eng/ward:e05005086,Cliffsend and Pegwell,,,,
ocd-division/country:gb/part:eng/ward:e05005087,Cliftonville East,,,,
ocd-division/country:gb/part:eng/ward:e05005088,Cliftonville West,,,,
ocd-division/country:gb/part:eng/ward:e05005089,Dane Valley,,,,
ocd-division/country:gb/part:eng/ward:e05005090,Eastcliff,,,,
ocd-division/country:gb/part:eng/ward:e05005091,Garlinge,,,,
ocd-division/country:gb/part:eng/ward:e05005092,Kingsgate,,,,
ocd-division/country:gb/part:eng/ward:e05005093,Margate Central,,,,
ocd-division/country:gb/part:eng/ward:e05005094,Nethercourt,,,,
ocd-division/country:gb/part:eng/ward:e05005095,Newington,,,,
ocd-division/country:gb/part:eng/ward:e05005096,Northwood,,,,
ocd-division/country:gb/part:eng/ward:e05005097,St Peters,,,,
ocd-division/country:gb/part:eng/ward:e05005098,Salmestone,,,,
ocd-division/country:gb/part:eng/ward:e05005099,Sir Moses Montefiore,,,,
ocd-division/country:gb/part:eng/ward:e05005100,Thanet Villages,,,,
ocd-division/country:gb/part:eng/ward:e05005101,Viking,,,,
ocd-division/country:gb/part:eng/ward:e05005102,Westbrook,,,,
ocd-division/country:gb/part:eng/ward:e05005103,Westgate-on-Sea,,,,
ocd-division/country:gb/part:eng/ward:e05005150,Bank Hall,,,,
ocd-division/country:gb/part:eng/ward:e05005151,Briercliffe,,,,
ocd-division/country:gb/part:eng/ward:e05005152,Brunshaw,,,,
ocd-division/country:gb/part:eng/ward:e05005153,Cliviger with Worsthorne,,,,
ocd-division/country:gb/part:eng/ward:e05005154,Coal Clough with Deerplay,,,,
ocd-division/country:gb/part:eng/ward:e05005155,Daneshouse with Stoneyholme,,,,
ocd-division/country:gb/part:eng/ward:e05005156,Gannow,,,,
ocd-division/country:gb/part:eng/ward:e05005157,Gawthorpe,,,,
ocd-division/country:gb/part:eng/ward:e05005158,Hapton with Park,,,,
ocd-division/country:gb/part:eng/ward:e05005159,Lanehead,,,,
ocd-division/country:gb/part:eng/ward:e05005160,Queensgate,,,,
ocd-division/country:gb/part:eng/ward:e05005161,Rosegrove with Lowerhouse,,,,
ocd-division/country:gb/part:eng/ward:e05005162,Rosehill with Burnley Wood,,,,
ocd-division/country:gb/part:eng/ward:e05005163,Trinity,,,,
ocd-division/country:gb/part:eng/ward:e05005164,Whittlefield with Ightenhill,,,,
ocd-division/country:gb/part:eng/ward:e05005206,Altham,,,,
ocd-division/country:gb/part:eng/ward:e05005207,Barnfield,,,,
ocd-division/country:gb/part:eng/ward:e05005208,Baxenden,,,,
ocd-division/country:gb/part:eng/ward:e05005209,Central,,,,
ocd-division/country:gb/part:eng/ward:e05005210,Church,,,,
ocd-division/country:gb/part:eng/ward:e05005211,Clayton-le-Moors,,,,
ocd-division/country:gb/part:eng/ward:e05005212,Huncoat,,,,
ocd-division/country:gb/part:eng/ward:e05005213,Immanuel,,,,
ocd-division/country:gb/part:eng/ward:e05005214,Milnshaw,,,,
ocd-division/country:gb/part:eng/ward:e05005215,Netherton,,,,
ocd-division/country:gb/part:eng/ward:e05005216,Overton,,,,
ocd-division/country:gb/part:eng/ward:e05005217,Peel,,,,
ocd-division/country:gb/part:eng/ward:e05005218,Rishton,,,,
ocd-division/country:gb/part:eng/ward:e05005219,St Andrew's,,,,
ocd-division/country:gb/part:eng/ward:e05005220,St Oswald's,,,,
ocd-division/country:gb/part:eng/ward:e05005221,Spring Hill,,,,
ocd-division/country:gb/part:eng/ward:e05005479,Ambien,,,,
ocd-division/country:gb/part:eng/ward:e05005480,"Barlestone, Nailstone and Osbaston",,,,
ocd-division/country:gb/part:eng/ward:e05005481,Barwell,,,,
ocd-division/country:gb/part:eng/ward:e05005482,Burbage St Catherines and Lash Hill,,,,
ocd-division/country:gb/part:eng/ward:e05005483,Burbage Sketchley and Stretton,,,,
ocd-division/country:gb/part:eng/ward:e05005484,"Cadeby, Carlton and Market Bosworth with Shackerstone",,,,
ocd-division/country:gb/part:eng/ward:e05005485,Earl Shilton,,,,
ocd-division/country:gb/part:eng/ward:e05005486,Groby,,,,
ocd-division/country:gb/part:eng/ward:e05005487,Hinckley Castle,,,,
ocd-division/country:gb/part:eng/ward:e05005488,Hinckley Clarendon,,,,
ocd-division/country:gb/part:eng/ward:e05005489,Hinckley De Montfort,,,,
ocd-division/country:gb/part:eng/ward:e05005490,Hinckley Trinity,,,,
ocd-division/country:gb/part:eng/ward:e05005491,"Markfield, Stanton and Fieldhead",,,,
ocd-division/country:gb/part:eng/ward:e05005492,Newbold Verdon with Desford and Peckleton,,,,
ocd-division/country:gb/part:eng/ward:e05005493,"Ratby, Bagworth and Thornton",,,,
ocd-division/country:gb/part:eng/ward:e05005494,Twycross and Witherley with Sheepy,,,,
ocd-division/country:gb/part:eng/ward:e05005495,Asfordby,,,,
ocd-division/country:gb/part:eng/ward:e05005496,Bottesford,,,,
ocd-division/country:gb/part:eng/ward:e05005497,Croxton Kerrial,,,,
ocd-division/country:gb/part:eng/ward:e05005498,Frisby-on-the-Wreake,,,,
ocd-division/country:gb/part:eng/ward:e05005499,Gaddesby,,,,
ocd-division/country:gb/part:eng/ward:e05005500,Long Clawson and Stathern,,,,
ocd-division/country:gb/part:eng/ward:e05005501,Melton Craven,,,,
ocd-division/country:gb/part:eng/ward:e05005502,Melton Dorian,,,,
ocd-division/country:gb/part:eng/ward:e05005503,Melton Egerton,,,,
ocd-division/country:gb/part:eng/ward:e05005504,Melton Newport,,,,
ocd-division/country:gb/part:eng/ward:e05005505,Melton Sysonby,,,,
ocd-division/country:gb/part:eng/ward:e05005506,Melton Warwick,,,,
ocd-division/country:gb/part:eng/ward:e05005507,Old Dalby,,,,
ocd-division/country:gb/part:eng/ward:e05005508,Somerby,,,,
ocd-division/country:gb/part:eng/ward:e05005509,Waltham-on-the-Wolds,,,,
ocd-division/country:gb/part:eng/ward:e05005510,Wymondham,,,,
ocd-division/country:gb/part:eng/ward:e05005531,Oadby Brocks Hill,,,,
ocd-division/country:gb/part:eng/ward:e05005532,Oadby Grange,,,,
ocd-division/country:gb/part:eng/ward:e05005533,Oadby St Peter's,,,,
ocd-division/country:gb/part:eng/ward:e05005534,Oadby Uplands,,,,
ocd-division/country:gb/part:eng/ward:e05005535,Oadby Woodlands,,,,
ocd-division/country:gb/part:eng/ward:e05005536,South Wigston,,,,
ocd-division/country:gb/part:eng/ward:e05005537,Wigston All Saints,,,,
ocd-division/country:gb/part:eng/ward:e05005538,Wigston Fields,,,,
ocd-division/country:gb/part:eng/ward:e05005539,Wigston Meadowcourt,,,,
ocd-division/country:gb/part:eng/ward:e05005540,Wigston St Wolstan's,,,,
ocd-division/country:gb/part:eng/ward:e05005644,Crowland and Deeping St Nicholas,,,,
ocd-division/country:gb/part:eng/ward:e05005645,"Donington, Quadring and Gosberton",,,,
ocd-division/country:gb/part:eng/ward:e05005646,Fleet,,,,
ocd-division/country:gb/part:eng/ward:e05005647,Gedney,,,,
ocd-division/country:gb/part:eng/ward:e05005648,Holbeach Hurn,,,,
ocd-division/country:gb/part:eng/ward:e05005649,Holbeach Town,,,,
ocd-division/country:gb/part:eng/ward:e05005650,Long Sutton,,,,
ocd-division/country:gb/part:eng/ward:e05005651,"Moulton, Weston and Cowbit",,,,
ocd-division/country:gb/part:eng/ward:e05005652,Pinchbeck and Surfleet,,,,
ocd-division/country:gb/part:eng/ward:e05005653,Spalding Castle,,,,
ocd-division/country:gb/part:eng/ward:e05005654,Spalding Monks House,,,,
ocd-division/country:gb/part:eng/ward:e05005655,Spalding St John's,,,,
ocd-division/country:gb/part:eng/ward:e05005656,Spalding St Mary's,,,,
ocd-division/country:gb/part:eng/ward:e05005657,Spalding St Paul's,,,,
ocd-division/country:gb/part:eng/ward:e05005658,Spalding Wygate,,,,
ocd-division/country:gb/part:eng/ward:e05005659,Sutton Bridge,,,,
ocd-division/country:gb/part:eng/ward:e05005660,The Saints,,,,
ocd-division/country:gb/part:eng/ward:e05005661,Whaplode and Holbeach St John's,,,,
ocd-division/country:gb/part:eng/ward:e05005757,Acle,,,,
ocd-division/country:gb/part:eng/ward:e05005758,Aylsham,,,,
ocd-division/country:gb/part:eng/ward:e05005759,Blofield with South Walsham,,,,
ocd-division/country:gb/part:eng/ward:e05005760,Brundall,,,,
ocd-division/country:gb/part:eng/ward:e05005761,Burlingham,,,,
ocd-division/country:gb/part:eng/ward:e05005762,Buxton,,,,
ocd-division/country:gb/part:eng/ward:e05005764,Drayton North,,,,
ocd-division/country:gb/part:eng/ward:e05005765,Drayton South,,,,
ocd-division/country:gb/part:eng/ward:e05005766,Eynesford,,,,
ocd-division/country:gb/part:eng/ward:e05005767,Great Witchingham,,,,
ocd-division/country:gb/part:eng/ward:e05005768,Hellesdon North West,,,,
ocd-division/country:gb/part:eng/ward:e05005769,Hellesdon South East,,,,
ocd-division/country:gb/part:eng/ward:e05005770,Hevingham,,,,
ocd-division/country:gb/part:eng/ward:e05005771,Horsford and Felthorpe,,,,
ocd-division/country:gb/part:eng/ward:e05005772,Marshes,,,,
ocd-division/country:gb/part:eng/ward:e05005773,Old Catton and Sprowston West,,,,
ocd-division/country:gb/part:eng/ward:e05005774,Plumstead,,,,
ocd-division/country:gb/part:eng/ward:e05005775,Reepham,,,,
ocd-division/country:gb/part:eng/ward:e05005777,Sprowston Central,,,,
ocd-division/country:gb/part:eng/ward:e05005778,Sprowston East,,,,
ocd-division/country:gb/part:eng/ward:e05005779,Taverham North,,,,
ocd-division/country:gb/part:eng/ward:e05005780,Taverham South,,,,
ocd-division/country:gb/part:eng/ward:e05005781,Thorpe St Andrew North West,,,,
ocd-division/country:gb/part:eng/ward:e05005782,Thorpe St Andrew South East,,,,
ocd-division/country:gb/part:eng/ward:e05005783,Wroxham,,,,
ocd-division/country:gb/part:eng/ward:e05005784,Bradwell North,,,,
ocd-division/country:gb/part:eng/ward:e05005785,Bradwell South and Hopton,,,,
ocd-division/country:gb/part:eng/ward:e05005786,Caister North,,,,
ocd-division/country:gb/part:eng/ward:e05005787,Caister South,,,,
ocd-division/country:gb/part:eng/ward:e05005788,Central and Northgate,,,,
ocd-division/country:gb/part:eng/ward:e05005789,Claydon,,,,
ocd-division/country:gb/part:eng/ward:e05005790,East Flegg,,,,
ocd-division/country:gb/part:eng/ward:e05005791,Fleggburgh,,,,
ocd-division/country:gb/part:eng/ward:e05005792,Gorleston,,,,
ocd-division/country:gb/part:eng/ward:e05005793,Lothingland,,,,
ocd-division/country:gb/part:eng/ward:e05005794,Magdalen,,,,
ocd-division/country:gb/part:eng/ward:e05005795,Nelson,,,,
ocd-division/country:gb/part:eng/ward:e05005796,Ormesby,,,,
ocd-division/country:gb/part:eng/ward:e05005797,St Andrews,,,,
ocd-division/country:gb/part:eng/ward:e05005798,Southtown and Cobholm,,,,
ocd-division/country:gb/part:eng/ward:e05005799,West Flegg,,,,
ocd-division/country:gb/part:eng/ward:e05005800,Yarmouth North,,,,
ocd-division/country:gb/part:eng/ward:e05006377,Beckingham,,,,
ocd-division/country:gb/part:eng/ward:e05006378,Blyth,,,,
ocd-division/country:gb/part:eng/ward:e05006380,Clayworth,,,,
ocd-division/country:gb/part:eng/ward:e05006381,East Markham,,,,
ocd-division/country:gb/part:eng/ward:e05006382,East Retford East,,,,
ocd-division/country:gb/part:eng/ward:e05006383,East Retford North,,,,
ocd-division/country:gb/part:eng/ward:e05006384,East Retford South,,,,
ocd-division/country:gb/part:eng/ward:e05006385,East Retford West,,,,
ocd-division/country:gb/part:eng/ward:e05006386,Everton,,,,
ocd-division/country:gb/part:eng/ward:e05006387,Harworth,,,,
ocd-division/country:gb/part:eng/ward:e05006388,Langold,,,,
ocd-division/country:gb/part:eng/ward:e05006389,Misterton,,,,
ocd-division/country:gb/part:eng/ward:e05006390,Rampton,,,,
ocd-division/country:gb/part:eng/ward:e05006391,Ranskill,,,,
ocd-division/country:gb/part:eng/ward:e05006392,Sturton,,,,
ocd-division/country:gb/part:eng/ward:e05006393,Sutton,,,,
ocd-division/country:gb/part:eng/ward:e05006394,Tuxford and Trent,,,,
ocd-division/country:gb/part:eng/ward:e05006395,Welbeck,,,,
ocd-division/country:gb/part:eng/ward:e05006396,Worksop East,,,,
ocd-division/country:gb/part:eng/ward:e05006397,Worksop North,,,,
ocd-division/country:gb/part:eng/ward:e05006399,Worksop North West,,,,
ocd-division/country:gb/part:eng/ward:e05006400,Worksop South,,,,
ocd-division/country:gb/part:eng/ward:e05006401,Worksop South East,,,,
ocd-division/country:gb/part:eng/ward:e05006627,Alvescot and Filkins,,,,
ocd-division/country:gb/part:eng/ward:e05006628,Ascott and Shipton,,,,
ocd-division/country:gb/part:eng/ward:e05006629,Bampton and Clanfield,,,,
ocd-division/country:gb/part:eng/ward:e05006632,Carterton North East,,,,
ocd-division/country:gb/part:eng/ward:e05006634,Carterton South,,,,
ocd-division/country:gb/part:eng/ward:e05006637,Chipping Norton,,,,
ocd-division/country:gb/part:eng/ward:e05006638,Ducklington,,,,
ocd-division/country:gb/part:eng/ward:e05006639,Eynsham and Cassington,,,,
ocd-division/country:gb/part:eng/ward:e05006640,Freeland and Hanborough,,,,
ocd-division/country:gb/part:eng/ward:e05006642,"Kingham, Rollright and Enstone",,,,
ocd-division/country:gb/part:eng/ward:e05006643,Milton-under-Wychwood,,,,
ocd-division/country:gb/part:eng/ward:e05006644,North Leigh,,,,
ocd-division/country:gb/part:eng/ward:e05006645,"Standlake, Aston and Stanton Harcourt",,,,
ocd-division/country:gb/part:eng/ward:e05006646,Stonesfield and Tackley,,,,
ocd-division/country:gb/part:eng/ward:e05006647,The Bartons,,,,
ocd-division/country:gb/part:eng/ward:e05006648,Witney Central,,,,
ocd-division/country:gb/part:eng/ward:e05006649,Witney East,,,,
ocd-division/country:gb/part:eng/ward:e05006650,Witney North,,,,
ocd-division/country:gb/part:eng/ward:e05006651,Witney South,,,,
ocd-division/country:gb/part:eng/ward:e05006652,Witney West,,,,
ocd-division/country:gb/part:eng/ward:e05006653,Woodstock and Bladon,,,,
ocd-division/country:gb/part:eng/ward:e05007039,Alton,,,,
ocd-division/country:gb/part:eng/ward:e05007040,Bagnall and Stanley,,,,
ocd-division/country:gb/part:eng/ward:e05007041,Biddulph East,,,,
ocd-division/country:gb/part:eng/ward:e05007042,Biddulph Moor,,,,
ocd-division/country:gb/part:eng/ward:e05007043,Biddulph North,,,,
ocd-division/country:gb/part:eng/ward:e05007044,Biddulph South,,,,
ocd-division/country:gb/part:eng/ward:e05007045,Biddulph West,,,,
ocd-division/country:gb/part:eng/ward:e05007046,Brown Edge and Endon,,,,
ocd-division/country:gb/part:eng/ward:e05007047,Caverswall,,,,
ocd-division/country:gb/part:eng/ward:e05007048,Cellarhead,,,,
ocd-division/country:gb/part:eng/ward:e05007049,Cheadle North East,,,,
ocd-division/country:gb/part:eng/ward:e05007050,Cheadle South East,,,,
ocd-division/country:gb/part:eng/ward:e05007051,Cheadle West,,,,
ocd-division/country:gb/part:eng/ward:e05007052,Checkley,,,,
ocd-division/country:gb/part:eng/ward:e05007053,Cheddleton,,,,
ocd-division/country:gb/part:eng/ward:e05007054,Churnet,,,,
ocd-division/country:gb/part:eng/ward:e05007055,Dane,,,,
ocd-division/country:gb/part:eng/ward:e05007056,Forsbrook,,,,
ocd-division/country:gb/part:eng/ward:e05007057,Hamps Valley,,,,
ocd-division/country:gb/part:eng/ward:e05007058,Horton,,,,
ocd-division/country:gb/part:eng/ward:e05007059,Ipstones,,,,
ocd-division/country:gb/part:eng/ward:e05007060,Leek East,,,,
ocd-division/country:gb/part:eng/ward:e05007061,Leek North,,,,
ocd-division/country:gb/part:eng/ward:e05007062,Leek South,,,,
ocd-division/country:gb/part:eng/ward:e05007063,Leek West,,,,
ocd-division/country:gb/part:eng/ward:e05007064,Manifold,,,,
ocd-division/country:gb/part:eng/ward:e05007065,Werrington,,,,
ocd-division/country:gb/part:eng/ward:e05007066,Amington,,,,
ocd-division/country:gb/part:eng/ward:e05007067,Belgrave,,,,
ocd-division/country:gb/part:eng/ward:e05007068,Bolehall,,,,
ocd-division/country:gb/part:eng/ward:e05007069,Castle,,,,
ocd-division/country:gb/part:eng/ward:e05007070,Glascote,,,,
ocd-division/country:gb/part:eng/ward:e05007071,Mercian,,,,
ocd-division/country:gb/part:eng/ward:e05007072,Spital,,,,
ocd-division/country:gb/part:eng/ward:e05007073,Stonydelph,,,,
ocd-division/country:gb/part:eng/ward:e05007074,Trinity,,,,
ocd-division/country:gb/part:eng/ward:e05007075,Wilnecote,,,,
ocd-division/country:gb/part:eng/ward:e05007117,Alexandra,,,,
ocd-division/country:gb/part:eng/ward:e05007118,Bixley,,,,
ocd-division/country:gb/part:eng/ward:e05007119,Bridge,,,,
ocd-division/country:gb/part:eng/ward:e05007120,Castle Hill,,,,
ocd-division/country:gb/part:eng/ward:e05007121,Gainsborough,,,,
ocd-division/country:gb/part:eng/ward:e05007122,Gipping,,,,
ocd-division/country:gb/part:eng/ward:e05007123,Holywells,,,,
ocd-division/country:gb/part:eng/ward:e05007124,Priory Heath,,,,
ocd-division/country:gb/part:eng/ward:e05007125,Rushmere,,,,
ocd-division/country:gb/part:eng/ward:e05007126,St John's,,,,
ocd-division/country:gb/part:eng/ward:e05007127,St Margaret's,,,,
ocd-division/country:gb/part:eng/ward:e05007128,Sprites,,,,
ocd-division/country:gb/part:eng/ward:e05007129,Stoke Park,,,,
ocd-division/country:gb/part:eng/ward:e05007130,Westgate,,,,
ocd-division/country:gb/part:eng/ward:e05007131,Whitehouse,,,,
ocd-division/country:gb/part:eng/ward:e05007132,Whitton,,,,
ocd-division/country:gb/part:eng/ward:e05007362,Ashford Common,,,,
ocd-division/country:gb/part:eng/ward:e05007363,Ashford East,,,,
ocd-division/country:gb/part:eng/ward:e05007364,Ashford North and Stanwell South,,,,
ocd-division/country:gb/part:eng/ward:e05007365,Ashford Town,,,,
ocd-division/country:gb/part:eng/ward:e05007366,Halliford and Sunbury West,,,,
ocd-division/country:gb/part:eng/ward:e05007367,Laleham and Shepperton Green,,,,
ocd-division/country:gb/part:eng/ward:e05007368,Riverside and Laleham,,,,
ocd-division/country:gb/part:eng/ward:e05007369,Shepperton Town,,,,
ocd-division/country:gb/part:eng/ward:e05007370,Staines,,,,
ocd-division/country:gb/part:eng/ward:e05007371,Staines South,,,,
ocd-division/country:gb/part:eng/ward:e05007372,Stanwell North,,,,
ocd-division/country:gb/part:eng/ward:e05007373,Sunbury Common,,,,
ocd-division/country:gb/part:eng/ward:e05007374,Sunbury East,,,,
ocd-division/country:gb/part:eng/ward:e05007457,Arley and Whitacre,,,,
ocd-division/country:gb/part:eng/ward:e05007458,Atherstone Central,,,,
ocd-division/country:gb/part:eng/ward:e05007459,Atherstone North,,,,
ocd-division/country:gb/part:eng/ward:e05007460,Atherstone South and Mancetter,,,,
ocd-division/country:gb/part:eng/ward:e05007461,Baddesley and Grendon,,,,
ocd-division/country:gb/part:eng/ward:e05007462,Coleshill North,,,,
ocd-division/country:gb/part:eng/ward:e05007463,Coleshill South,,,,
ocd-division/country:gb/part:eng/ward:e05007464,Curdworth,,,,
ocd-division/country:gb/part:eng/ward:e05007465,Dordon,,,,
ocd-division/country:gb/part:eng/ward:e05007466,Fillongley,,,,
ocd-division/country:gb/part:eng/ward:e05007467,Hartshill,,,,
ocd-division/country:gb/part:eng/ward:e05007468,Hurley and Wood End,,,,
ocd-division/country:gb/part:eng/ward:e05007469,Kingsbury,,,,
ocd-division/country:gb/part:eng/ward:e05007470,Newton Regis and Warton,,,,
ocd-division/country:gb/part:eng/ward:e05007471,Polesworth East,,,,
ocd-division/country:gb/part:eng/ward:e05007472,Polesworth West,,,,
ocd-division/country:gb/part:eng/ward:e05007473,Water Orton,,,,
ocd-division/country:gb/part:eng/ward:e05007562,Buckingham,,,,
ocd-division/country:gb/part:eng/ward:e05007563,Churchill,,,,
ocd-division/country:gb/part:eng/ward:e05007564,Cokeham,,,,
ocd-division/country:gb/part:eng/ward:e05007565,Eastbrook,,,,
ocd-division/country:gb/part:eng/ward:e05007566,Hillside,,,,
ocd-division/country:gb/part:eng/ward:e05007567,Manor,,,,
ocd-division/country:gb/part:eng/ward:e05007568,Marine,,,,
ocd-division/country:gb/part:eng/ward:e05007569,Mash Barn,,,,
ocd-division/country:gb/part:eng/ward:e05007570,Peverel,,,,
ocd-division/country:gb/part:eng/ward:e05007571,St Mary's,,,,
ocd-division/country:gb/part:eng/ward:e05007572,St Nicolas,,,,
ocd-division/country:gb/part:eng/ward:e05007573,Southlands,,,,
ocd-division/country:gb/part:eng/ward:e05007574,Southwick Green,,,,
ocd-division/country:gb/part:eng/ward:e05007575,Widewater,,,,
ocd-division/country:gb/part:eng/ward:e05007694,Broadwater,,,,
ocd-division/country:gb/part:eng/ward:e05007695,Castle,,,,
ocd-division/country:gb/part:eng/ward:e05007696,Central,,,,
ocd-division/country:gb/part:eng/ward:e05007697,Durrington,,,,
ocd-division/country:gb/part:eng/ward:e05007698,Gaisford,,,,
ocd-division/country:gb/part:eng/ward:e05007699,Goring,,,,
ocd-division/country:gb/part:eng/ward:e05007700,Heene,,,,
ocd-division/country:gb/part:eng/ward:e05007701,Marine,,,,
ocd-division/country:gb/part:eng/ward:e05007702,Northbrook,,,,
ocd-division/country:gb/part:eng/ward:e05007703,Offington,,,,
ocd-division/country:gb/part:eng/ward:e05007704,Salvington,,,,
ocd-division/country:gb/part:eng/ward:e05007705,Selden,,,,
ocd-division/country:gb/part:eng/ward:e05007706,Tarring,,,,
ocd-division/country:gb/part:eng/ward:e05008136,Abbey,,,,
ocd-division/country:gb/part:eng/ward:e05008137,Albrighton,,,,
ocd-division/country:gb/part:eng/ward:e05008138,Alveley and Claverley,,,,
ocd-division/country:gb/part:eng/ward:e05008139,Bagley,,,,
ocd-division/country:gb/part:eng/ward:e05008140,Battlefield,,,,
ocd-division/country:gb/part:eng/ward:e05008141,"Bayston Hill, Column and Sutton",,,,
ocd-division/country:gb/part:eng/ward:e05008142,Belle Vue,,,,
ocd-division/country:gb/part:eng/ward:e05008143,Bishop's Castle,,,,
ocd-division/country:gb/part:eng/ward:e05008144,Bowbrook,,,,
ocd-division/country:gb/part:eng/ward:e05008145,Bridgnorth East and Astley Abbotts,,,,
ocd-division/country:gb/part:eng/ward:e05008146,Bridgnorth West and Tasley,,,,
ocd-division/country:gb/part:eng/ward:e05008147,Broseley,,,,
ocd-division/country:gb/part:eng/ward:e05008148,Brown Clee,,,,
ocd-division/country:gb/part:eng/ward:e05008149,Burnell,,,,
ocd-division/country:gb/part:eng/ward:e05008150,Castlefields and Ditherington,,,,
ocd-division/country:gb/part:eng/ward:e05008151,Cheswardine,,,,
ocd-division/country:gb/part:eng/ward:e05008152,Chirbury and Worthen,,,,
ocd-division/country:gb/part:eng/ward:e05008153,Church Stretton and Craven Arms,,,,
ocd-division/country:gb/part:eng/ward:e05008154,Clee,,,,
ocd-division/country:gb/part:eng/ward:e05008155,Cleobury Mortimer,,,,
ocd-division/country:gb/part:eng/ward:e05008156,Clun,,,,
ocd-division/country:gb/part:eng/ward:e05008157,Copthorne,,,,
ocd-division/country:gb/part:eng/ward:e05008158,Corvedale,,,,
ocd-division/country:gb/part:eng/ward:e05008159,Ellesmere Urban,,,,
ocd-division/country:gb/part:eng/ward:e05008160,Harlescott,,,,
ocd-division/country:gb/part:eng/ward:e05008161,Highley,,,,
ocd-division/country:gb/part:eng/ward:e05008162,Hodnet,,,,
ocd-division/country:gb/part:eng/ward:e05008163,Llanymynech,,,,
ocd-division/country:gb/part:eng/ward:e05008164,Longden,,,,
ocd-division/country:gb/part:eng/ward:e05008165,Loton,,,,
ocd-division/country:gb/part:eng/ward:e05008166,Ludlow East,,,,
ocd-division/country:gb/part:eng/ward:e05008167,Ludlow North,,,,
ocd-division/country:gb/part:eng/ward:e05008168,Ludlow South,,,,
ocd-division/country:gb/part:eng/ward:e05008169,Market Drayton East,,,,
ocd-division/country:gb/part:eng/ward:e05008170,Market Drayton West,,,,
ocd-division/country:gb/part:eng/ward:e05008171,Meole,,,,
ocd-division/country:gb/part:eng/ward:e05008172,Rea Valley,,,,
ocd-division/country:gb/part:eng/ward:e05008173,Monkmoor,,,,
ocd-division/country:gb/part:eng/ward:e05008174,Much Wenlock,,,,
ocd-division/country:gb/part:eng/ward:e05008178,Porthill,,,,
ocd-division/country:gb/part:eng/ward:e05008179,Prees,,,,
ocd-division/country:gb/part:eng/ward:e05008180,Quarry and Coton Hill,,,,
ocd-division/country:gb/part:eng/ward:e05008181,Radbrook,,,,
ocd-division/country:gb/part:eng/ward:e05008183,St Martin's,,,,
ocd-division/country:gb/part:eng/ward:e05008186,Severn Valley,,,,
ocd-division/country:gb/part:eng/ward:e05008187,Shawbury,,,,
ocd-division/country:gb/part:eng/ward:e05008188,Shifnal North,,,,
ocd-division/country:gb/part:eng/ward:e05008189,Shifnal South and Cosford,,,,
ocd-division/country:gb/part:eng/ward:e05008190,Sundorne,,,,
ocd-division/country:gb/part:eng/ward:e05008191,Tern,,,,
ocd-division/country:gb/part:eng/ward:e05008192,The Meres,,,,
ocd-division/country:gb/part:eng/ward:e05008193,Underdale,,,,
ocd-division/country:gb/part:eng/ward:e05008194,Wem,,,,
ocd-division/country:gb/part:eng/ward:e05008195,Whitchurch North,,,,
ocd-division/country:gb/part:eng/ward:e05008196,Whitchurch South,,,,
ocd-division/country:gb/part:eng/ward:e05008198,Worfield,,,,
ocd-division/country:gb/part:eng/ward:e05008558,Almondbury,,,,
ocd-division/country:gb/part:eng/ward:e05008559,Colne Valley,,,,
ocd-division/country:gb/part:eng/ward:e05008560,Crosland Moor and Netherton,,,,
ocd-division/country:gb/part:eng/ward:e05008561,Holme Valley North,,,,
ocd-division/country:gb/part:eng/ward:e05008562,Kirkburton,,,,
ocd-division/country:gb/part:eng/ward:e05008610,Alderley Edge,,,,
ocd-division/country:gb/part:eng/ward:e05008611,Alsager,,,,
ocd-division/country:gb/part:eng/ward:e05008612,Audlem,,,,
ocd-division/country:gb/part:eng/ward:e05008613,Bollington,,,,
ocd-division/country:gb/part:eng/ward:e05008614,Brereton Rural,,,,
ocd-division/country:gb/part:eng/ward:e05008615,Broken Cross and Upton,,,,
ocd-division/country:gb/part:eng/ward:e05008616,Bunbury,,,,
ocd-division/country:gb/part:eng/ward:e05008617,Chelford,,,,
ocd-division/country:gb/part:eng/ward:e05008618,Congleton East,,,,
ocd-division/country:gb/part:eng/ward:e05008619,Congleton West,,,,
ocd-division/country:gb/part:eng/ward:e05008620,Crewe Central,,,,
ocd-division/country:gb/part:eng/ward:e05008621,Crewe East,,,,
ocd-division/country:gb/part:eng/ward:e05008622,Crewe North,,,,
ocd-division/country:gb/part:eng/ward:e05008623,Crewe St Barnabas,,,,
ocd-division/country:gb/part:eng/ward:e05008624,Crewe South,,,,
ocd-division/country:gb/part:eng/ward:e05008625,Crewe West,,,,
ocd-division/country:gb/part:eng/ward:e05008626,Dane Valley,,,,
ocd-division/country:gb/part:eng/ward:e05008627,Disley,,,,
ocd-division/country:gb/part:eng/ward:e05008628,Gawsworth,,,,
ocd-division/country:gb/part:eng/ward:e05008629,Handforth,,,,
ocd-division/country:gb/part:eng/ward:e05008630,Haslington,,,,
ocd-division/country:gb/part:eng/ward:e05008631,High Legh,,,,
ocd-division/country:gb/part:eng/ward:e05008632,Knutsford,,,,
ocd-division/country:gb/part:eng/ward:e05008633,Leighton,,,,
ocd-division/country:gb/part:eng/ward:e05008634,Macclesfield Central,,,,
ocd-division/country:gb/part:eng/ward:e05008635,Macclesfield East,,,,
ocd-division/country:gb/part:eng/ward:e05008636,Macclesfield Hurdsfield,,,,
ocd-division/country:gb/part:eng/ward:e05008637,Macclesfield South,,,,
ocd-division/country:gb/part:eng/ward:e05008638,Macclesfield Tytherington,,,,
ocd-division/country:gb/part:eng/ward:e05008639,Macclesfield West and Ivy,,,,
ocd-division/country:gb/part:eng/ward:e05008640,Middlewich,,,,
ocd-division/country:gb/part:eng/ward:e05008641,Mobberley,,,,
ocd-division/country:gb/part:eng/ward:e05008642,Nantwich North and West,,,,
ocd-division/country:gb/part:eng/ward:e05008643,Nantwich South and Stapeley,,,,
ocd-division/country:gb/part:eng/ward:e05008644,Odd Rode,,,,
ocd-division/country:gb/part:eng/ward:e05008645,Poynton East and Pott Shrigley,,,,
ocd-division/country:gb/part:eng/ward:e05008646,Poynton West and Adlington,,,,
ocd-division/country:gb/part:eng/ward:e05008647,Prestbury,,,,
ocd-division/country:gb/part:eng/ward:e05008648,Sandbach Elworth,,,,
ocd-division/country:gb/part:eng/ward:e05008649,Sandbach Ettiley Heath and Wheelock,,,,
ocd-division/country:gb/part:eng/ward:e05008650,Sandbach Heath and East,,,,
ocd-division/country:gb/part:eng/ward:e05008651,Sandbach Town,,,,
ocd-division/country:gb/part:eng/ward:e05008652,Shavington,,,,
ocd-division/country:gb/part:eng/ward:e05008653,Sutton,,,,
ocd-division/country:gb/part:eng/ward:e05008654,Willaston and Rope,,,,
ocd-division/country:gb/part:eng/ward:e05008655,Wilmslow Dean Row,,,,
ocd-division/country:gb/part:eng/ward:e05008656,Wilmslow East,,,,
ocd-division/country:gb/part:eng/ward:e05008657,Wilmslow Lacey Green,,,,
ocd-division/country:gb/part:eng/ward:e05008658,Wilmslow West and Chorley,,,,
ocd-division/country:gb/part:eng/ward:e05008659,Wistaston,,,,
ocd-division/country:gb/part:eng/ward:e05008660,Wrenbury,,,,
ocd-division/country:gb/part:eng/ward:e05008661,Wybunbury,,,,
ocd-division/country:gb/part:eng/ward:e05008809,Aston,,,,
ocd-division/country:gb/part:eng/ward:e05008810,Church Gresley,,,,
ocd-division/country:gb/part:eng/ward:e05008811,Etwall,,,,
ocd-division/country:gb/part:eng/ward:e05008812,Hatton,,,,
ocd-division/country:gb/part:eng/ward:e05008813,Hilton,,,,
ocd-division/country:gb/part:eng/ward:e05008814,Linton,,,,
ocd-division/country:gb/part:eng/ward:e05008815,Melbourne,,,,
ocd-division/country:gb/part:eng/ward:e05008816,Midway,,,,
ocd-division/country:gb/part:eng/ward:e05008817,Newhall and Stanton,,,,
ocd-division/country:gb/part:eng/ward:e05008818,Repton,,,,
ocd-division/country:gb/part:eng/ward:e05008819,Seales,,,,
ocd-division/country:gb/part:eng/ward:e05008820,Stenson,,,,
ocd-division/country:gb/part:eng/ward:e05008821,Swadlincote,,,,
ocd-division/country:gb/part:eng/ward:e05008822,Willington and Findern,,,,
ocd-division/country:gb/part:eng/ward:e05008823,Woodville,,,,
ocd-division/country:gb/part:eng/ward:e05008954,Central,,,,
ocd-division/country:gb/part:eng/ward:e05008955,Chiseldon and Lawn,,,,
ocd-division/country:gb/part:eng/ward:e05008956,Covingham and Dorcan,,,,
ocd-division/country:gb/part:eng/ward:e05008957,Eastcott,,,,
ocd-division/country:gb/part:eng/ward:e05008958,Gorse Hill and Pinehurst,,,,
ocd-division/country:gb/part:eng/ward:e05008960,"Liden, Eldene and Park South",,,,
ocd-division/country:gb/part:eng/ward:e05008961,Lydiard and Freshbrook,,,,
ocd-division/country:gb/part:eng/ward:e05008962,Mannington and Western,,,,
ocd-division/country:gb/part:eng/ward:e05008963,Old Town,,,,
ocd-division/country:gb/part:eng/ward:e05008965,Priory Vale,,,,
ocd-division/country:gb/part:eng/ward:e05008966,Ridgeway,,,,
ocd-division/country:gb/part:eng/ward:e05008967,Rodbourne Cheney,,,,
ocd-division/country:gb/part:eng/ward:e05008968,St Andrews,,,,
ocd-division/country:gb/part:eng/ward:e05008969,St Margaret and South Marston,,,,
ocd-division/country:gb/part:eng/ward:e05008970,Shaw,,,,
ocd-division/country:gb/part:eng/ward:e05008971,Walcot and Park North,,,,
ocd-division/country:gb/part:eng/ward:e05008972,Wroughton and Wichelstowe,,,,
ocd-division/country:gb/part:eng/ward:e05008974,Benn,,,,
ocd-division/country:gb/part:eng/ward:e05008975,Bilton,,,,
ocd-division/country:gb/part:eng/ward:e05008976,"Clifton, Newton and Churchover",,,,
ocd-division/country:gb/part:eng/ward:e05008977,Coton and Boughton,,,,
ocd-division/country:gb/part:eng/ward:e05008979,Hillmorton,,,,
ocd-division/country:gb/part:eng/ward:e05008980,Leam Valley,,,,
ocd-division/country:gb/part:eng/ward:e05008981,New Bilton,,,,
ocd-division/country:gb/part:eng/ward:e05008982,Newbold and Brownsover,,,,
ocd-division/country:gb/part:eng/ward:e05008983,Paddox,,,,
ocd-division/country:gb/part:eng/ward:e05008984,Revel and Binley Woods,,,,
ocd-division/country:gb/part:eng/ward:e05008985,Rokeby and Overslade,,,,
ocd-division/country:gb/part:eng/ward:e05008986,Eastlands,,,,
ocd-division/country:gb/part:eng/ward:e05008988,Wolvey and Shilton,,,,
ocd-division/country:gb/part:eng/ward:e05008989,Aldershot Park,,,,
ocd-division/country:gb/part:eng/ward:e05008990,Cherrywood,,,,
ocd-division/country:gb/part:eng/ward:e05008991,Cove and Southwood,,,,
ocd-division/country:gb/part:eng/ward:e05008992,Empress,,,,
ocd-division/country:gb/part:eng/ward:e05008993,Fernhill,,,,
ocd-division/country:gb/part:eng/ward:e05008994,Knellwood,,,,
ocd-division/country:gb/part:eng/ward:e05008995,Manor Park,,,,
ocd-division/country:gb/part:eng/ward:e05008996,North Town,,,,
ocd-division/country:gb/part:eng/ward:e05008997,Rowhill,,,,
ocd-division/country:gb/part:eng/ward:e05008998,St John's,,,,
ocd-division/country:gb/part:eng/ward:e05008999,St Mark's,,,,
ocd-division/country:gb/part:eng/ward:e05009000,Wellington,,,,
ocd-division/country:gb/part:eng/ward:e05009001,West Heath,,,,
ocd-division/country:gb/part:eng/ward:e05009002,Broxbourne and Hoddesdon South,,,,
ocd-division/country:gb/part:eng/ward:e05009003,Cheshunt North,,,,
ocd-division/country:gb/part:eng/ward:e05009004,Cheshunt South and Theobalds,,,,
ocd-division/country:gb/part:eng/ward:e05009005,Flamstead End,,,,
ocd-division/country:gb/part:eng/ward:e05009006,Goffs Oak,,,,
ocd-division/country:gb/part:eng/ward:e05009007,Hoddesdon North,,,,
ocd-division/country:gb/part:eng/ward:e05009008,Hoddesdon Town and Rye Park,,,,
ocd-division/country:gb/part:eng/ward:e05009009,Rosedale and Bury Green,,,,
ocd-division/country:gb/part:eng/ward:e05009010,Waltham Cross,,,,
ocd-division/country:gb/part:eng/ward:e05009011,Wormley and Turnford,,,,
ocd-division/country:gb/part:eng/ward:e05009030,Annfield Plain,,,,
ocd-division/country:gb/part:eng/ward:e05009031,Aycliffe East,,,,
ocd-division/country:gb/part:eng/ward:e05009032,Aycliffe North and Middridge,,,,
ocd-division/country:gb/part:eng/ward:e05009033,Aycliffe West,,,,
ocd-division/country:gb/part:eng/ward:e05009034,Barnard Castle East,,,,
ocd-division/country:gb/part:eng/ward:e05009035,Barnard Castle West,,,,
ocd-division/country:gb/part:eng/ward:e05009036,Belmont,,,,
ocd-division/country:gb/part:eng/ward:e05009037,Benfieldside,,,,
ocd-division/country:gb/part:eng/ward:e05009038,Bishop Auckland Town,,,,
ocd-division/country:gb/part:eng/ward:e05009039,Bishop Middleham and Cornforth,,,,
ocd-division/country:gb/part:eng/ward:e05009040,Blackhalls,,,,
ocd-division/country:gb/part:eng/ward:e05009041,Brandon,,,,
ocd-division/country:gb/part:eng/ward:e05009042,Burnopfield and Dipton,,,,
ocd-division/country:gb/part:eng/ward:e05009043,Chester-le-Street East,,,,
ocd-division/country:gb/part:eng/ward:e05009044,Chester-le-Street North,,,,
ocd-division/country:gb/part:eng/ward:e05009045,Chester-le-Street South,,,,
ocd-division/country:gb/part:eng/ward:e05009046,Chester-le-Street West Central,,,,
ocd-division/country:gb/part:eng/ward:e05009047,Chilton,,,,
ocd-division/country:gb/part:eng/ward:e05009048,Consett North,,,,
ocd-division/country:gb/part:eng/ward:e05009049,Consett South,,,,
ocd-division/country:gb/part:eng/ward:e05009050,Coundon,,,,
ocd-division/country:gb/part:eng/ward:e05009051,Coxhoe,,,,
ocd-division/country:gb/part:eng/ward:e05009052,Craghead and South Moor,,,,
ocd-division/country:gb/part:eng/ward:e05009053,Crook,,,,
ocd-division/country:gb/part:eng/ward:e05009054,Dawdon,,,,
ocd-division/country:gb/part:eng/ward:e05009055,Deerness,,,,
ocd-division/country:gb/part:eng/ward:e05009056,Delves Lane,,,,
ocd-division/country:gb/part:eng/ward:e05009057,Deneside,,,,
ocd-division/country:gb/part:eng/ward:e05009058,Durham South,,,,
ocd-division/country:gb/part:eng/ward:e05009059,Easington,,,,
ocd-division/country:gb/part:eng/ward:e05009060,Elvet and Gilesgate,,,,
ocd-division/country:gb/part:eng/ward:e05009061,Esh and Witton Gilbert,,,,
ocd-division/country:gb/part:eng/ward:e05009062,Evenwood,,,,
ocd-division/country:gb/part:eng/ward:e05009063,Ferryhill,,,,
ocd-division/country:gb/part:eng/ward:e05009064,Framwellgate and Newton Hall,,,,
ocd-division/country:gb/part:eng/ward:e05009065,Horden,,,,
ocd-division/country:gb/part:eng/ward:e05009066,Lanchester,,,,
ocd-division/country:gb/part:eng/ward:e05009067,Leadgate and Medomsley,,,,
ocd-division/country:gb/part:eng/ward:e05009068,Lumley,,,,
ocd-division/country:gb/part:eng/ward:e05009069,Murton,,,,
ocd-division/country:gb/part:eng/ward:e05009070,Neville's Cross,,,,
ocd-division/country:gb/part:eng/ward:e05009071,North Lodge,,,,
ocd-division/country:gb/part:eng/ward:e05009072,Passfield,,,,
ocd-division/country:gb/part:eng/ward:e05009073,Pelton,,,,
ocd-division/country:gb/part:eng/ward:e05009074,Peterlee East,,,,
ocd-division/country:gb/part:eng/ward:e05009075,Peterlee West,,,,
ocd-division/country:gb/part:eng/ward:e05009076,Sacriston,,,,
ocd-division/country:gb/part:eng/ward:e05009077,Seaham,,,,
ocd-division/country:gb/part:eng/ward:e05009078,Sedgefield,,,,
ocd-division/country:gb/part:eng/ward:e05009079,Sherburn,,,,
ocd-division/country:gb/part:eng/ward:e05009080,Shildon and Dene Valley,,,,
ocd-division/country:gb/part:eng/ward:e05009081,Shotton and South Hetton,,,,
ocd-division/country:gb/part:eng/ward:e05009082,Spennymoor,,,,
ocd-division/country:gb/part:eng/ward:e05009083,Stanley,,,,
ocd-division/country:gb/part:eng/ward:e05009084,Tanfield,,,,
ocd-division/country:gb/part:eng/ward:e05009085,Tow Law,,,,
ocd-division/country:gb/part:eng/ward:e05009086,Trimdon and Thornley,,,,
ocd-division/country:gb/part:eng/ward:e05009087,Tudhoe,,,,
ocd-division/country:gb/part:eng/ward:e05009088,Weardale,,,,
ocd-division/country:gb/part:eng/ward:e05009089,West Auckland,,,,
ocd-division/country:gb/part:eng/ward:e05009090,Willington and Hunwick,,,,
ocd-division/country:gb/part:eng/ward:e05009091,Wingate,,,,
ocd-division/country:gb/part:eng/ward:e05009092,Woodhouse Close,,,,
ocd-division/country:gb/part:eng/ward:e05009093,Alnwick,,,,
ocd-division/country:gb/part:eng/ward:e05009094,Amble,,,,
ocd-division/country:gb/part:eng/ward:e05009095,Amble West with Warkworth,,,,
ocd-division/country:gb/part:eng/ward:e05009096,Ashington Central,,,,
ocd-division/country:gb/part:eng/ward:e05009097,Bamburgh,,,,
ocd-division/country:gb/part:eng/ward:e05009098,Bedlington Central,,,,
ocd-division/country:gb/part:eng/ward:e05009099,Bedlington East,,,,
ocd-division/country:gb/part:eng/ward:e05009100,Bedlington West,,,,
ocd-division/country:gb/part:eng/ward:e05009101,Bellingham,,,,
ocd-division/country:gb/part:eng/ward:e05009102,Berwick East,,,,
ocd-division/country:gb/part:eng/ward:e05009103,Berwick North,,,,
ocd-division/country:gb/part:eng/ward:e05009104,Berwick West with Ord,,,,
ocd-division/country:gb/part:eng/ward:e05009106,Bywell,,,,
ocd-division/country:gb/part:eng/ward:e05009107,Choppington,,,,
ocd-division/country:gb/part:eng/ward:e05009108,College,,,,
ocd-division/country:gb/part:eng/ward:e05009109,Corbridge,,,,
ocd-division/country:gb/part:eng/ward:e05009110,Cowpen,,,,
ocd-division/country:gb/part:eng/ward:e05009111,Cramlington East,,,,
ocd-division/country:gb/part:eng/ward:e05009112,Cramlington Eastfield,,,,
ocd-division/country:gb/part:eng/ward:e05009113,Cramlington North,,,,
ocd-division/country:gb/part:eng/ward:e05009114,Cramlington South East,,,,
ocd-division/country:gb/part:eng/ward:e05009115,Cramlington Village,,,,
ocd-division/country:gb/part:eng/ward:e05009116,Cramlington West,,,,
ocd-division/country:gb/part:eng/ward:e05009117,Croft,,,,
ocd-division/country:gb/part:eng/ward:e05009118,Druridge Bay,,,,
ocd-division/country:gb/part:eng/ward:e05009119,Haltwhistle,,,,
ocd-division/country:gb/part:eng/ward:e05009120,Hartley,,,,
ocd-division/country:gb/part:eng/ward:e05009121,Haydon,,,,
ocd-division/country:gb/part:eng/ward:e05009122,Haydon and Hadrian,,,,
ocd-division/country:gb/part:eng/ward:e05009123,Hexham Central with Acomb,,,,
ocd-division/country:gb/part:eng/ward:e05009124,Hexham East,,,,
ocd-division/country:gb/part:eng/ward:e05009125,Hexham West,,,,
ocd-division/country:gb/part:eng/ward:e05009126,Hirst,,,,
ocd-division/country:gb/part:eng/ward:e05009127,Holywell,,,,
ocd-division/country:gb/part:eng/ward:e05009128,Humshaugh,,,,
ocd-division/country:gb/part:eng/ward:e05009129,Isabella,,,,
ocd-division/country:gb/part:eng/ward:e05009130,Kitty Brewster,,,,
ocd-division/country:gb/part:eng/ward:e05009131,Longhorsley,,,,
ocd-division/country:gb/part:eng/ward:e05009132,Longhoughton,,,,
ocd-division/country:gb/part:eng/ward:e05009133,Lynemouth,,,,
ocd-division/country:gb/part:eng/ward:e05009134,Morpeth Kirkhill,,,,
ocd-division/country:gb/part:eng/ward:e05009135,Morpeth North,,,,
ocd-division/country:gb/part:eng/ward:e05009136,Morpeth Stobhill,,,,
ocd-division/country:gb/part:eng/ward:e05009137,Newbiggin Central and East,,,,
ocd-division/country:gb/part:eng/ward:e05009139,Norham and Islandshires,,,,
ocd-division/country:gb/part:eng/ward:e05009141,Plessey,,,,
ocd-division/country:gb/part:eng/ward:e05009142,Ponteland East and Stannington,,,,
ocd-division/country:gb/part:eng/ward:e05009143,Ponteland North,,,,
ocd-division/country:gb/part:eng/ward:e05009144,Ponteland South with Heddon,,,,
ocd-division/country:gb/part:eng/ward:e05009145,Ponteland West,,,,
ocd-division/country:gb/part:eng/ward:e05009146,Prudhoe North,,,,
ocd-division/country:gb/part:eng/ward:e05009147,Prudhoe South,,,,
ocd-division/country:gb/part:eng/ward:e05009148,Rothbury,,,,
ocd-division/country:gb/part:eng/ward:e05009149,Seaton with Newbiggin West,,,,
ocd-division/country:gb/part:eng/ward:e05009151,Shilbottle,,,,
ocd-division/country:gb/part:eng/ward:e05009152,Sleekburn,,,,
ocd-division/country:gb/part:eng/ward:e05009153,South Blyth,,,,
ocd-division/country:gb/part:eng/ward:e05009154,South Tynedale,,,,
ocd-division/country:gb/part:eng/ward:e05009155,Stakeford,,,,
ocd-division/country:gb/part:eng/ward:e05009156,Stocksfield and Broomhaugh,,,,
ocd-division/country:gb/part:eng/ward:e05009157,Wensleydale,,,,
ocd-division/country:gb/part:eng/ward:e05009158,Wooler,,,,
ocd-division/country:gb/part:eng/ward:e05009281,"Gobowen, Selattyn and Weston Rhyn",,,,
ocd-division/country:gb/part:eng/ward:e05009282,Oswestry East,,,,
ocd-division/country:gb/part:eng/ward:e05009283,Oswestry South,,,,
ocd-division/country:gb/part:eng/ward:e05009284,Oswestry West,,,,
ocd-division/country:gb/part:eng/ward:e05009285,Ruyton and Baschurch,,,,
ocd-division/country:gb/part:eng/ward:e05009286,St Oswald,,,,
ocd-division/country:gb/part:eng/ward:e05009287,Whittington,,,,
ocd-division/country:gb/part:eng/ward:e05009288,Aldersgate,,,,
ocd-division/country:gb/part:eng/ward:e05009289,Aldgate,,,,
ocd-division/country:gb/part:eng/ward:e05009290,Bassishaw,,,,
ocd-division/country:gb/part:eng/ward:e05009291,Billingsgate,,,,
ocd-division/country:gb/part:eng/ward:e05009292,Bishopsgate,,,,
ocd-division/country:gb/part:eng/ward:e05009293,Bread Street,,,,
ocd-division/country:gb/part:eng/ward:e05009294,Bridge,,,,
ocd-division/country:gb/part:eng/ward:e05009295,Broad Street,,,,
ocd-division/country:gb/part:eng/ward:e05009296,Candlewick,,,,
ocd-division/country:gb/part:eng/ward:e05009297,Castle Baynard,,,,
ocd-division/country:gb/part:eng/ward:e05009298,Cheap,,,,
ocd-division/country:gb/part:eng/ward:e05009299,Coleman Street,,,,
ocd-division/country:gb/part:eng/ward:e05009300,Cordwainer,,,,
ocd-division/country:gb/part:eng/ward:e05009301,Cornhill,,,,
ocd-division/country:gb/part:eng/ward:e05009302,Cripplegate,,,,
ocd-division/country:gb/part:eng/ward:e05009303,Dowgate,,,,
ocd-division/country:gb/part:eng/ward:e05009304,Farringdon Within,,,,
ocd-division/country:gb/part:eng/ward:e05009305,Farringdon Without,,,,
ocd-division/country:gb/part:eng/ward:e05009306,Langbourn,,,,
ocd-division/country:gb/part:eng/ward:e05009307,Lime Street,,,,
ocd-division/country:gb/part:eng/ward:e05009308,Portsoken,,,,
ocd-division/country:gb/part:eng/ward:e05009309,Queenhithe,,,,
ocd-division/country:gb/part:eng/ward:e05009310,Tower,,,,
ocd-division/country:gb/part:eng/ward:e05009311,Vintry,,,,
ocd-division/country:gb/part:eng/ward:e05009312,Walbrook,,,,
ocd-division/country:gb/part:eng/ward:e05009313,Chopwell and Rowlands Gill,,,,
ocd-division/country:gb/part:eng/ward:e05009317,Bethnal Green East,,,,
ocd-division/country:gb/part:eng/ward:e05009318,Blackwall & Cubitt Town,,,,
ocd-division/country:gb/part:eng/ward:e05009319,Bow East,,,,
ocd-division/country:gb/part:eng/ward:e05009320,Bow West,,,,
ocd-division/country:gb/part:eng/ward:e05009321,Bromley North,,,,
ocd-division/country:gb/part:eng/ward:e05009322,Bromley South,,,,
ocd-division/country:gb/part:eng/ward:e05009323,Canary Wharf,,,,
ocd-division/country:gb/part:eng/ward:e05009324,Island Gardens,,,,
ocd-division/country:gb/part:eng/ward:e05009325,Lansbury,,,,
ocd-division/country:gb/part:eng/ward:e05009326,Limehouse,,,,
ocd-division/country:gb/part:eng/ward:e05009327,Mile End,,,,
ocd-division/country:gb/part:eng/ward:e05009328,Poplar,,,,
ocd-division/country:gb/part:eng/ward:e05009329,St Dunstan's,,,,
ocd-division/country:gb/part:eng/ward:e05009330,St Katharine's & Wapping,,,,
ocd-division/country:gb/part:eng/ward:e05009331,Bethnal Green West,,,,
ocd-division/country:gb/part:eng/ward:e05009332,Shadwell,,,,
ocd-division/country:gb/part:eng/ward:e05009333,Spitalfields & Banglatown,,,,
ocd-division/country:gb/part:eng/ward:e05009334,Stepney Green,,,,
ocd-division/country:gb/part:eng/ward:e05009335,Weavers,,,,
ocd-division/country:gb/part:eng/ward:e05009336,Whitechapel,,,,
ocd-division/country:gb/part:eng/ward:e05009352,Blackwater and Hawley,,,,
ocd-division/country:gb/part:eng/ward:e05009353,Crookham East,,,,
ocd-division/country:gb/part:eng/ward:e05009354,Crookham West and Ewshot,,,,
ocd-division/country:gb/part:eng/ward:e05009355,Fleet Central,,,,
ocd-division/country:gb/part:eng/ward:e05009356,Fleet East,,,,
ocd-division/country:gb/part:eng/ward:e05009357,Fleet West,,,,
ocd-division/country:gb/part:eng/ward:e05009358,Hartley Wintney,,,,
ocd-division/country:gb/part:eng/ward:e05009359,Hook,,,,
ocd-division/country:gb/part:eng/ward:e05009360,Odiham,,,,
ocd-division/country:gb/part:eng/ward:e05009361,Yateley East,,,,
ocd-division/country:gb/part:eng/ward:e05009362,Yateley West,,,,
ocd-division/country:gb/part:eng/ward:e05009363,Burford,,,,
ocd-division/country:gb/part:eng/ward:e05009364,Brize Norton and Shilton,,,,
ocd-division/country:gb/part:eng/ward:e05009365,Carterton North West,,,,
ocd-division/country:gb/part:eng/ward:e05009367,Brownswood,,,,
ocd-division/country:gb/part:eng/ward:e05009368,Cazenove,,,,
ocd-division/country:gb/part:eng/ward:e05009369,Clissold,,,,
ocd-division/country:gb/part:eng/ward:e05009370,Dalston,,,,
ocd-division/country:gb/part:eng/ward:e05009371,De Beauvoir,,,,
ocd-division/country:gb/part:eng/ward:e05009372,Hackney Central,,,,
ocd-division/country:gb/part:eng/ward:e05009373,Hackney Downs,,,,
ocd-division/country:gb/part:eng/ward:e05009374,Hackney Wick,,,,
ocd-division/country:gb/part:eng/ward:e05009375,Haggerston,,,,
ocd-division/country:gb/part:eng/ward:e05009376,Homerton,,,,
ocd-division/country:gb/part:eng/ward:e05009377,Hoxton East & Shoreditch,,,,
ocd-division/country:gb/part:eng/ward:e05009378,Hoxton West,,,,
ocd-division/country:gb/part:eng/ward:e05009379,King's Park,,,,
ocd-division/country:gb/part:eng/ward:e05009380,Lea Bridge,,,,
ocd-division/country:gb/part:eng/ward:e05009381,London Fields,,,,
ocd-division/country:gb/part:eng/ward:e05009382,Shacklewell,,,,
ocd-division/country:gb/part:eng/ward:e05009383,Springfield,,,,
ocd-division/country:gb/part:eng/ward:e05009384,Stamford Hill West,,,,
ocd-division/country:gb/part:eng/ward:e05009385,Stoke Newington,,,,
ocd-division/country:gb/part:eng/ward:e05009386,Victoria,,,,
ocd-division/country:gb/part:eng/ward:e05009387,Woodberry Down,,,,
ocd-division/country:gb/part:eng/ward:e05009388,Abingdon,,,,
ocd-division/country:gb/part:eng/ward:e05009389,Brompton & Hans Town,,,,
ocd-division/country:gb/part:eng/ward:e05009390,Campden,,,,
ocd-division/country:gb/part:eng/ward:e05009391,Chelsea Riverside,,,,
ocd-division/country:gb/part:eng/ward:e05009392,Colville,,,,
ocd-division/country:gb/part:eng/ward:e05009393,Courtfield,,,,
ocd-division/country:gb/part:eng/ward:e05009394,Dalgarno,,,,
ocd-division/country:gb/part:eng/ward:e05009395,Earl's Court,,,,
ocd-division/country:gb/part:eng/ward:e05009396,Golborne,,,,
ocd-division/country:gb/part:eng/ward:e05009397,Holland,,,,
ocd-division/country:gb/part:eng/ward:e05009398,Norland,,,,
ocd-division/country:gb/part:eng/ward:e05009399,Notting Dale,,,,
ocd-division/country:gb/part:eng/ward:e05009400,Pembridge,,,,
ocd-division/country:gb/part:eng/ward:e05009401,Queen's Gate,,,,
ocd-division/country:gb/part:eng/ward:e05009402,Redcliffe,,,,
ocd-division/country:gb/part:eng/ward:e05009403,Royal Hospital,,,,
ocd-division/country:gb/part:eng/ward:e05009404,St. Helen's,,,,
ocd-division/country:gb/part:eng/ward:e05009405,Stanley,,,,
ocd-division/country:gb/part:eng/ward:e05009406,Bletchley East,,,,
ocd-division/country:gb/part:eng/ward:e05009407,Bletchley Park,,,,
ocd-division/country:gb/part:eng/ward:e05009408,Bletchley West,,,,
ocd-division/country:gb/part:eng/ward:e05009409,Bradwell,,,,
ocd-division/country:gb/part:eng/ward:e05009410,Broughton,,,,
ocd-division/country:gb/part:eng/ward:e05009411,Campbell Park & Old Woughton,,,,
ocd-division/country:gb/part:eng/ward:e05009412,Central Milton Keynes,,,,
ocd-division/country:gb/part:eng/ward:e05009413,Danesborough & Walton,,,,
ocd-division/country:gb/part:eng/ward:e05009414,Loughton & Shenley,,,,
ocd-division/country:gb/part:eng/ward:e05009415,Monkston,,,,
ocd-division/country:gb/part:eng/ward:e05009416,Newport Pagnell North & Hanslope,,,,
ocd-division/country:gb/part:eng/ward:e05009417,Newport Pagnell South,,,,
ocd-division/country:gb/part:eng/ward:e05009418,Olney,,,,
ocd-division/country:gb/part:eng/ward:e05009419,Shenley Brook End,,,,
ocd-division/country:gb/part:eng/ward:e05009420,Stantonbury,,,,
ocd-division/country:gb/part:eng/ward:e05009421,Stony Stratford,,,,
ocd-division/country:gb/part:eng/ward:e05009422,Tattenhoe,,,,
ocd-division/country:gb/part:eng/ward:e05009423,Wolverton,,,,
ocd-division/country:gb/part:eng/ward:e05009424,Woughton & Fishermead,,,,
ocd-division/country:gb/part:eng/ward:e05009425,Abbots Langley & Bedmond,,,,
ocd-division/country:gb/part:eng/ward:e05009426,Carpenders Park,,,,
ocd-division/country:gb/part:eng/ward:e05009427,Chorleywood North & Sarratt,,,,
ocd-division/country:gb/part:eng/ward:e05009428,Chorleywood South & Maple Cross,,,,
ocd-division/country:gb/part:eng/ward:e05009429,Dickinsons,,,,
ocd-division/country:gb/part:eng/ward:e05009430,Durrants,,,,
ocd-division/country:gb/part:eng/ward:e05009431,Gade Valley,,,,
ocd-division/country:gb/part:eng/ward:e05009432,Leavesden,,,,
ocd-division/country:gb/part:eng/ward:e05009433,Moor Park & Eastbury,,,,
ocd-division/country:gb/part:eng/ward:e05009434,Oxhey Hall & Hayling,,,,
ocd-division/country:gb/part:eng/ward:e05009435,Penn & Mill End,,,,
ocd-division/country:gb/part:eng/ward:e05009436,Rickmansworth Town,,,,
ocd-division/country:gb/part:eng/ward:e05009437,South Oxhey,,,,
ocd-division/country:gb/part:eng/ward:e05009438,Arrow,,,,
ocd-division/country:gb/part:eng/ward:e05009439,Aylestone Hill,,,,
ocd-division/country:gb/part:eng/ward:e05009440,Backbury,,,,
ocd-division/country:gb/part:eng/ward:e05009441,Belmont Rural,,,,
ocd-division/country:gb/part:eng/ward:e05009442,Birch,,,,
ocd-division/country:gb/part:eng/ward:e05009443,Bircher,,,,
ocd-division/country:gb/part:eng/ward:e05009444,Bishops Frome & Cradley,,,,
ocd-division/country:gb/part:eng/ward:e05009445,Bobblestock,,,,
ocd-division/country:gb/part:eng/ward:e05009446,Bromyard Bringsty,,,,
ocd-division/country:gb/part:eng/ward:e05009447,Bromyard West,,,,
ocd-division/country:gb/part:eng/ward:e05009448,Castle,,,,
ocd-division/country:gb/part:eng/ward:e05009449,Central,,,,
ocd-division/country:gb/part:eng/ward:e05009450,College,,,,
ocd-division/country:gb/part:eng/ward:e05009452,Dinedor Hill,,,,
ocd-division/country:gb/part:eng/ward:e05009453,Eign Hill,,,,
ocd-division/country:gb/part:eng/ward:e05009454,Golden Valley North,,,,
ocd-division/country:gb/part:eng/ward:e05009455,Golden Valley South,,,,
ocd-division/country:gb/part:eng/ward:e05009456,Greyfriars,,,,
ocd-division/country:gb/part:eng/ward:e05009457,Hagley,,,,
ocd-division/country:gb/part:eng/ward:e05009458,Hampton,,,,
ocd-division/country:gb/part:eng/ward:e05009459,Hinton & Hunderton,,,,
ocd-division/country:gb/part:eng/ward:e05009460,Holmer,,,,
ocd-division/country:gb/part:eng/ward:e05009461,Hope End,,,,
ocd-division/country:gb/part:eng/ward:e05009462,Kerne Bridge,,,,
ocd-division/country:gb/part:eng/ward:e05009463,Kings Acre,,,,
ocd-division/country:gb/part:eng/ward:e05009464,Kington,,,,
ocd-division/country:gb/part:eng/ward:e05009465,Ledbury North,,,,
ocd-division/country:gb/part:eng/ward:e05009466,Ledbury South,,,,
ocd-division/country:gb/part:eng/ward:e05009467,Ledbury West,,,,
ocd-division/country:gb/part:eng/ward:e05009468,Leominster East,,,,
ocd-division/country:gb/part:eng/ward:e05009469,Leominster North & Rural,,,,
ocd-division/country:gb/part:eng/ward:e05009470,Leominster South,,,,
ocd-division/country:gb/part:eng/ward:e05009471,Leominster West,,,,
ocd-division/country:gb/part:eng/ward:e05009472,Llangarron,,,,
ocd-division/country:gb/part:eng/ward:e05009473,Mortimer,,,,
ocd-division/country:gb/part:eng/ward:e05009474,Newton Farm,,,,
ocd-division/country:gb/part:eng/ward:e05009475,Old Gore,,,,
ocd-division/country:gb/part:eng/ward:e05009476,Penyard,,,,
ocd-division/country:gb/part:eng/ward:e05009478,Red Hill,,,,
ocd-division/country:gb/part:eng/ward:e05009479,Ross East,,,,
ocd-division/country:gb/part:eng/ward:e05009480,Ross North,,,,
ocd-division/country:gb/part:eng/ward:e05009481,Ross West,,,,
ocd-division/country:gb/part:eng/ward:e05009482,Saxon Gate,,,,
ocd-division/country:gb/part:eng/ward:e05009485,Three Crosses,,,,
ocd-division/country:gb/part:eng/ward:e05009486,Tupsley,,,,
ocd-division/country:gb/part:eng/ward:e05009487,Weobley,,,,
ocd-division/country:gb/part:eng/ward:e05009488,Whitecross,,,,
ocd-division/country:gb/part:eng/ward:e05009489,Widemarsh,,,,
ocd-division/country:gb/part:eng/ward:e05009490,Wormside,,,,
ocd-division/country:gb/part:eng/ward:e05009544,Abbey,,,,
ocd-division/country:gb/part:eng/ward:e05009545,"Bobbing, Iwade and Lower Halstow",,,,
ocd-division/country:gb/part:eng/ward:e05009546,Borden and Grove Park,,,,
ocd-division/country:gb/part:eng/ward:e05009547,Boughton and Courtenay,,,,
ocd-division/country:gb/part:eng/ward:e05009548,Chalkwell,,,,
ocd-division/country:gb/part:eng/ward:e05009549,East Downs,,,,
ocd-division/country:gb/part:eng/ward:e05009550,"Hartlip, Newington and Upchurch",,,,
ocd-division/country:gb/part:eng/ward:e05009551,Homewood,,,,
ocd-division/country:gb/part:eng/ward:e05009552,Kemsley,,,,
ocd-division/country:gb/part:eng/ward:e05009553,Milton Regis,,,,
ocd-division/country:gb/part:eng/ward:e05009554,Minster Cliffs,,,,
ocd-division/country:gb/part:eng/ward:e05009555,Murston,,,,
ocd-division/country:gb/part:eng/ward:e05009556,Priory,,,,
ocd-division/country:gb/part:eng/ward:e05009557,Queenborough and Halfway,,,,
ocd-division/country:gb/part:eng/ward:e05009558,Roman,,,,
ocd-division/country:gb/part:eng/ward:e05009559,St Ann's,,,,
ocd-division/country:gb/part:eng/ward:e05009560,Sheerness,,,,
ocd-division/country:gb/part:eng/ward:e05009561,Sheppey Central,,,,
ocd-division/country:gb/part:eng/ward:e05009562,Sheppey East,,,,
ocd-division/country:gb/part:eng/ward:e05009563,Teynham and Lynsted,,,,
ocd-division/country:gb/part:eng/ward:e05009564,The Meads,,,,
ocd-division/country:gb/part:eng/ward:e05009565,Watling,,,,
ocd-division/country:gb/part:eng/ward:e05009566,West Downs,,,,
ocd-division/country:gb/part:eng/ward:e05009567,Woodstock,,,,
ocd-division/country:gb/part:eng/ward:e05009621,Coastal,,,,
ocd-division/country:gb/part:eng/ward:e05009622,Fenside,,,,
ocd-division/country:gb/part:eng/ward:e05009623,Fishtoft,,,,
ocd-division/country:gb/part:eng/ward:e05009624,Five Village,,,,
ocd-division/country:gb/part:eng/ward:e05009625,Kirton and Frampton,,,,
ocd-division/country:gb/part:eng/ward:e05009626,Old Leake and Wrangle,,,,
ocd-division/country:gb/part:eng/ward:e05009627,St Thomas',,,,
ocd-division/country:gb/part:eng/ward:e05009628,Skirbeck,,,,
ocd-division/country:gb/part:eng/ward:e05009629,Staniland,,,,
ocd-division/country:gb/part:eng/ward:e05009630,Station,,,,
ocd-division/country:gb/part:eng/ward:e05009631,Swineshead and Holland Fen,,,,
ocd-division/country:gb/part:eng/ward:e05009632,Trinity,,,,
ocd-division/country:gb/part:eng/ward:e05009633,West,,,,
ocd-division/country:gb/part:eng/ward:e05009634,Witham,,,,
ocd-division/country:gb/part:eng/ward:e05009635,Wyberton,,,,
ocd-division/country:gb/part:eng/ward:e05009636,Bardney,,,,
ocd-division/country:gb/part:eng/ward:e05009637,Caistor and Yarborough,,,,
ocd-division/country:gb/part:eng/ward:e05009638,Cherry Willingham,,,,
ocd-division/country:gb/part:eng/ward:e05009639,Dunholme and Welton,,,,
ocd-division/country:gb/part:eng/ward:e05009640,Gainsborough East,,,,
ocd-division/country:gb/part:eng/ward:e05009641,Gainsborough North,,,,
ocd-division/country:gb/part:eng/ward:e05009642,Gainsborough South-West,,,,
ocd-division/country:gb/part:eng/ward:e05009643,Hemswell,,,,
ocd-division/country:gb/part:eng/ward:e05009644,Kelsey Wold,,,,
ocd-division/country:gb/part:eng/ward:e05009645,Lea,,,,
ocd-division/country:gb/part:eng/ward:e05009646,Market Rasen,,,,
ocd-division/country:gb/part:eng/ward:e05009647,Nettleham,,,,
ocd-division/country:gb/part:eng/ward:e05009648,Saxilby,,,,
ocd-division/country:gb/part:eng/ward:e05009649,Scampton,,,,
ocd-division/country:gb/part:eng/ward:e05009650,Scotter and Blyton,,,,
ocd-division/country:gb/part:eng/ward:e05009651,Stow,,,,
ocd-division/country:gb/part:eng/ward:e05009652,Sudbrooke,,,,
ocd-division/country:gb/part:eng/ward:e05009653,Torksey,,,,
ocd-division/country:gb/part:eng/ward:e05009654,Waddingham and Spital,,,,
ocd-division/country:gb/part:eng/ward:e05009655,Wold View,,,,
ocd-division/country:gb/part:eng/ward:e05009689,Bestwood St Albans,,,,
ocd-division/country:gb/part:eng/ward:e05009690,Calverton,,,,
ocd-division/country:gb/part:eng/ward:e05009691,Carlton,,,,
ocd-division/country:gb/part:eng/ward:e05009692,Carlton Hill,,,,
ocd-division/country:gb/part:eng/ward:e05009693,Cavendish,,,,
ocd-division/country:gb/part:eng/ward:e05009694,Colwick,,,,
ocd-division/country:gb/part:eng/ward:e05009695,Coppice,,,,
ocd-division/country:gb/part:eng/ward:e05009696,Daybrook,,,,
ocd-division/country:gb/part:eng/ward:e05009697,Dumbles,,,,
ocd-division/country:gb/part:eng/ward:e05009698,Ernehale,,,,
ocd-division/country:gb/part:eng/ward:e05009699,Gedling,,,,
ocd-division/country:gb/part:eng/ward:e05009700,Netherfield,,,,
ocd-division/country:gb/part:eng/ward:e05009701,Newstead Abbey,,,,
ocd-division/country:gb/part:eng/ward:e05009702,Phoenix,,,,
ocd-division/country:gb/part:eng/ward:e05009703,Plains,,,,
ocd-division/country:gb/part:eng/ward:e05009704,Porchester,,,,
ocd-division/country:gb/part:eng/ward:e05009705,Redhill,,,,
ocd-division/country:gb/part:eng/ward:e05009706,Trent Valley,,,,
ocd-division/country:gb/part:eng/ward:e05009707,Woodthorpe,,,,
ocd-division/country:gb/part:eng/ward:e05009733,Benson & Crowmarsh,,,,
ocd-division/country:gb/part:eng/ward:e05009734,Berinsfield,,,,
ocd-division/country:gb/part:eng/ward:e05009735,Chalgrove,,,,
ocd-division/country:gb/part:eng/ward:e05009736,Chinnor,,,,
ocd-division/country:gb/part:eng/ward:e05009740,Didcot West,,,,
ocd-division/country:gb/part:eng/ward:e05009742,Garsington & Horspath,,,,
ocd-division/country:gb/part:eng/ward:e05009743,Goring,,,,
ocd-division/country:gb/part:eng/ward:e05009749,Thame,,,,
ocd-division/country:gb/part:eng/ward:e05009751,Watlington,,,,
ocd-division/country:gb/part:eng/ward:e05009754,Abingdon Abbey Northcourt,,,,
ocd-division/country:gb/part:eng/ward:e05009755,Abingdon Caldecott,,,,
ocd-division/country:gb/part:eng/ward:e05009757,Abingdon Fitzharris,,,,
ocd-division/country:gb/part:eng/ward:e05009769,Ridgeway,,,,
ocd-division/country:gb/part:eng/ward:e05009770,Stanford,,,,
ocd-division/country:gb/part:eng/ward:e05009771,Steventon & the Hanneys,,,,
ocd-division/country:gb/part:eng/ward:e05009800,Aldwick East,,,,
ocd-division/country:gb/part:eng/ward:e05009801,Aldwick West,,,,
ocd-division/country:gb/part:eng/ward:e05009802,Angmering & Findon,,,,
ocd-division/country:gb/part:eng/ward:e05009803,Arundel & Walberton,,,,
ocd-division/country:gb/part:eng/ward:e05009804,Barnham,,,,
ocd-division/country:gb/part:eng/ward:e05009805,Beach,,,,
ocd-division/country:gb/part:eng/ward:e05009806,Bersted,,,,
ocd-division/country:gb/part:eng/ward:e05009807,Brookfield,,,,
ocd-division/country:gb/part:eng/ward:e05009808,Courtwick with Toddington,,,,
ocd-division/country:gb/part:eng/ward:e05009809,East Preston,,,,
ocd-division/country:gb/part:eng/ward:e05009810,Felpham East,,,,
ocd-division/country:gb/part:eng/ward:e05009811,Felpham West,,,,
ocd-division/country:gb/part:eng/ward:e05009812,Ferring,,,,
ocd-division/country:gb/part:eng/ward:e05009813,Hotham,,,,
ocd-division/country:gb/part:eng/ward:e05009814,Marine,,,,
ocd-division/country:gb/part:eng/ward:e05009815,Middleton-on-Sea,,,,
ocd-division/country:gb/part:eng/ward:e05009816,Orchard,,,,
ocd-division/country:gb/part:eng/ward:e05009817,Pagham,,,,
ocd-division/country:gb/part:eng/ward:e05009818,Pevensey,,,,
ocd-division/country:gb/part:eng/ward:e05009819,River,,,,
ocd-division/country:gb/part:eng/ward:e05009820,Rustington East,,,,
ocd-division/country:gb/part:eng/ward:e05009821,Rustington West,,,,
ocd-division/country:gb/part:eng/ward:e05009822,Yapton,,,,
ocd-division/country:gb/part:eng/ward:e05009823,Alvechurch South,,,,
ocd-division/country:gb/part:eng/ward:e05009824,Alvechurch Village,,,,
ocd-division/country:gb/part:eng/ward:e05009825,Aston Fields,,,,
ocd-division/country:gb/part:eng/ward:e05009826,Avoncroft,,,,
ocd-division/country:gb/part:eng/ward:e05009827,Barnt Green & Hopwood,,,,
ocd-division/country:gb/part:eng/ward:e05009828,Belbroughton & Romsley,,,,
ocd-division/country:gb/part:eng/ward:e05009829,Bromsgrove Central,,,,
ocd-division/country:gb/part:eng/ward:e05009830,Catshill North,,,,
ocd-division/country:gb/part:eng/ward:e05009831,Catshill South,,,,
ocd-division/country:gb/part:eng/ward:e05009832,Charford,,,,
ocd-division/country:gb/part:eng/ward:e05009833,Cofton,,,,
ocd-division/country:gb/part:eng/ward:e05009834,Drakes Cross,,,,
ocd-division/country:gb/part:eng/ward:e05009835,Hagley East,,,,
ocd-division/country:gb/part:eng/ward:e05009836,Hagley West,,,,
ocd-division/country:gb/part:eng/ward:e05009837,Hill Top,,,,
ocd-division/country:gb/part:eng/ward:e05009838,Hollywood,,,,
ocd-division/country:gb/part:eng/ward:e05009839,Lickey Hills,,,,
ocd-division/country:gb/part:eng/ward:e05009840,Lowes Hill,,,,
ocd-division/country:gb/part:eng/ward:e05009841,Marlbrook,,,,
ocd-division/country:gb/part:eng/ward:e05009842,Norton,,,,
ocd-division/country:gb/part:eng/ward:e05009843,Perryfields,,,,
ocd-division/country:gb/part:eng/ward:e05009844,Rock Hill,,,,
ocd-division/country:gb/part:eng/ward:e05009845,Rubery North,,,,
ocd-division/country:gb/part:eng/ward:e05009846,Rubery South,,,,
ocd-division/country:gb/part:eng/ward:e05009847,Sanders Park,,,,
ocd-division/country:gb/part:eng/ward:e05009848,Sidemoor,,,,
ocd-division/country:gb/part:eng/ward:e05009849,Slideslow,,,,
ocd-division/country:gb/part:eng/ward:e05009850,Tardebigge,,,,
ocd-division/country:gb/part:eng/ward:e05009851,Wythall East,,,,
ocd-division/country:gb/part:eng/ward:e05009852,Wythall West,,,,
ocd-division/country:gb/part:eng/ward:e05009853,Acklam,,,,
ocd-division/country:gb/part:eng/ward:e05009854,Ayresome,,,,
ocd-division/country:gb/part:eng/ward:e05009855,Berwick Hills & Pallister,,,,
ocd-division/country:gb/part:eng/ward:e05009856,Brambles & Thorntree,,,,
ocd-division/country:gb/part:eng/ward:e05009857,Central,,,,
ocd-division/country:gb/part:eng/ward:e05009858,Coulby Newham,,,,
ocd-division/country:gb/part:eng/ward:e05009859,Hemlington,,,,
ocd-division/country:gb/part:eng/ward:e05009860,Kader,,,,
ocd-division/country:gb/part:eng/ward:e05009861,Ladgate,,,,
ocd-division/country:gb/part:eng/ward:e05009862,Linthorpe,,,,
ocd-division/country:gb/part:eng/ward:e05009863,Longlands & Beechwood,,,,
ocd-division/country:gb/part:eng/ward:e05009865,Marton West,,,,
ocd-division/country:gb/part:eng/ward:e05009866,Newport,,,,
ocd-division/country:gb/part:eng/ward:e05009867,North Ormesby,,,,
ocd-division/country:gb/part:eng/ward:e05009869,Park,,,,
ocd-division/country:gb/part:eng/ward:e05009870,Park End & Beckfield,,,,
ocd-division/country:gb/part:eng/ward:e05009871,Stainton & Thornton,,,,
ocd-division/country:gb/part:eng/ward:e05009872,Trimdon,,,,
ocd-division/country:gb/part:eng/ward:e05009873,Alford,,,,
ocd-division/country:gb/part:eng/ward:e05009874,Binbrook,,,,
ocd-division/country:gb/part:eng/ward:e05009875,Burgh le Marsh,,,,
ocd-division/country:gb/part:eng/ward:e05009876,Chapel St Leonards,,,,
ocd-division/country:gb/part:eng/ward:e05009877,Coningsby & Mareham,,,,
ocd-division/country:gb/part:eng/ward:e05009878,Croft,,,,
ocd-division/country:gb/part:eng/ward:e05009879,Friskney,,,,
ocd-division/country:gb/part:eng/ward:e05009880,Fulstow,,,,
ocd-division/country:gb/part:eng/ward:e05009881,Grimoldby,,,,
ocd-division/country:gb/part:eng/ward:e05009882,Hagworthingham,,,,
ocd-division/country:gb/part:eng/ward:e05009883,Halton Holegate,,,,
ocd-division/country:gb/part:eng/ward:e05009884,Holton-le-Clay & North Thoresby,,,,
ocd-division/country:gb/part:eng/ward:e05009885,Horncastle,,,,
ocd-division/country:gb/part:eng/ward:e05009886,Ingoldmells,,,,
ocd-division/country:gb/part:eng/ward:e05009887,Legbourne,,,,
ocd-division/country:gb/part:eng/ward:e05009888,Mablethorpe,,,,
ocd-division/country:gb/part:eng/ward:e05009889,Marshchapel & Somercotes,,,,
ocd-division/country:gb/part:eng/ward:e05009890,North Holme,,,,
ocd-division/country:gb/part:eng/ward:e05009891,Priory & St James',,,,
ocd-division/country:gb/part:eng/ward:e05009892,Roughton,,,,
ocd-division/country:gb/part:eng/ward:e05009893,St Clement's,,,,
ocd-division/country:gb/part:eng/ward:e05009894,St Margaret's,,,,
ocd-division/country:gb/part:eng/ward:e05009895,St Mary's,,,,
ocd-division/country:gb/part:eng/ward:e05009896,St Michael's,,,,
ocd-division/country:gb/part:eng/ward:e05009897,Scarbrough & Seacroft,,,,
ocd-division/country:gb/part:eng/ward:e05009898,Sibsey & Stickney,,,,
ocd-division/country:gb/part:eng/ward:e05009899,Spilsby,,,,
ocd-division/country:gb/part:eng/ward:e05009900,Sutton on Sea,,,,
ocd-division/country:gb/part:eng/ward:e05009901,Tetford & Donington,,,,
ocd-division/country:gb/part:eng/ward:e05009902,Tetney,,,,
ocd-division/country:gb/part:eng/ward:e05009903,Trinity,,,,
ocd-division/country:gb/part:eng/ward:e05009904,Wainfleet,,,,
ocd-division/country:gb/part:eng/ward:e05009905,Willoughby with Sloothby,,,,
ocd-division/country:gb/part:eng/ward:e05009906,Winthorpe,,,,
ocd-division/country:gb/part:eng/ward:e05009907,Withern & Theddlethorpe,,,,
ocd-division/country:gb/part:eng/ward:e05009908,Woodhall Spa,,,,
ocd-division/country:gb/part:eng/ward:e05009909,Wragby,,,,
ocd-division/country:gb/part:eng/ward:e05009910,Ashdon,,,,
ocd-division/country:gb/part:eng/ward:e05009911,Broad Oak & the Hallingburys,,,,
ocd-division/country:gb/part:eng/ward:e05009912,Clavering,,,,
ocd-division/country:gb/part:eng/ward:e05009913,Debden & Wimbish,,,,
ocd-division/country:gb/part:eng/ward:e05009914,Elsenham & Henham,,,,
ocd-division/country:gb/part:eng/ward:e05009915,Felsted & Stebbing,,,,
ocd-division/country:gb/part:eng/ward:e05009916,Flitch Green & Little Dunmow,,,,
ocd-division/country:gb/part:eng/ward:e05009918,Great Dunmow South & Barnston,,,,
ocd-division/country:gb/part:eng/ward:e05009919,Hatfield Heath,,,,
ocd-division/country:gb/part:eng/ward:e05009920,High Easter & the Rodings,,,,
ocd-division/country:gb/part:eng/ward:e05009921,"Littlebury, Chesterford & Wenden Lofts",,,,
ocd-division/country:gb/part:eng/ward:e05009922,Newport,,,,
ocd-division/country:gb/part:eng/ward:e05009923,Saffron Walden Audley,,,,
ocd-division/country:gb/part:eng/ward:e05009924,Saffron Walden Castle,,,,
ocd-division/country:gb/part:eng/ward:e05009925,Saffron Walden Shire,,,,
ocd-division/country:gb/part:eng/ward:e05009926,Stansted North,,,,
ocd-division/country:gb/part:eng/ward:e05009927,Stansted South & Birchanger,,,,
ocd-division/country:gb/part:eng/ward:e05009928,Stort Valley,,,,
ocd-division/country:gb/part:eng/ward:e05009929,Takeley,,,,
ocd-division/country:gb/part:eng/ward:e05009931,The Sampfords,,,,
ocd-division/country:gb/part:eng/ward:e05009932,Bourne,,,,
ocd-division/country:gb/part:eng/ward:e05009933,Breck,,,,
ocd-division/country:gb/part:eng/ward:e05009934,Brock with Catterall,,,,
ocd-division/country:gb/part:eng/ward:e05009935,Calder,,,,
ocd-division/country:gb/part:eng/ward:e05009936,Carleton,,,,
ocd-division/country:gb/part:eng/ward:e05009937,Cleveleys Park,,,,
ocd-division/country:gb/part:eng/ward:e05009938,Garstang,,,,
ocd-division/country:gb/part:eng/ward:e05009939,Great Eccleston,,,,
ocd-division/country:gb/part:eng/ward:e05009940,Hambleton & Stalmine,,,,
ocd-division/country:gb/part:eng/ward:e05009941,Hardhorn with High Cross,,,,
ocd-division/country:gb/part:eng/ward:e05009942,Jubilee,,,,
ocd-division/country:gb/part:eng/ward:e05009943,Marsh Mill,,,,
ocd-division/country:gb/part:eng/ward:e05009944,Mount,,,,
ocd-division/country:gb/part:eng/ward:e05009945,Park,,,,
ocd-division/country:gb/part:eng/ward:e05009946,Pharos,,,,
ocd-division/country:gb/part:eng/ward:e05009947,Pheasant's Wood,,,,
ocd-division/country:gb/part:eng/ward:e05009948,Pilling,,,,
ocd-division/country:gb/part:eng/ward:e05009949,Preesall,,,,
ocd-division/country:gb/part:eng/ward:e05009950,Rossall,,,,
ocd-division/country:gb/part:eng/ward:e05009951,Stanah,,,,
ocd-division/country:gb/part:eng/ward:e05009952,Tithebarn,,,,
ocd-division/country:gb/part:eng/ward:e05009953,Victoria & Norcross,,,,
ocd-division/country:gb/part:eng/ward:e05009954,Warren,,,,
ocd-division/country:gb/part:eng/ward:e05009955,Wyresdale,,,,
ocd-division/country:gb/part:eng/ward:e05009956,Ash and New Ash Green,,,,
ocd-division/country:gb/part:eng/ward:e05009958,Eynsford,,,,
ocd-division/country:gb/part:eng/ward:e05009959,Hartley and Hodsoll Street,,,,
ocd-division/country:gb/part:eng/ward:e05009960,Hextable,,,,
ocd-division/country:gb/part:eng/ward:e05009961,Leigh and Chiddingstone Causeway,,,,
ocd-division/country:gb/part:eng/ward:e05009962,Otford and Shoreham,,,,
ocd-division/country:gb/part:eng/ward:e05009963,"Penshurst, Fordcombe and Chiddingstone",,,,
ocd-division/country:gb/part:eng/ward:e05009964,Swanley Christchurch and Swanley Village,,,,
ocd-division/country:gb/part:eng/ward:e05009965,Westerham and Crockham Hill,,,,
ocd-division/country:gb/part:eng/ward:e05010015,Broadmead,,,,
ocd-division/country:gb/part:eng/ward:e05010016,Cheriton,,,,
ocd-division/country:gb/part:eng/ward:e05010017,East Folkestone,,,,
ocd-division/country:gb/part:eng/ward:e05010018,Folkestone Central,,,,
ocd-division/country:gb/part:eng/ward:e05010019,Folkestone Harbour,,,,
ocd-division/country:gb/part:eng/ward:e05010020,Hythe,,,,
ocd-division/country:gb/part:eng/ward:e05010021,Hythe Rural,,,,
ocd-division/country:gb/part:eng/ward:e05010022,New Romney,,,,
ocd-division/country:gb/part:eng/ward:e05010023,North Downs East,,,,
ocd-division/country:gb/part:eng/ward:e05010024,North Downs West,,,,
ocd-division/country:gb/part:eng/ward:e05010025,Romney Marsh,,,,
ocd-division/country:gb/part:eng/ward:e05010026,Sandgate & West Folkestone,,,,
ocd-division/country:gb/part:eng/ward:e05010027,Walland & Denge Marsh,,,,
ocd-division/country:gb/part:eng/ward:e05010064,Balderton South,,,,
ocd-division/country:gb/part:eng/ward:e05010066,Bilsthorpe,,,,
ocd-division/country:gb/part:eng/ward:e05010067,Boughton,,,,
ocd-division/country:gb/part:eng/ward:e05010068,Bridge,,,,
ocd-division/country:gb/part:eng/ward:e05010070,Collingham,,,,
ocd-division/country:gb/part:eng/ward:e05010071,Devon,,,,
ocd-division/country:gb/part:eng/ward:e05010072,Dover Beck,,,,
ocd-division/country:gb/part:eng/ward:e05010073,Edwinstowe & Clipstone,,,,
ocd-division/country:gb/part:eng/ward:e05010075,Farnsfield,,,,
ocd-division/country:gb/part:eng/ward:e05010076,Lowdham,,,,
ocd-division/country:gb/part:eng/ward:e05010077,Muskham,,,,
ocd-division/country:gb/part:eng/ward:e05010078,Ollerton,,,,
ocd-division/country:gb/part:eng/ward:e05010079,Rainworth North & Rufford,,,,
ocd-division/country:gb/part:eng/ward:e05010080,Rainworth South & Blidworth,,,,
ocd-division/country:gb/part:eng/ward:e05010081,Southwell,,,,
ocd-division/country:gb/part:eng/ward:e05010082,Sutton-on-Trent,,,,
ocd-division/country:gb/part:eng/ward:e05010083,Trent,,,,
ocd-division/country:gb/part:eng/ward:e05010090,Appleby,,,,
ocd-division/country:gb/part:eng/ward:e05010091,Ashby Castle,,,,
ocd-division/country:gb/part:eng/ward:e05010092,Ashby Holywell,,,,
ocd-division/country:gb/part:eng/ward:e05010093,Ashby Ivanhoe,,,,
ocd-division/country:gb/part:eng/ward:e05010094,Ashby Money Hill,,,,
ocd-division/country:gb/part:eng/ward:e05010095,Ashby Willesley,,,,
ocd-division/country:gb/part:eng/ward:e05010096,Ashby Woulds,,,,
ocd-division/country:gb/part:eng/ward:e05010097,Bardon,,,,
ocd-division/country:gb/part:eng/ward:e05010098,Blackfordby,,,,
ocd-division/country:gb/part:eng/ward:e05010099,Broom Leys,,,,
ocd-division/country:gb/part:eng/ward:e05010100,Castle Donington Castle,,,,
ocd-division/country:gb/part:eng/ward:e05010101,Castle Donington Central,,,,
ocd-division/country:gb/part:eng/ward:e05010102,Castle Donington Park,,,,
ocd-division/country:gb/part:eng/ward:e05010103,Castle Rock,,,,
ocd-division/country:gb/part:eng/ward:e05010104,Coalville East,,,,
ocd-division/country:gb/part:eng/ward:e05010105,Coalville West,,,,
ocd-division/country:gb/part:eng/ward:e05010106,Daleacre Hill,,,,
ocd-division/country:gb/part:eng/ward:e05010107,Ellistown & Battleflat,,,,
ocd-division/country:gb/part:eng/ward:e05010108,Greenhill,,,,
ocd-division/country:gb/part:eng/ward:e05010109,Hermitage,,,,
ocd-division/country:gb/part:eng/ward:e05010110,Holly Hayes,,,,
ocd-division/country:gb/part:eng/ward:e05010111,Hugglescote St John's,,,,
ocd-division/country:gb/part:eng/ward:e05010112,Hugglescote St Mary's,,,,
ocd-division/country:gb/part:eng/ward:e05010113,Ibstock East,,,,
ocd-division/country:gb/part:eng/ward:e05010114,Ibstock West,,,,
ocd-division/country:gb/part:eng/ward:e05010115,Kegworth,,,,
ocd-division/country:gb/part:eng/ward:e05010116,Long Whatton & Diseworth,,,,
ocd-division/country:gb/part:eng/ward:e05010117,Measham North,,,,
ocd-division/country:gb/part:eng/ward:e05010118,Measham South,,,,
ocd-division/country:gb/part:eng/ward:e05010119,Oakthorpe & Donisthorpe,,,,
ocd-division/country:gb/part:eng/ward:e05010120,Ravenstone & Packington,,,,
ocd-division/country:gb/part:eng/ward:e05010121,Sence Valley,,,,
ocd-division/country:gb/part:eng/ward:e05010122,Snibston North,,,,
ocd-division/country:gb/part:eng/ward:e05010123,Snibston South,,,,
ocd-division/country:gb/part:eng/ward:e05010124,Thornborough,,,,
ocd-division/country:gb/part:eng/ward:e05010125,Thringstone,,,,
ocd-division/country:gb/part:eng/ward:e05010126,Valley,,,,
ocd-division/country:gb/part:eng/ward:e05010127,Worthington & Breedon,,,,
ocd-division/country:gb/part:eng/ward:e05010128,Allington & Strete,,,,
ocd-division/country:gb/part:eng/ward:e05010129,Bickleigh & Cornwood,,,,
ocd-division/country:gb/part:eng/ward:e05010130,Blackawton & Stoke Fleming,,,,
ocd-division/country:gb/part:eng/ward:e05010131,Charterlands,,,,
ocd-division/country:gb/part:eng/ward:e05010132,Dartington & Staverton,,,,
ocd-division/country:gb/part:eng/ward:e05010133,Dartmouth & East Dart,,,,
ocd-division/country:gb/part:eng/ward:e05010134,Ermington & Ugborough,,,,
ocd-division/country:gb/part:eng/ward:e05010135,Ivybridge East,,,,
ocd-division/country:gb/part:eng/ward:e05010136,Ivybridge West,,,,
ocd-division/country:gb/part:eng/ward:e05010137,Kingsbridge,,,,
ocd-division/country:gb/part:eng/ward:e05010138,Loddiswell & Aveton Gifford,,,,
ocd-division/country:gb/part:eng/ward:e05010139,Marldon & Littlehempston,,,,
ocd-division/country:gb/part:eng/ward:e05010140,Newton & Yealmpton,,,,
ocd-division/country:gb/part:eng/ward:e05010141,Salcombe & Thurlestone,,,,
ocd-division/country:gb/part:eng/ward:e05010142,South Brent,,,,
ocd-division/country:gb/part:eng/ward:e05010143,Stokenham,,,,
ocd-division/country:gb/part:eng/ward:e05010144,Totnes,,,,
ocd-division/country:gb/part:eng/ward:e05010145,Wembury & Brixton,,,,
ocd-division/country:gb/part:eng/ward:e05010146,West Dart,,,,
ocd-division/country:gb/part:eng/ward:e05010147,Woolwell,,,,
ocd-division/country:gb/part:eng/ward:e05010148,Aveland,,,,
ocd-division/country:gb/part:eng/ward:e05010149,Belmont,,,,
ocd-division/country:gb/part:eng/ward:e05010150,Belvoir,,,,
ocd-division/country:gb/part:eng/ward:e05010151,Bourne Austerby,,,,
ocd-division/country:gb/part:eng/ward:e05010152,Bourne East,,,,
ocd-division/country:gb/part:eng/ward:e05010153,Bourne West,,,,
ocd-division/country:gb/part:eng/ward:e05010154,Casewick,,,,
ocd-division/country:gb/part:eng/ward:e05010155,Castle,,,,
ocd-division/country:gb/part:eng/ward:e05010156,Deeping St James,,,,
ocd-division/country:gb/part:eng/ward:e05010157,Dole Wood,,,,
ocd-division/country:gb/part:eng/ward:e05010158,Glen,,,,
ocd-division/country:gb/part:eng/ward:e05010159,Grantham Arnoldfield,,,,
ocd-division/country:gb/part:eng/ward:e05010160,Grantham Barrowby Gate,,,,
ocd-division/country:gb/part:eng/ward:e05010161,Grantham Earlesfield,,,,
ocd-division/country:gb/part:eng/ward:e05010162,Grantham Harrowby,,,,
ocd-division/country:gb/part:eng/ward:e05010163,Grantham St Vincent's,,,,
ocd-division/country:gb/part:eng/ward:e05010164,Grantham St Wulfram's,,,,
ocd-division/country:gb/part:eng/ward:e05010165,Grantham Springfield,,,,
ocd-division/country:gb/part:eng/ward:e05010166,Isaac Newton,,,,
ocd-division/country:gb/part:eng/ward:e05010167,Lincrest,,,,
ocd-division/country:gb/part:eng/ward:e05010168,Loveden Heath,,,,
ocd-division/country:gb/part:eng/ward:e05010169,Market & West Deeping,,,,
ocd-division/country:gb/part:eng/ward:e05010170,Morton,,,,
ocd-division/country:gb/part:eng/ward:e05010171,Peascliffe & Ridgeway,,,,
ocd-division/country:gb/part:eng/ward:e05010172,Stamford All Saints,,,,
ocd-division/country:gb/part:eng/ward:e05010173,Stamford St George's,,,,
ocd-division/country:gb/part:eng/ward:e05010174,Stamford St John's,,,,
ocd-division/country:gb/part:eng/ward:e05010175,Stamford St Mary's,,,,
ocd-division/country:gb/part:eng/ward:e05010176,Toller,,,,
ocd-division/country:gb/part:eng/ward:e05010177,Viking,,,,
ocd-division/country:gb/part:eng/ward:e05010214,Bamber Bridge East,,,,
ocd-division/country:gb/part:eng/ward:e05010215,Bamber Bridge West,,,,
ocd-division/country:gb/part:eng/ward:e05010216,Broad Oak,,,,
ocd-division/country:gb/part:eng/ward:e05010217,Broadfield,,,,
ocd-division/country:gb/part:eng/ward:e05010218,Buckshaw & Worden,,,,
ocd-division/country:gb/part:eng/ward:e05010219,Charnock,,,,
ocd-division/country:gb/part:eng/ward:e05010220,Coupe Green & Gregson Lane,,,,
ocd-division/country:gb/part:eng/ward:e05010221,Earnshaw Bridge,,,,
ocd-division/country:gb/part:eng/ward:e05010222,Farington East,,,,
ocd-division/country:gb/part:eng/ward:e05010223,Farington West,,,,
ocd-division/country:gb/part:eng/ward:e05010224,Hoole,,,,
ocd-division/country:gb/part:eng/ward:e05010225,Howick & Priory,,,,
ocd-division/country:gb/part:eng/ward:e05010226,Leyland Central,,,,
ocd-division/country:gb/part:eng/ward:e05010227,Longton & Hutton West,,,,
ocd-division/country:gb/part:eng/ward:e05010228,Lostock Hall,,,,
ocd-division/country:gb/part:eng/ward:e05010229,Middleforth,,,,
ocd-division/country:gb/part:eng/ward:e05010230,Moss Side,,,,
ocd-division/country:gb/part:eng/ward:e05010231,New Longton & Hutton East,,,,
ocd-division/country:gb/part:eng/ward:e05010232,St Ambrose,,,,
ocd-division/country:gb/part:eng/ward:e05010233,Samlesbury & Walton,,,,
ocd-division/country:gb/part:eng/ward:e05010234,Seven Stars,,,,
ocd-division/country:gb/part:eng/ward:e05010235,Walton-le-Dale East,,,,
ocd-division/country:gb/part:eng/ward:e05010236,Walton-le-Dale West,,,,
ocd-division/country:gb/part:eng/ward:e05010237,All Saints & Wayland,,,,
ocd-division/country:gb/part:eng/ward:e05010238,Ashill,,,,
ocd-division/country:gb/part:eng/ward:e05010239,Bedingfeld,,,,
ocd-division/country:gb/part:eng/ward:e05010240,Attleborough Burgh & Haverscroft,,,,
ocd-division/country:gb/part:eng/ward:e05010241,Attleborough Queens & Besthorpe,,,,
ocd-division/country:gb/part:eng/ward:e05010242,Dereham Neatherd,,,,
ocd-division/country:gb/part:eng/ward:e05010243,Dereham Toftwood,,,,
ocd-division/country:gb/part:eng/ward:e05010244,Dereham Withburga,,,,
ocd-division/country:gb/part:eng/ward:e05010245,Forest,,,,
ocd-division/country:gb/part:eng/ward:e05010246,Guiltcross,,,,
ocd-division/country:gb/part:eng/ward:e05010247,Harling & Heathlands,,,,
ocd-division/country:gb/part:eng/ward:e05010248,Hermitage,,,,
ocd-division/country:gb/part:eng/ward:e05010249,Launditch,,,,
ocd-division/country:gb/part:eng/ward:e05010250,Lincoln,,,,
ocd-division/country:gb/part:eng/ward:e05010251,Mattishall,,,,
ocd-division/country:gb/part:eng/ward:e05010252,Nar Valley,,,,
ocd-division/country:gb/part:eng/ward:e05010253,Necton,,,,
ocd-division/country:gb/part:eng/ward:e05010254,Saham Toney,,,,
ocd-division/country:gb/part:eng/ward:e05010255,Shipdham-with-Scarning,,,,
ocd-division/country:gb/part:eng/ward:e05010256,Swaffham,,,,
ocd-division/country:gb/part:eng/ward:e05010257,The Buckenhams & Banham,,,,
ocd-division/country:gb/part:eng/ward:e05010258,Thetford Boudica,,,,
ocd-division/country:gb/part:eng/ward:e05010259,Thetford Burrell,,,,
ocd-division/country:gb/part:eng/ward:e05010260,Thetford Castle,,,,
ocd-division/country:gb/part:eng/ward:e05010261,Thetford Priory,,,,
ocd-division/country:gb/part:eng/ward:e05010262,Upper Wensum,,,,
ocd-division/country:gb/part:eng/ward:e05010263,Watton,,,,
ocd-division/country:gb/part:eng/ward:e05010276,Backwell,,,,
ocd-division/country:gb/part:eng/ward:e05010277,Banwell & Winscombe,,,,
ocd-division/country:gb/part:eng/ward:e05010278,Blagdon & Churchill,,,,
ocd-division/country:gb/part:eng/ward:e05010279,Clevedon East,,,,
ocd-division/country:gb/part:eng/ward:e05010280,Clevedon South,,,,
ocd-division/country:gb/part:eng/ward:e05010281,Clevedon Walton,,,,
ocd-division/country:gb/part:eng/ward:e05010282,Clevedon West,,,,
ocd-division/country:gb/part:eng/ward:e05010283,Clevedon Yeo,,,,
ocd-division/country:gb/part:eng/ward:e05010284,Congresbury & Puxton,,,,
ocd-division/country:gb/part:eng/ward:e05010285,Gordano Valley,,,,
ocd-division/country:gb/part:eng/ward:e05010286,Hutton & Locking,,,,
ocd-division/country:gb/part:eng/ward:e05010287,Long Ashton,,,,
ocd-division/country:gb/part:eng/ward:e05010288,Nailsea Golden Valley,,,,
ocd-division/country:gb/part:eng/ward:e05010289,Nailsea West End,,,,
ocd-division/country:gb/part:eng/ward:e05010290,Nailsea Yeo,,,,
ocd-division/country:gb/part:eng/ward:e05010291,Nailsea Youngwood,,,,
ocd-division/country:gb/part:eng/ward:e05010292,Pill,,,,
ocd-division/country:gb/part:eng/ward:e05010293,Portishead East,,,,
ocd-division/country:gb/part:eng/ward:e05010294,Portishead North,,,,
ocd-division/country:gb/part:eng/ward:e05010295,Portishead South,,,,
ocd-division/country:gb/part:eng/ward:e05010296,Portishead West,,,,
ocd-division/country:gb/part:eng/ward:e05010297,Weston-super-Mare South,,,,
ocd-division/country:gb/part:eng/ward:e05010298,Weston-super-Mare Central,,,,
ocd-division/country:gb/part:eng/ward:e05010299,Weston-super-Mare Hillside,,,,
ocd-division/country:gb/part:eng/ward:e05010300,Weston-super-Mare Kewstoke,,,,
ocd-division/country:gb/part:eng/ward:e05010301,Weston-super-Mare Mid Worle,,,,
ocd-division/country:gb/part:eng/ward:e05010302,Weston-super-Mare Milton,,,,
ocd-division/country:gb/part:eng/ward:e05010303,Weston-super-Mare North Worle,,,,
ocd-division/country:gb/part:eng/ward:e05010304,Weston-super-Mare South Worle,,,,
ocd-division/country:gb/part:eng/ward:e05010305,Weston-super-Mare Uphill,,,,
ocd-division/country:gb/part:eng/ward:e05010306,Weston-super-Mare Winterstoke,,,,
ocd-division/country:gb/part:eng/ward:e05010307,Wick St Lawrence & St Georges,,,,
ocd-division/country:gb/part:eng/ward:e05010308,Winford,,,,
ocd-division/country:gb/part:eng/ward:e05010309,Wrington,,,,
ocd-division/country:gb/part:eng/ward:e05010310,Yatton,,,,
ocd-division/country:gb/part:eng/ward:e05010311,Acomb,,,,
ocd-division/country:gb/part:eng/ward:e05010312,Bishopthorpe,,,,
ocd-division/country:gb/part:eng/ward:e05010313,Clifton,,,,
ocd-division/country:gb/part:eng/ward:e05010314,Copmanthorpe,,,,
ocd-division/country:gb/part:eng/ward:e05010315,Dringhouses & Woodthorpe,,,,
ocd-division/country:gb/part:eng/ward:e05010316,Fishergate,,,,
ocd-division/country:gb/part:eng/ward:e05010317,Fulford & Heslington,,,,
ocd-division/country:gb/part:eng/ward:e05010318,Guildhall,,,,
ocd-division/country:gb/part:eng/ward:e05010319,Haxby & Wigginton,,,,
ocd-division/country:gb/part:eng/ward:e05010320,Heworth,,,,
ocd-division/country:gb/part:eng/ward:e05010321,Heworth Without,,,,
ocd-division/country:gb/part:eng/ward:e05010322,Holgate,,,,
ocd-division/country:gb/part:eng/ward:e05010323,Hull Road,,,,
ocd-division/country:gb/part:eng/ward:e05010324,Huntington & New Earswick,,,,
ocd-division/country:gb/part:eng/ward:e05010325,Micklegate,,,,
ocd-division/country:gb/part:eng/ward:e05010326,Osbaldwick & Derwent,,,,
ocd-division/country:gb/part:eng/ward:e05010327,Rawcliffe & Clifton Without,,,,
ocd-division/country:gb/part:eng/ward:e05010328,Rural West York,,,,
ocd-division/country:gb/part:eng/ward:e05010329,Strensall,,,,
ocd-division/country:gb/part:eng/ward:e05010330,Westfield,,,,
ocd-division/country:gb/part:eng/ward:e05010331,Wheldrake,,,,
ocd-division/country:gb/part:eng/ward:e05010365,Bocking Blackwater,,,,
ocd-division/country:gb/part:eng/ward:e05010366,Bocking North,,,,
ocd-division/country:gb/part:eng/ward:e05010367,Bocking South,,,,
ocd-division/country:gb/part:eng/ward:e05010368,Braintree Central & Beckers Green,,,,
ocd-division/country:gb/part:eng/ward:e05010369,Braintree South,,,,
ocd-division/country:gb/part:eng/ward:e05010370,Braintree West,,,,
ocd-division/country:gb/part:eng/ward:e05010371,Bumpstead,,,,
ocd-division/country:gb/part:eng/ward:e05010372,Coggeshall,,,,
ocd-division/country:gb/part:eng/ward:e05010374,Great Notley & Black Notley,,,,
ocd-division/country:gb/part:eng/ward:e05010378,Hedingham,,,,
ocd-division/country:gb/part:eng/ward:e05010379,Kelvedon & Feering,,,,
ocd-division/country:gb/part:eng/ward:e05010380,Rayne,,,,
ocd-division/country:gb/part:eng/ward:e05010382,Stour Valley North,,,,
ocd-division/country:gb/part:eng/ward:e05010383,Stour Valley South,,,,
ocd-division/country:gb/part:eng/ward:e05010384,The Colnes,,,,
ocd-division/country:gb/part:eng/ward:e05010385,Three Fields,,,,
ocd-division/country:gb/part:eng/ward:e05010388,Witham South,,,,
ocd-division/country:gb/part:eng/ward:e05010389,Witham West,,,,
ocd-division/country:gb/part:eng/ward:e05010390,Yeldham,,,,
ocd-division/country:gb/part:eng/ward:e05010392,Beltinge,,,,
ocd-division/country:gb/part:eng/ward:e05010393,Blean Forest,,,,
ocd-division/country:gb/part:eng/ward:e05010395,Chestfield,,,,
ocd-division/country:gb/part:eng/ward:e05010396,Gorrell,,,,
ocd-division/country:gb/part:eng/ward:e05010397,Greenhill,,,,
ocd-division/country:gb/part:eng/ward:e05010398,Herne & Broomfield,,,,
ocd-division/country:gb/part:eng/ward:e05010399,Heron,,,,
ocd-division/country:gb/part:eng/ward:e05010402,Northgate,,,,
ocd-division/country:gb/part:eng/ward:e05010404,Seasalter,,,,
ocd-division/country:gb/part:eng/ward:e05010405,St Stephen's,,,,
ocd-division/country:gb/part:eng/ward:e05010407,Swalecliffe,,,,
ocd-division/country:gb/part:eng/ward:e05010408,Tankerton,,,,
ocd-division/country:gb/part:eng/ward:e05010409,West Bay,,,,
ocd-division/country:gb/part:eng/ward:e05010410,Westgate,,,,
ocd-division/country:gb/part:eng/ward:e05010411,Wincheap,,,,
ocd-division/country:gb/part:eng/ward:e05010412,Bank Top & Lascelles,,,,
ocd-division/country:gb/part:eng/ward:e05010413,Brinkburn & Faverdale,,,,
ocd-division/country:gb/part:eng/ward:e05010414,Cockerton,,,,
ocd-division/country:gb/part:eng/ward:e05010415,College,,,,
ocd-division/country:gb/part:eng/ward:e05010416,Eastbourne,,,,
ocd-division/country:gb/part:eng/ward:e05010417,Harrowgate Hill,,,,
ocd-division/country:gb/part:eng/ward:e05010418,Haughton & Springfield,,,,
ocd-division/country:gb/part:eng/ward:e05010419,Heighington & Coniscliffe,,,,
ocd-division/country:gb/part:eng/ward:e05010420,Hummersknott,,,,
ocd-division/country:gb/part:eng/ward:e05010421,Hurworth,,,,
ocd-division/country:gb/part:eng/ward:e05010422,Mowden,,,,
ocd-division/country:gb/part:eng/ward:e05010423,North Road,,,,
ocd-division/country:gb/part:eng/ward:e05010424,Northgate,,,,
ocd-division/country:gb/part:eng/ward:e05010425,Park East,,,,
ocd-division/country:gb/part:eng/ward:e05010426,Park West,,,,
ocd-division/country:gb/part:eng/ward:e05010427,Pierremont,,,,
ocd-division/country:gb/part:eng/ward:e05010428,Red Hall & Lingfield,,,,
ocd-division/country:gb/part:eng/ward:e05010429,Sadberge & Middleton St George,,,,
ocd-division/country:gb/part:eng/ward:e05010430,Stephenson,,,,
ocd-division/country:gb/part:eng/ward:e05010431,Whinfield,,,,
ocd-division/country:gb/part:eng/ward:e05010458,Abbey,,,,
ocd-division/country:gb/part:eng/ward:e05010459,Aylestone,,,,
ocd-division/country:gb/part:eng/ward:e05010460,Beaumont Leys,,,,
ocd-division/country:gb/part:eng/ward:e05010461,Belgrave,,,,
ocd-division/country:gb/part:eng/ward:e05010462,Braunstone Park & Rowley Fields,,,,
ocd-division/country:gb/part:eng/ward:e05010463,Castle,,,,
ocd-division/country:gb/part:eng/ward:e05010464,Evington,,,,
ocd-division/country:gb/part:eng/ward:e05010465,Eyres Monsell,,,,
ocd-division/country:gb/part:eng/ward:e05010466,Fosse,,,,
ocd-division/country:gb/part:eng/ward:e05010467,Humberstone & Hamilton,,,,
ocd-division/country:gb/part:eng/ward:e05010468,Knighton,,,,
ocd-division/country:gb/part:eng/ward:e05010469,North Evington,,,,
ocd-division/country:gb/part:eng/ward:e05010470,Rushey Mead,,,,
ocd-division/country:gb/part:eng/ward:e05010471,Saffron,,,,
ocd-division/country:gb/part:eng/ward:e05010472,Spinney Hills,,,,
ocd-division/country:gb/part:eng/ward:e05010473,Stoneygate,,,,
ocd-division/country:gb/part:eng/ward:e05010474,Thurncourt,,,,
ocd-division/country:gb/part:eng/ward:e05010475,Troon,,,,
ocd-division/country:gb/part:eng/ward:e05010476,Westcotes,,,,
ocd-division/country:gb/part:eng/ward:e05010477,Western,,,,
ocd-division/country:gb/part:eng/ward:e05010478,Wycliffe,,,,
ocd-division/country:gb/part:eng/ward:e05010479,Barlaston,,,,
ocd-division/country:gb/part:eng/ward:e05010480,Baswich,,,,
ocd-division/country:gb/part:eng/ward:e05010481,Common,,,,
ocd-division/country:gb/part:eng/ward:e05010482,Coton,,,,
ocd-division/country:gb/part:eng/ward:e05010483,Doxey & Castletown,,,,
ocd-division/country:gb/part:eng/ward:e05010484,Eccleshall,,,,
ocd-division/country:gb/part:eng/ward:e05010485,Forebridge,,,,
ocd-division/country:gb/part:eng/ward:e05010486,Fulford,,,,
ocd-division/country:gb/part:eng/ward:e05010487,Gnosall & Woodseaves,,,,
ocd-division/country:gb/part:eng/ward:e05010488,Haywood & Hixon,,,,
ocd-division/country:gb/part:eng/ward:e05010489,Highfields & Western Downs,,,,
ocd-division/country:gb/part:eng/ward:e05010490,Holmcroft,,,,
ocd-division/country:gb/part:eng/ward:e05010491,Littleworth,,,,
ocd-division/country:gb/part:eng/ward:e05010492,Manor,,,,
ocd-division/country:gb/part:eng/ward:e05010493,Milford,,,,
ocd-division/country:gb/part:eng/ward:e05010494,Milwich,,,,
ocd-division/country:gb/part:eng/ward:e05010495,Penkside,,,,
ocd-division/country:gb/part:eng/ward:e05010496,Rowley,,,,
ocd-division/country:gb/part:eng/ward:e05010497,St Michael's & Stonefield,,,,
ocd-division/country:gb/part:eng/ward:e05010498,Seighford & Church Eaton,,,,
ocd-division/country:gb/part:eng/ward:e05010499,Swynnerton & Oulton,,,,
ocd-division/country:gb/part:eng/ward:e05010500,Walton,,,,
ocd-division/country:gb/part:eng/ward:e05010501,Weeping Cross & Wildwood,,,,
ocd-division/country:gb/part:eng/ward:e05010502,Aggborough & Spennells,,,,
ocd-division/country:gb/part:eng/ward:e05010503,Areley Kings & Riverside,,,,
ocd-division/country:gb/part:eng/ward:e05010504,Bewdley & Rock,,,,
ocd-division/country:gb/part:eng/ward:e05010505,Blakebrook & Habberley South,,,,
ocd-division/country:gb/part:eng/ward:e05010506,Broadwaters,,,,
ocd-division/country:gb/part:eng/ward:e05010507,Foley Park & Hoobrook,,,,
ocd-division/country:gb/part:eng/ward:e05010508,Franche & Habberley North,,,,
ocd-division/country:gb/part:eng/ward:e05010509,Lickhill,,,,
ocd-division/country:gb/part:eng/ward:e05010510,Mitton,,,,
ocd-division/country:gb/part:eng/ward:e05010511,Offmore & Comberton,,,,
ocd-division/country:gb/part:eng/ward:e05010512,Wribbenhall & Arley,,,,
ocd-division/country:gb/part:eng/ward:e05010513,Wyre Forest Rural,,,,
ocd-division/country:gb/part:eng/ward:e05010514,Attenborough & Chilwell East,,,,
ocd-division/country:gb/part:eng/ward:e05010516,Beeston Central,,,,
ocd-division/country:gb/part:eng/ward:e05010517,Beeston North,,,,
ocd-division/country:gb/part:eng/ward:e05010518,Beeston Rylands,,,,
ocd-division/country:gb/part:eng/ward:e05010519,Beeston West,,,,
ocd-division/country:gb/part:eng/ward:e05010521,Brinsley,,,,
ocd-division/country:gb/part:eng/ward:e05010522,Chilwell West,,,,
ocd-division/country:gb/part:eng/ward:e05010523,Eastwood Hall,,,,
ocd-division/country:gb/part:eng/ward:e05010524,Eastwood Hilltop,,,,
ocd-division/country:gb/part:eng/ward:e05010525,Eastwood St Mary's,,,,
ocd-division/country:gb/part:eng/ward:e05010531,Stapleford South West,,,,
ocd-division/country:gb/part:eng/ward:e05010532,Toton & Chilwell Meadows,,,,
ocd-division/country:gb/part:eng/ward:e05010533,Watnall & Nuthall West,,,,
ocd-division/country:gb/part:eng/ward:e05010550,Bere Ferrers,,,,
ocd-division/country:gb/part:eng/ward:e05010551,Bridestowe,,,,
ocd-division/country:gb/part:eng/ward:e05010552,Buckland Monachorum,,,,
ocd-division/country:gb/part:eng/ward:e05010553,Burrator,,,,
ocd-division/country:gb/part:eng/ward:e05010554,Chagford,,,,
ocd-division/country:gb/part:eng/ward:e05010555,Dartmoor,,,,
ocd-division/country:gb/part:eng/ward:e05010556,Drewsteignton,,,,
ocd-division/country:gb/part:eng/ward:e05010557,Exbourne,,,,
ocd-division/country:gb/part:eng/ward:e05010558,Hatherleigh,,,,
ocd-division/country:gb/part:eng/ward:e05010559,Mary Tavy,,,,
ocd-division/country:gb/part:eng/ward:e05010560,Milton Ford,,,,
ocd-division/country:gb/part:eng/ward:e05010561,Okehampton North,,,,
ocd-division/country:gb/part:eng/ward:e05010562,Okehampton South,,,,
ocd-division/country:gb/part:eng/ward:e05010563,South Tawton,,,,
ocd-division/country:gb/part:eng/ward:e05010564,Tamarside,,,,
ocd-division/country:gb/part:eng/ward:e05010565,Tavistock North,,,,
ocd-division/country:gb/part:eng/ward:e05010566,Tavistock South East,,,,
ocd-division/country:gb/part:eng/ward:e05010567,Tavistock South West,,,,
ocd-division/country:gb/part:eng/ward:e05010604,Awsworth Road,,,,
ocd-division/country:gb/part:eng/ward:e05010605,Breaston,,,,
ocd-division/country:gb/part:eng/ward:e05010606,Cotmanhay,,,,
ocd-division/country:gb/part:eng/ward:e05010607,Derby Road East,,,,
ocd-division/country:gb/part:eng/ward:e05010608,Derby Road West,,,,
ocd-division/country:gb/part:eng/ward:e05010609,Draycott & Risley,,,,
ocd-division/country:gb/part:eng/ward:e05010610,Hallam Fields,,,,
ocd-division/country:gb/part:eng/ward:e05010611,Kirk Hallam & Stanton-by-Dale,,,,
ocd-division/country:gb/part:eng/ward:e05010612,Larklands,,,,
ocd-division/country:gb/part:eng/ward:e05010613,Little Eaton & Stanley,,,,
ocd-division/country:gb/part:eng/ward:e05010614,Little Hallam,,,,
ocd-division/country:gb/part:eng/ward:e05010615,Long Eaton Central,,,,
ocd-division/country:gb/part:eng/ward:e05010616,Nottingham Road,,,,
ocd-division/country:gb/part:eng/ward:e05010617,Ockbrook & Borrowash,,,,
ocd-division/country:gb/part:eng/ward:e05010618,Sandiacre,,,,
ocd-division/country:gb/part:eng/ward:e05010619,Sawley,,,,
ocd-division/country:gb/part:eng/ward:e05010620,Shipley View,,,,
ocd-division/country:gb/part:eng/ward:e05010621,West Hallam & Dale Abbey,,,,
ocd-division/country:gb/part:eng/ward:e05010622,Wilsthorpe,,,,
ocd-division/country:gb/part:eng/ward:e05010623,Barms,,,,
ocd-division/country:gb/part:eng/ward:e05010624,Blackbrook,,,,
ocd-division/country:gb/part:eng/ward:e05010625,Burbage,,,,
ocd-division/country:gb/part:eng/ward:e05010626,Buxton Central,,,,
ocd-division/country:gb/part:eng/ward:e05010627,Chapel East,,,,
ocd-division/country:gb/part:eng/ward:e05010628,Chapel West,,,,
ocd-division/country:gb/part:eng/ward:e05010629,Corbar,,,,
ocd-division/country:gb/part:eng/ward:e05010630,Cote Heath,,,,
ocd-division/country:gb/part:eng/ward:e05010631,Dinting,,,,
ocd-division/country:gb/part:eng/ward:e05010632,Gamesley,,,,
ocd-division/country:gb/part:eng/ward:e05010633,Hadfield North,,,,
ocd-division/country:gb/part:eng/ward:e05010634,Hadfield South,,,,
ocd-division/country:gb/part:eng/ward:e05010635,Hayfield,,,,
ocd-division/country:gb/part:eng/ward:e05010636,Hope Valley,,,,
ocd-division/country:gb/part:eng/ward:e05010637,Howard Town,,,,
ocd-division/country:gb/part:eng/ward:e05010638,Limestone Peak,,,,
ocd-division/country:gb/part:eng/ward:e05010639,New Mills East,,,,
ocd-division/country:gb/part:eng/ward:e05010640,New Mills West,,,,
ocd-division/country:gb/part:eng/ward:e05010641,Old Glossop,,,,
ocd-division/country:gb/part:eng/ward:e05010642,Padfield,,,,
ocd-division/country:gb/part:eng/ward:e05010643,St John's,,,,
ocd-division/country:gb/part:eng/ward:e05010644,Sett,,,,
ocd-division/country:gb/part:eng/ward:e05010645,Simmondley,,,,
ocd-division/country:gb/part:eng/ward:e05010646,Stone Bench,,,,
ocd-division/country:gb/part:eng/ward:e05010647,Temple,,,,
ocd-division/country:gb/part:eng/ward:e05010648,Tintwistle,,,,
ocd-division/country:gb/part:eng/ward:e05010649,Whaley Bridge,,,,
ocd-division/country:gb/part:eng/ward:e05010650,Whitfield,,,,
ocd-division/country:gb/part:eng/ward:e05010651,Alrewas & Fradley,,,,
ocd-division/country:gb/part:eng/ward:e05010652,Armitage with Handsacre,,,,
ocd-division/country:gb/part:eng/ward:e05010653,Boley Park,,,,
ocd-division/country:gb/part:eng/ward:e05010654,Boney Hay & Central,,,,
ocd-division/country:gb/part:eng/ward:e05010655,Bourne Vale,,,,
ocd-division/country:gb/part:eng/ward:e05010656,Chadsmead,,,,
ocd-division/country:gb/part:eng/ward:e05010657,Chase Terrace,,,,
ocd-division/country:gb/part:eng/ward:e05010658,Chasetown,,,,
ocd-division/country:gb/part:eng/ward:e05010659,Colton & the Ridwares,,,,
ocd-division/country:gb/part:eng/ward:e05010660,Curborough,,,,
ocd-division/country:gb/part:eng/ward:e05010661,Fazeley,,,,
ocd-division/country:gb/part:eng/ward:e05010662,Hammerwich with Wall,,,,
ocd-division/country:gb/part:eng/ward:e05010663,Highfield,,,,
ocd-division/country:gb/part:eng/ward:e05010664,Leomansley,,,,
ocd-division/country:gb/part:eng/ward:e05010665,Little Aston & Stonnall,,,,
ocd-division/country:gb/part:eng/ward:e05010666,Longdon,,,,
ocd-division/country:gb/part:eng/ward:e05010667,Mease Valley,,,,
ocd-division/country:gb/part:eng/ward:e05010668,St John's,,,,
ocd-division/country:gb/part:eng/ward:e05010669,Shenstone,,,,
ocd-division/country:gb/part:eng/ward:e05010670,Stowe,,,,
ocd-division/country:gb/part:eng/ward:e05010671,Summerfield & All Saints,,,,
ocd-division/country:gb/part:eng/ward:e05010672,Whittington & Streethay,,,,
ocd-division/country:gb/part:eng/ward:e05010673,Abbey Hill,,,,
ocd-division/country:gb/part:eng/ward:e05010674,Annesley & Kirkby Woodhouse,,,,
ocd-division/country:gb/part:eng/ward:e05010675,Ashfields,,,,
ocd-division/country:gb/part:eng/ward:e05010676,Carsic,,,,
ocd-division/country:gb/part:eng/ward:e05010677,Sutton Central & New Cross,,,,
ocd-division/country:gb/part:eng/ward:e05010678,Hucknall Central,,,,
ocd-division/country:gb/part:eng/ward:e05010679,Hucknall North,,,,
ocd-division/country:gb/part:eng/ward:e05010680,Hucknall South,,,,
ocd-division/country:gb/part:eng/ward:e05010681,Hucknall West,,,,
ocd-division/country:gb/part:eng/ward:e05010682,Huthwaite & Brierley,,,,
ocd-division/country:gb/part:eng/ward:e05010683,Jacksdale & Westwood,,,,
ocd-division/country:gb/part:eng/ward:e05010684,Kingsway,,,,
ocd-division/country:gb/part:eng/ward:e05010685,Kirkby Cross & Portland,,,,
ocd-division/country:gb/part:eng/ward:e05010686,Larwood,,,,
ocd-division/country:gb/part:eng/ward:e05010687,Leamington,,,,
ocd-division/country:gb/part:eng/ward:e05010688,Sutton St Mary's,,,,
ocd-division/country:gb/part:eng/ward:e05010689,Selston,,,,
ocd-division/country:gb/part:eng/ward:e05010690,Skegby,,,,
ocd-division/country:gb/part:eng/ward:e05010691,Stanton Hill & Teversal,,,,
ocd-division/country:gb/part:eng/ward:e05010692,Greenwood & Summit,,,,
ocd-division/country:gb/part:eng/ward:e05010693,Sutton Junction & Harlow Wood,,,,
ocd-division/country:gb/part:eng/ward:e05010694,The Dales,,,,
ocd-division/country:gb/part:eng/ward:e05010695,Underwood,,,,
ocd-division/country:gb/part:eng/ward:e05010696,Abbey,,,,
ocd-division/country:gb/part:eng/ward:e05010697,Blockley,,,,
ocd-division/country:gb/part:eng/ward:e05010698,Bourton Vale,,,,
ocd-division/country:gb/part:eng/ward:e05010699,Bourton Village,,,,
ocd-division/country:gb/part:eng/ward:e05010700,Campden & Vale,,,,
ocd-division/country:gb/part:eng/ward:e05010702,Chesterton,,,,
ocd-division/country:gb/part:eng/ward:e05010703,Coln Valley,,,,
ocd-division/country:gb/part:eng/ward:e05010705,Fairford North,,,,
ocd-division/country:gb/part:eng/ward:e05010706,Fosseridge,,,,
ocd-division/country:gb/part:eng/ward:e05010707,Four Acres,,,,
ocd-division/country:gb/part:eng/ward:e05010708,Grumbolds Ash with Avening,,,,
ocd-division/country:gb/part:eng/ward:e05010709,Kemble,,,,
ocd-division/country:gb/part:eng/ward:e05010710,"Lechlade, Kempsford & Fairford South",,,,
ocd-division/country:gb/part:eng/ward:e05010711,Moreton East,,,,
ocd-division/country:gb/part:eng/ward:e05010712,Moreton West,,,,
ocd-division/country:gb/part:eng/ward:e05010713,New Mills,,,,
ocd-division/country:gb/part:eng/ward:e05010714,Northleach,,,,
ocd-division/country:gb/part:eng/ward:e05010715,St Michael's,,,,
ocd-division/country:gb/part:eng/ward:e05010717,Siddington & Cerney Rural,,,,
ocd-division/country:gb/part:eng/ward:e05010718,South Cerney Village,,,,
ocd-division/country:gb/part:eng/ward:e05010719,Stow,,,,
ocd-division/country:gb/part:eng/ward:e05010721,Tetbury East & Rural,,,,
ocd-division/country:gb/part:eng/ward:e05010722,Tetbury Town,,,,
ocd-division/country:gb/part:eng/ward:e05010723,Tetbury with Upton,,,,
ocd-division/country:gb/part:eng/ward:e05010724,The Ampneys & Hampton,,,,
ocd-division/country:gb/part:eng/ward:e05010725,The Beeches,,,,
ocd-division/country:gb/part:eng/ward:e05010726,The Rissingtons,,,,
ocd-division/country:gb/part:eng/ward:e05010727,Watermoor,,,,
ocd-division/country:gb/part:eng/ward:e05010728,Adwick le Street & Carcroft,,,,
ocd-division/country:gb/part:eng/ward:e05010729,Armthorpe,,,,
ocd-division/country:gb/part:eng/ward:e05010730,Balby South,,,,
ocd-division/country:gb/part:eng/ward:e05010731,Bentley,,,,
ocd-division/country:gb/part:eng/ward:e05010732,Bessacarr,,,,
ocd-division/country:gb/part:eng/ward:e05010733,Conisbrough,,,,
ocd-division/country:gb/part:eng/ward:e05010734,Edenthorpe & Kirk Sandall,,,,
ocd-division/country:gb/part:eng/ward:e05010735,Edlington & Warmsworth,,,,
ocd-division/country:gb/part:eng/ward:e05010736,Finningley,,,,
ocd-division/country:gb/part:eng/ward:e05010737,Hatfield,,,,
ocd-division/country:gb/part:eng/ward:e05010738,Hexthorpe & Balby North,,,,
ocd-division/country:gb/part:eng/ward:e05010739,Mexborough,,,,
ocd-division/country:gb/part:eng/ward:e05010740,Norton & Askern,,,,
ocd-division/country:gb/part:eng/ward:e05010741,Roman Ridge,,,,
ocd-division/country:gb/part:eng/ward:e05010742,Rossington & Bawtry,,,,
ocd-division/country:gb/part:eng/ward:e05010743,Sprotbrough,,,,
ocd-division/country:gb/part:eng/ward:e05010744,Stainforth & Barnby Dun,,,,
ocd-division/country:gb/part:eng/ward:e05010745,Thorne & Moorends,,,,
ocd-division/country:gb/part:eng/ward:e05010746,Tickhill & Wadsworth,,,,
ocd-division/country:gb/part:eng/ward:e05010747,Town,,,,
ocd-division/country:gb/part:eng/ward:e05010748,Wheatley Hills & Intake,,,,
ocd-division/country:gb/part:eng/ward:e05010755,Blunsdon and Highworth,,,,
ocd-division/country:gb/part:eng/ward:e05010756,Haydon Wick,,,,
ocd-division/country:gb/part:eng/ward:e05010757,Penhill and Upper Stratton,,,,
ocd-division/country:gb/part:eng/ward:e05010758,Admirals and Cawston,,,,
ocd-division/country:gb/part:eng/ward:e05010759,Dunsmore,,,,
ocd-division/country:gb/part:eng/ward:e05010760,Wolston and the Lawfords,,,,
ocd-division/country:gb/part:eng/ward:e05010781,Chadlington and Churchill,,,,
ocd-division/country:gb/part:eng/ward:e05010782,Charlbury and Finstock,,,,
ocd-division/country:gb/part:eng/ward:e05010783,"Hailey, Minster Lovell and Leafield",,,,
ocd-division/country:gb/part:eng/ward:e05010784,Abbey,,,,
ocd-division/country:gb/part:eng/ward:e05010785,Birchwood,,,,
ocd-division/country:gb/part:eng/ward:e05010786,Boultham,,,,
ocd-division/country:gb/part:eng/ward:e05010787,Carholme,,,,
ocd-division/country:gb/part:eng/ward:e05010788,Castle,,,,
ocd-division/country:gb/part:eng/ward:e05010789,Glebe,,,,
ocd-division/country:gb/part:eng/ward:e05010790,Hartsholme,,,,
ocd-division/country:gb/part:eng/ward:e05010791,Minster,,,,
ocd-division/country:gb/part:eng/ward:e05010792,Moorland,,,,
ocd-division/country:gb/part:eng/ward:e05010793,Park,,,,
ocd-division/country:gb/part:eng/ward:e05010794,Witham,,,,
ocd-division/country:gb/part:eng/ward:e05010795,Byfleet and West Byfleet,,,,
ocd-division/country:gb/part:eng/ward:e05010796,Canalside,,,,
ocd-division/country:gb/part:eng/ward:e05010797,Goldsworth Park,,,,
ocd-division/country:gb/part:eng/ward:e05010798,Heathlands,,,,
ocd-division/country:gb/part:eng/ward:e05010799,Hoe Valley,,,,
ocd-division/country:gb/part:eng/ward:e05010800,Horsell,,,,
ocd-division/country:gb/part:eng/ward:e05010801,Knaphill,,,,
ocd-division/country:gb/part:eng/ward:e05010802,Mount Hermon,,,,
ocd-division/country:gb/part:eng/ward:e05010803,Pyrford,,,,
ocd-division/country:gb/part:eng/ward:e05010804,St John's,,,,
ocd-division/country:gb/part:eng/ward:e05010805,Barnack,,,,
ocd-division/country:gb/part:eng/ward:e05010806,Bretton,,,,
ocd-division/country:gb/part:eng/ward:e05010807,Central,,,,
ocd-division/country:gb/part:eng/ward:e05010808,Dogsthorpe,,,,
ocd-division/country:gb/part:eng/ward:e05010809,East,,,,
ocd-division/country:gb/part:eng/ward:e05010810,"Eye, Thorney and Newborough",,,,
ocd-division/country:gb/part:eng/ward:e05010811,Fletton and Stanground,,,,
ocd-division/country:gb/part:eng/ward:e05010812,Fletton and Woodston,,,,
ocd-division/country:gb/part:eng/ward:e05010813,Glinton and Castor,,,,
ocd-division/country:gb/part:eng/ward:e05010814,Gunthorpe,,,,
ocd-division/country:gb/part:eng/ward:e05010815,Hampton Vale,,,,
ocd-division/country:gb/part:eng/ward:e05010816,Hargate and Hempsted,,,,
ocd-division/country:gb/part:eng/ward:e05010817,North,,,,
ocd-division/country:gb/part:eng/ward:e05010818,Orton Longueville,,,,
ocd-division/country:gb/part:eng/ward:e05010819,Orton Waterville,,,,
ocd-division/country:gb/part:eng/ward:e05010820,Park,,,,
ocd-division/country:gb/part:eng/ward:e05010821,Paston and Walton,,,,
ocd-division/country:gb/part:eng/ward:e05010822,Ravensthorpe,,,,
ocd-division/country:gb/part:eng/ward:e05010823,Stanground South,,,,
ocd-division/country:gb/part:eng/ward:e05010824,Werrington,,,,
ocd-division/country:gb/part:eng/ward:e05010825,West,,,,
ocd-division/country:gb/part:eng/ward:e05010826,Wittering,,,,
ocd-division/country:gb/part:eng/ward:e05010827,Berechurch,,,,
ocd-division/country:gb/part:eng/ward:e05010828,Castle,,,,
ocd-division/country:gb/part:eng/ward:e05010829,Greenstead,,,,
ocd-division/country:gb/part:eng/ward:e05010830,Highwoods,,,,
ocd-division/country:gb/part:eng/ward:e05010831,Lexden and Braiswick,,,,
ocd-division/country:gb/part:eng/ward:e05010832,Marks Tey and Layer,,,,
ocd-division/country:gb/part:eng/ward:e05010833,Mersea and Pyefleet,,,,
ocd-division/country:gb/part:eng/ward:e05010834,Mile End,,,,
ocd-division/country:gb/part:eng/ward:e05010835,New Town and Christ Church,,,,
ocd-division/country:gb/part:eng/ward:e05010836,Old Heath and The Hythe,,,,
ocd-division/country:gb/part:eng/ward:e05010837,Prettygate,,,,
ocd-division/country:gb/part:eng/ward:e05010838,Rural North,,,,
ocd-division/country:gb/part:eng/ward:e05010839,St Anne's and St John's,,,,
ocd-division/country:gb/part:eng/ward:e05010840,Shrub End,,,,
ocd-division/country:gb/part:eng/ward:e05010841,Stanway,,,,
ocd-division/country:gb/part:eng/ward:e05010842,Tiptree,,,,
ocd-division/country:gb/part:eng/ward:e05010843,Wivenhoe,,,,
ocd-division/country:gb/part:eng/ward:e05010844,Downhall and Rawreth,,,,
ocd-division/country:gb/part:eng/ward:e05010845,Foulness and The Wakerings,,,,
ocd-division/country:gb/part:eng/ward:e05010846,Hawkwell East,,,,
ocd-division/country:gb/part:eng/ward:e05010847,Hawkwell West,,,,
ocd-division/country:gb/part:eng/ward:e05010848,Hockley,,,,
ocd-division/country:gb/part:eng/ward:e05010849,Hockley and Ashingdon,,,,
ocd-division/country:gb/part:eng/ward:e05010850,Hullbridge,,,,
ocd-division/country:gb/part:eng/ward:e05010851,Lodge,,,,
ocd-division/country:gb/part:eng/ward:e05010852,Roche North and Rural,,,,
ocd-division/country:gb/part:eng/ward:e05010853,Roche South,,,,
ocd-division/country:gb/part:eng/ward:e05010854,Sweyne Park and Grange,,,,
ocd-division/country:gb/part:eng/ward:e05010855,Trinity,,,,
ocd-division/country:gb/part:eng/ward:e05010856,Wheatley,,,,
ocd-division/country:gb/part:eng/ward:e05010857,Beauchief and Greenhill,,,,
ocd-division/country:gb/part:eng/ward:e05010858,Beighton,,,,
ocd-division/country:gb/part:eng/ward:e05010859,Birley,,,,
ocd-division/country:gb/part:eng/ward:e05010860,Broomhill and Sharrow Vale,,,,
ocd-division/country:gb/part:eng/ward:e05010861,Burngreave,,,,
ocd-division/country:gb/part:eng/ward:e05010862,City,,,,
ocd-division/country:gb/part:eng/ward:e05010863,Crookes and Crosspool,,,,
ocd-division/country:gb/part:eng/ward:e05010864,Darnall,,,,
ocd-division/country:gb/part:eng/ward:e05010865,Dore and Totley,,,,
ocd-division/country:gb/part:eng/ward:e05010866,East Ecclesfield,,,,
ocd-division/country:gb/part:eng/ward:e05010867,Ecclesall,,,,
ocd-division/country:gb/part:eng/ward:e05010868,Firth Park,,,,
ocd-division/country:gb/part:eng/ward:e05010869,Fulwood,,,,
ocd-division/country:gb/part:eng/ward:e05010870,Gleadless Valley,,,,
ocd-division/country:gb/part:eng/ward:e05010871,Graves Park,,,,
ocd-division/country:gb/part:eng/ward:e05010872,Hillsborough,,,,
ocd-division/country:gb/part:eng/ward:e05010873,Manor Castle,,,,
ocd-division/country:gb/part:eng/ward:e05010874,Mosborough,,,,
ocd-division/country:gb/part:eng/ward:e05010875,Nether Edge and Sharrow,,,,
ocd-division/country:gb/part:eng/ward:e05010876,Park and Arbourthorne,,,,
ocd-division/country:gb/part:eng/ward:e05010877,Richmond,,,,
ocd-division/country:gb/part:eng/ward:e05010878,Shiregreen and Brightside,,,,
ocd-division/country:gb/part:eng/ward:e05010879,Southey,,,,
ocd-division/country:gb/part:eng/ward:e05010880,Stannington,,,,
ocd-division/country:gb/part:eng/ward:e05010881,Stocksbridge and Upper Don,,,,
ocd-division/country:gb/part:eng/ward:e05010882,Walkley,,,,
ocd-division/country:gb/part:eng/ward:e05010883,West Ecclesfield,,,,
ocd-division/country:gb/part:eng/ward:e05010884,Woodhouse,,,,
ocd-division/country:gb/part:eng/ward:e05010885,Ashley,,,,
ocd-division/country:gb/part:eng/ward:e05010886,Avonmouth and Lawrence Weston,,,,
ocd-division/country:gb/part:eng/ward:e05010887,Bedminster,,,,
ocd-division/country:gb/part:eng/ward:e05010888,Bishopston and Ashley Down,,,,
ocd-division/country:gb/part:eng/ward:e05010889,Bishopsworth,,,,
ocd-division/country:gb/part:eng/ward:e05010890,Brislington East,,,,
ocd-division/country:gb/part:eng/ward:e05010891,Brislington West,,,,
ocd-division/country:gb/part:eng/ward:e05010892,Central,,,,
ocd-division/country:gb/part:eng/ward:e05010893,Clifton,,,,
ocd-division/country:gb/part:eng/ward:e05010894,Clifton Down,,,,
ocd-division/country:gb/part:eng/ward:e05010895,Cotham,,,,
ocd-division/country:gb/part:eng/ward:e05010896,Easton,,,,
ocd-division/country:gb/part:eng/ward:e05010897,Eastville,,,,
ocd-division/country:gb/part:eng/ward:e05010898,Filwood,,,,
ocd-division/country:gb/part:eng/ward:e05010899,Frome Vale,,,,
ocd-division/country:gb/part:eng/ward:e05010900,Hartcliffe and Withywood,,,,
ocd-division/country:gb/part:eng/ward:e05010901,Henbury and Brentry,,,,
ocd-division/country:gb/part:eng/ward:e05010902,Hengrove and Whitchurch Park,,,,
ocd-division/country:gb/part:eng/ward:e05010903,Hillfields,,,,
ocd-division/country:gb/part:eng/ward:e05010904,Horfield,,,,
ocd-division/country:gb/part:eng/ward:e05010905,Hotwells and Harbourside,,,,
ocd-division/country:gb/part:eng/ward:e05010906,Knowle,,,,
ocd-division/country:gb/part:eng/ward:e05010907,Lawrence Hill,,,,
ocd-division/country:gb/part:eng/ward:e05010908,Lockleaze,,,,
ocd-division/country:gb/part:eng/ward:e05010909,Redland,,,,
ocd-division/country:gb/part:eng/ward:e05010910,St George Central,,,,
ocd-division/country:gb/part:eng/ward:e05010911,St George Troopers Hill,,,,
ocd-division/country:gb/part:eng/ward:e05010912,St George West,,,,
ocd-division/country:gb/part:eng/ward:e05010913,Southmead,,,,
ocd-division/country:gb/part:eng/ward:e05010914,Southville,,,,
ocd-division/country:gb/part:eng/ward:e05010915,Stockwood,,,,
ocd-division/country:gb/part:eng/ward:e05010916,Stoke Bishop,,,,
ocd-division/country:gb/part:eng/ward:e05010917,Westbury-on-Trym and Henleaze,,,,
ocd-division/country:gb/part:eng/ward:e05010918,Windmill Hill,,,,
ocd-division/country:gb/part:eng/ward:e05010921,Banbury Cross and Neithrop,,,,
ocd-division/country:gb/part:eng/ward:e05010922,Banbury Grimsbury and Hightown,,,,
ocd-division/country:gb/part:eng/ward:e05010923,Banbury Hardwick,,,,
ocd-division/country:gb/part:eng/ward:e05010924,Banbury Ruscote,,,,
ocd-division/country:gb/part:eng/ward:e05010925,Bicester East,,,,
ocd-division/country:gb/part:eng/ward:e05010926,Bicester North and Caversfield,,,,
ocd-division/country:gb/part:eng/ward:e05010928,Bicester West,,,,
ocd-division/country:gb/part:eng/ward:e05010929,"Cropredy, Sibfords and Wroxton",,,,
ocd-division/country:gb/part:eng/ward:e05010930,Deddington,,,,
ocd-division/country:gb/part:eng/ward:e05010932,Kidlington East,,,,
ocd-division/country:gb/part:eng/ward:e05010933,Kidlington West,,,,
ocd-division/country:gb/part:eng/ward:e05010934,Launton and Otmoor,,,,
ocd-division/country:gb/part:eng/ward:e05010935,Cherryfield,,,,
ocd-division/country:gb/part:eng/ward:e05010936,Halewood North,,,,
ocd-division/country:gb/part:eng/ward:e05010937,Halewood South,,,,
ocd-division/country:gb/part:eng/ward:e05010938,Northwood,,,,
ocd-division/country:gb/part:eng/ward:e05010939,Page Moss,,,,
ocd-division/country:gb/part:eng/ward:e05010940,Prescot North,,,,
ocd-division/country:gb/part:eng/ward:e05010941,Prescot South,,,,
ocd-division/country:gb/part:eng/ward:e05010942,Roby,,,,
ocd-division/country:gb/part:eng/ward:e05010943,Shevington,,,,
ocd-division/country:gb/part:eng/ward:e05010944,St Gabriels,,,,
ocd-division/country:gb/part:eng/ward:e05010945,St Michaels,,,,
ocd-division/country:gb/part:eng/ward:e05010946,Stockbridge,,,,
ocd-division/country:gb/part:eng/ward:e05010947,Swanside,,,,
ocd-division/country:gb/part:eng/ward:e05010948,Whiston and Cronton,,,,
ocd-division/country:gb/part:eng/ward:e05010949,Whitefield,,,,
ocd-division/country:gb/part:eng/ward:e05010950,Abbeydale,,,,
ocd-division/country:gb/part:eng/ward:e05010951,Abbeymead,,,,
ocd-division/country:gb/part:eng/ward:e05010952,Barnwood,,,,
ocd-division/country:gb/part:eng/ward:e05010953,Barton and Tredworth,,,,
ocd-division/country:gb/part:eng/ward:e05010954,Coney Hill,,,,
ocd-division/country:gb/part:eng/ward:e05010955,Elmbridge,,,,
ocd-division/country:gb/part:eng/ward:e05010956,Grange,,,,
ocd-division/country:gb/part:eng/ward:e05010957,Hucclecote,,,,
ocd-division/country:gb/part:eng/ward:e05010958,Kingsholm and Wotton,,,,
ocd-division/country:gb/part:eng/ward:e05010959,Kingsway,,,,
ocd-division/country:gb/part:eng/ward:e05010960,Longlevens,,,,
ocd-division/country:gb/part:eng/ward:e05010961,"Matson, Robinswood and White City",,,,
ocd-division/country:gb/part:eng/ward:e05010962,Moreland,,,,
ocd-division/country:gb/part:eng/ward:e05010963,Podsmead,,,,
ocd-division/country:gb/part:eng/ward:e05010964,Quedgeley Fieldcourt,,,,
ocd-division/country:gb/part:eng/ward:e05010965,Quedgeley Severn Vale,,,,
ocd-division/country:gb/part:eng/ward:e05010966,Tuffley,,,,
ocd-division/country:gb/part:eng/ward:e05010967,Westgate,,,,
ocd-division/country:gb/part:eng/ward:e05010969,Berkeley Vale,,,,
ocd-division/country:gb/part:eng/ward:e05010972,Cam East,,,,
ocd-division/country:gb/part:eng/ward:e05010973,Cam West,,,,
ocd-division/country:gb/part:eng/ward:e05010975,Coaley and Uley,,,,
ocd-division/country:gb/part:eng/ward:e05010976,Dursley,,,,
ocd-division/country:gb/part:eng/ward:e05010981,Painswick and Upton,,,,
ocd-division/country:gb/part:eng/ward:e05010982,"Randwick, Whiteshill and Ruscombe",,,,
ocd-division/country:gb/part:eng/ward:e05010986,Stroud Central,,,,
ocd-division/country:gb/part:eng/ward:e05010987,Stroud Farmhill and Paganhill,,,,
ocd-division/country:gb/part:eng/ward:e05010988,Stroud Slade,,,,
ocd-division/country:gb/part:eng/ward:e05010990,Stroud Uplands,,,,
ocd-division/country:gb/part:eng/ward:e05010991,Stroud Valley,,,,
ocd-division/country:gb/part:eng/ward:e05010992,The Stanleys,,,,
ocd-division/country:gb/part:eng/ward:e05010995,Alresford and Itchen Valley,,,,
ocd-division/country:gb/part:eng/ward:e05010996,Badger Farm and Oliver's Battery,,,,
ocd-division/country:gb/part:eng/ward:e05010997,Bishop's Waltham,,,,
ocd-division/country:gb/part:eng/ward:e05010998,Central Meon Valley,,,,
ocd-division/country:gb/part:eng/ward:e05010999,Colden Common and Twyford,,,,
ocd-division/country:gb/part:eng/ward:e05011000,Denmead,,,,
ocd-division/country:gb/part:eng/ward:e05011001,St Barnabas,,,,
ocd-division/country:gb/part:eng/ward:e05011002,St Bartholomew,,,,
ocd-division/country:gb/part:eng/ward:e05011003,St Luke,,,,
ocd-division/country:gb/part:eng/ward:e05011004,St Michael,,,,
ocd-division/country:gb/part:eng/ward:e05011005,St Paul,,,,
ocd-division/country:gb/part:eng/ward:e05011006,Southwick and Wickham,,,,
ocd-division/country:gb/part:eng/ward:e05011007,The Worthys,,,,
ocd-division/country:gb/part:eng/ward:e05011008,Upper Meon Valley,,,,
ocd-division/country:gb/part:eng/ward:e05011009,Whiteley and Shedfield,,,,
ocd-division/country:gb/part:eng/ward:e05011010,Wonston and Micheldever,,,,
ocd-division/country:gb/part:eng/ward:e05011011,Alphington,,,,
ocd-division/country:gb/part:eng/ward:e05011012,Duryard and St James,,,,
ocd-division/country:gb/part:eng/ward:e05011013,Exwick,,,,
ocd-division/country:gb/part:eng/ward:e05011014,Heavitree,,,,
ocd-division/country:gb/part:eng/ward:e05011015,Mincinglake and Whipton,,,,
ocd-division/country:gb/part:eng/ward:e05011016,Newtown and St Leonard's,,,,
ocd-division/country:gb/part:eng/ward:e05011017,Pennsylvania,,,,
ocd-division/country:gb/part:eng/ward:e05011018,Pinhoe,,,,
ocd-division/country:gb/part:eng/ward:e05011019,Priory,,,,
ocd-division/country:gb/part:eng/ward:e05011020,St David's,,,,
ocd-division/country:gb/part:eng/ward:e05011021,St Loyes,,,,
ocd-division/country:gb/part:eng/ward:e05011022,St Thomas,,,,
ocd-division/country:gb/part:eng/ward:e05011023,Topsham,,,,
ocd-division/country:gb/part:eng/ward:e05011024,Appleton,,,,
ocd-division/country:gb/part:eng/ward:e05011025,Bewsey and Whitecross,,,,
ocd-division/country:gb/part:eng/ward:e05011026,Birchwood,,,,
ocd-division/country:gb/part:eng/ward:e05011027,Burtonwood and Winwick,,,,
ocd-division/country:gb/part:eng/ward:e05011028,Chapelford and Old Hall,,,,
ocd-division/country:gb/part:eng/ward:e05011029,"Culcheth, Glazebury and Croft",,,,
ocd-division/country:gb/part:eng/ward:e05011030,Fairfield and Howley,,,,
ocd-division/country:gb/part:eng/ward:e05011031,Grappenhall,,,,
ocd-division/country:gb/part:eng/ward:e05011032,Great Sankey North and Whittle Hall,,,,
ocd-division/country:gb/part:eng/ward:e05011033,Great Sankey South,,,,
ocd-division/country:gb/part:eng/ward:e05011034,Latchford East,,,,
ocd-division/country:gb/part:eng/ward:e05011035,Latchford West,,,,
ocd-division/country:gb/part:eng/ward:e05011036,Lymm North and Thelwall,,,,
ocd-division/country:gb/part:eng/ward:e05011037,Lymm South,,,,
ocd-division/country:gb/part:eng/ward:e05011038,Orford,,,,
ocd-division/country:gb/part:eng/ward:e05011039,Penketh and Cuerdley,,,,
ocd-division/country:gb/part:eng/ward:e05011040,Poplars and Hulme,,,,
ocd-division/country:gb/part:eng/ward:e05011041,Poulton North,,,,
ocd-division/country:gb/part:eng/ward:e05011042,Poulton South,,,,
ocd-division/country:gb/part:eng/ward:e05011043,Rixton and Woolston,,,,
ocd-division/country:gb/part:eng/ward:e05011044,Stockton Heath,,,,
ocd-division/country:gb/part:eng/ward:e05011045,Westbrook,,,,
ocd-division/country:gb/part:eng/ward:e05011046,Callowland,,,,
ocd-division/country:gb/part:eng/ward:e05011047,Central,,,,
ocd-division/country:gb/part:eng/ward:e05011048,Holywell,,,,
ocd-division/country:gb/part:eng/ward:e05011049,Leggatts,,,,
ocd-division/country:gb/part:eng/ward:e05011050,Meriden,,,,
ocd-division/country:gb/part:eng/ward:e05011051,Nascot,,,,
ocd-division/country:gb/part:eng/ward:e05011052,Oxhey,,,,
ocd-division/country:gb/part:eng/ward:e05011053,Park,,,,
ocd-division/country:gb/part:eng/ward:e05011054,Stanborough,,,,
ocd-division/country:gb/part:eng/ward:e05011055,Tudor,,,,
ocd-division/country:gb/part:eng/ward:e05011056,Vicarage,,,,
ocd-division/country:gb/part:eng/ward:e05011057,Woodside,,,,
ocd-division/country:gb/part:eng/ward:e05011058,Brookmans Park and Little Heath,,,,
ocd-division/country:gb/part:eng/ward:e05011059,Haldens,,,,
ocd-division/country:gb/part:eng/ward:e05011060,Handside,,,,
ocd-division/country:gb/part:eng/ward:e05011061,Hatfield Central,,,,
ocd-division/country:gb/part:eng/ward:e05011062,Hatfield East,,,,
ocd-division/country:gb/part:eng/ward:e05011063,Hatfield South West,,,,
ocd-division/country:gb/part:eng/ward:e05011064,Hatfield Villages,,,,
ocd-division/country:gb/part:eng/ward:e05011065,Hollybush,,,,
ocd-division/country:gb/part:eng/ward:e05011066,Howlands,,,,
ocd-division/country:gb/part:eng/ward:e05011067,Northaw and Cuffley,,,,
ocd-division/country:gb/part:eng/ward:e05011068,Panshanger,,,,
ocd-division/country:gb/part:eng/ward:e05011069,Peartree,,,,
ocd-division/country:gb/part:eng/ward:e05011070,Sherrards,,,,
ocd-division/country:gb/part:eng/ward:e05011071,Welham Green and Hatfield South,,,,
ocd-division/country:gb/part:eng/ward:e05011072,Welwyn East,,,,
ocd-division/country:gb/part:eng/ward:e05011073,Welwyn West,,,,
ocd-division/country:gb/part:eng/ward:e05011074,Claygate,,,,
ocd-division/country:gb/part:eng/ward:e05011075,Cobham and Downside,,,,
ocd-division/country:gb/part:eng/ward:e05011076,Esher,,,,
ocd-division/country:gb/part:eng/ward:e05011077,Hersham Village,,,,
ocd-division/country:gb/part:eng/ward:e05011078,Hinchley Wood and Weston Green,,,,
ocd-division/country:gb/part:eng/ward:e05011079,Long Ditton,,,,
ocd-division/country:gb/part:eng/ward:e05011080,Molesey East,,,,
ocd-division/country:gb/part:eng/ward:e05011081,Molesey West,,,,
ocd-division/country:gb/part:eng/ward:e05011082,Oatlands and Burwood Park,,,,
ocd-division/country:gb/part:eng/ward:e05011083,Oxshott and Stoke D'Abernon,,,,
ocd-division/country:gb/part:eng/ward:e05011084,Thames Ditton,,,,
ocd-division/country:gb/part:eng/ward:e05011085,Walton Central,,,,
ocd-division/country:gb/part:eng/ward:e05011086,Walton North,,,,
ocd-division/country:gb/part:eng/ward:e05011087,Walton South,,,,
ocd-division/country:gb/part:eng/ward:e05011088,Weybridge Riverside,,,,
ocd-division/country:gb/part:eng/ward:e05011089,Weybridge St George's Hill,,,,
ocd-division/country:gb/part:eng/ward:e05011090,Bryher,,,,
ocd-division/country:gb/part:eng/ward:e05011091,St Agnes,,,,
ocd-division/country:gb/part:eng/ward:e05011092,St Martin's,,,,
ocd-division/country:gb/part:eng/ward:e05011093,St Mary's,,,,
ocd-division/country:gb/part:eng/ward:e05011094,Tresco,,,,
ocd-division/country:gb/part:eng/ward:e05011095,Borough & Bankside,,,,
ocd-division/country:gb/part:eng/ward:e05011096,Camberwell Green,,,,
ocd-division/country:gb/part:eng/ward:e05011097,Champion Hill,,,,
ocd-division/country:gb/part:eng/ward:e05011098,Chaucer,,,,
ocd-division/country:gb/part:eng/ward:e05011099,Dulwich Hill,,,,
ocd-division/country:gb/part:eng/ward:e05011100,Dulwich Village,,,,
ocd-division/country:gb/part:eng/ward:e05011101,Dulwich Wood,,,,
ocd-division/country:gb/part:eng/ward:e05011102,Faraday,,,,
ocd-division/country:gb/part:eng/ward:e05011103,Goose Green,,,,
ocd-division/country:gb/part:eng/ward:e05011104,London Bridge & West Bermondsey,,,,
ocd-division/country:gb/part:eng/ward:e05011105,Newington,,,,
ocd-division/country:gb/part:eng/ward:e05011106,North Bermondsey,,,,
ocd-division/country:gb/part:eng/ward:e05011107,North Walworth,,,,
ocd-division/country:gb/part:eng/ward:e05011108,Nunhead & Queen's Road,,,,
ocd-division/country:gb/part:eng/ward:e05011109,Old Kent Road,,,,
ocd-division/country:gb/part:eng/ward:e05011110,Peckham,,,,
ocd-division/country:gb/part:eng/ward:e05011111,Peckham Rye,,,,
ocd-division/country:gb/part:eng/ward:e05011112,Rotherhithe,,,,
ocd-division/country:gb/part:eng/ward:e05011113,Rye Lane,,,,
ocd-division/country:gb/part:eng/ward:e05011114,St George's,,,,
ocd-division/country:gb/part:eng/ward:e05011115,St Giles,,,,
ocd-division/country:gb/part:eng/ward:e05011116,South Bermondsey,,,,
ocd-division/country:gb/part:eng/ward:e05011117,Surrey Docks,,,,
ocd-division/country:gb/part:eng/ward:e05011118,Acocks Green,,,,
ocd-division/country:gb/part:eng/ward:e05011119,Allens Cross,,,,
ocd-division/country:gb/part:eng/ward:e05011120,Alum Rock,,,,
ocd-division/country:gb/part:eng/ward:e05011121,Aston,,,,
ocd-division/country:gb/part:eng/ward:e05011122,Balsall Heath West,,,,
ocd-division/country:gb/part:eng/ward:e05011123,Bartley Green,,,,
ocd-division/country:gb/part:eng/ward:e05011124,Billesley,,,,
ocd-division/country:gb/part:eng/ward:e05011125,Birchfield,,,,
ocd-division/country:gb/part:eng/ward:e05011126,Bordesley & Highgate,,,,
ocd-division/country:gb/part:eng/ward:e05011127,Bordesley Green,,,,
ocd-division/country:gb/part:eng/ward:e05011128,Bournbrook & Selly Park,,,,
ocd-division/country:gb/part:eng/ward:e05011129,Bournville & Cotteridge,,,,
ocd-division/country:gb/part:eng/ward:e05011130,Brandwood & King's Heath,,,,
ocd-division/country:gb/part:eng/ward:e05011131,Bromford & Hodge Hill,,,,
ocd-division/country:gb/part:eng/ward:e05011132,Castle Vale,,,,
ocd-division/country:gb/part:eng/ward:e05011133,Druids Heath & Monyhull,,,,
ocd-division/country:gb/part:eng/ward:e05011134,Edgbaston,,,,
ocd-division/country:gb/part:eng/ward:e05011135,Erdington,,,,
ocd-division/country:gb/part:eng/ward:e05011136,Frankley Great Park,,,,
ocd-division/country:gb/part:eng/ward:e05011137,Garretts Green,,,,
ocd-division/country:gb/part:eng/ward:e05011138,Glebe Farm & Tile Cross,,,,
ocd-division/country:gb/part:eng/ward:e05011139,Gravelly Hill,,,,
ocd-division/country:gb/part:eng/ward:e05011140,Hall Green North,,,,
ocd-division/country:gb/part:eng/ward:e05011141,Hall Green South,,,,
ocd-division/country:gb/part:eng/ward:e05011142,Handsworth,,,,
ocd-division/country:gb/part:eng/ward:e05011143,Handsworth Wood,,,,
ocd-division/country:gb/part:eng/ward:e05011144,Harborne,,,,
ocd-division/country:gb/part:eng/ward:e05011145,Heartlands,,,,
ocd-division/country:gb/part:eng/ward:e05011146,Highter's Heath,,,,
ocd-division/country:gb/part:eng/ward:e05011147,Holyhead,,,,
ocd-division/country:gb/part:eng/ward:e05011148,King's Norton North,,,,
ocd-division/country:gb/part:eng/ward:e05011149,King's Norton South,,,,
ocd-division/country:gb/part:eng/ward:e05011150,Kingstanding,,,,
ocd-division/country:gb/part:eng/ward:e05011151,Ladywood,,,,
ocd-division/country:gb/part:eng/ward:e05011152,Longbridge & West Heath,,,,
ocd-division/country:gb/part:eng/ward:e05011153,Lozells,,,,
ocd-division/country:gb/part:eng/ward:e05011154,Moseley,,,,
ocd-division/country:gb/part:eng/ward:e05011155,Nechells,,,,
ocd-division/country:gb/part:eng/ward:e05011156,Newtown,,,,
ocd-division/country:gb/part:eng/ward:e05011157,North Edgbaston,,,,
ocd-division/country:gb/part:eng/ward:e05011158,Northfield,,,,
ocd-division/country:gb/part:eng/ward:e05011159,Oscott,,,,
ocd-division/country:gb/part:eng/ward:e05011160,Perry Barr,,,,
ocd-division/country:gb/part:eng/ward:e05011161,Perry Common,,,,
ocd-division/country:gb/part:eng/ward:e05011162,Pype Hayes,,,,
ocd-division/country:gb/part:eng/ward:e05011163,Quinton,,,,
ocd-division/country:gb/part:eng/ward:e05011164,Rubery & Rednal,,,,
ocd-division/country:gb/part:eng/ward:e05011165,Shard End,,,,
ocd-division/country:gb/part:eng/ward:e05011166,Sheldon,,,,
ocd-division/country:gb/part:eng/ward:e05011167,Small Heath,,,,
ocd-division/country:gb/part:eng/ward:e05011168,Soho & Jewellery Quarter,,,,
ocd-division/country:gb/part:eng/ward:e05011169,South Yardley,,,,
ocd-division/country:gb/part:eng/ward:e05011170,Sparkbrook & Balsall Heath East,,,,
ocd-division/country:gb/part:eng/ward:e05011171,Sparkhill,,,,
ocd-division/country:gb/part:eng/ward:e05011172,Stirchley,,,,
ocd-division/country:gb/part:eng/ward:e05011173,Stockland Green,,,,
ocd-division/country:gb/part:eng/ward:e05011174,Sutton Four Oaks,,,,
ocd-division/country:gb/part:eng/ward:e05011175,Sutton Mere Green,,,,
ocd-division/country:gb/part:eng/ward:e05011176,Sutton Reddicap,,,,
ocd-division/country:gb/part:eng/ward:e05011177,Sutton Roughley,,,,
ocd-division/country:gb/part:eng/ward:e05011178,Sutton Trinity,,,,
ocd-division/country:gb/part:eng/ward:e05011179,Sutton Vesey,,,,
ocd-division/country:gb/part:eng/ward:e05011180,Sutton Walmley & Minworth,,,,
ocd-division/country:gb/part:eng/ward:e05011181,Sutton Wylde Green,,,,
ocd-division/country:gb/part:eng/ward:e05011182,Tyseley & Hay Mills,,,,
ocd-division/country:gb/part:eng/ward:e05011183,Ward End,,,,
ocd-division/country:gb/part:eng/ward:e05011184,Weoley & Selly Oak,,,,
ocd-division/country:gb/part:eng/ward:e05011185,Yardley East,,,,
ocd-division/country:gb/part:eng/ward:e05011186,Yardley West & Stechford,,,,
ocd-division/country:gb/part:eng/ward:e05011187,Bishopstoke,,,,
ocd-division/country:gb/part:eng/ward:e05011188,Botley,,,,
ocd-division/country:gb/part:eng/ward:e05011189,Bursledon & Hound North,,,,
ocd-division/country:gb/part:eng/ward:e05011190,Chandler's Ford,,,,
ocd-division/country:gb/part:eng/ward:e05011191,Eastleigh Central,,,,
ocd-division/country:gb/part:eng/ward:e05011192,Eastleigh North,,,,
ocd-division/country:gb/part:eng/ward:e05011193,Eastleigh South,,,,
ocd-division/country:gb/part:eng/ward:e05011194,Fair Oak & Horton Heath,,,,
ocd-division/country:gb/part:eng/ward:e05011195,Hamble & Netley,,,,
ocd-division/country:gb/part:eng/ward:e05011196,Hedge End North,,,,
ocd-division/country:gb/part:eng/ward:e05011197,Hedge End South,,,,
ocd-division/country:gb/part:eng/ward:e05011198,Hiltingbury,,,,
ocd-division/country:gb/part:eng/ward:e05011199,West End North,,,,
ocd-division/country:gb/part:eng/ward:e05011200,West End South,,,,
ocd-division/country:gb/part:eng/ward:e05011201,Ashdown,,,,
ocd-division/country:gb/part:eng/ward:e05011202,Baird,,,,
ocd-division/country:gb/part:eng/ward:e05011203,Braybrooke,,,,
ocd-division/country:gb/part:eng/ward:e05011204,Castle,,,,
ocd-division/country:gb/part:eng/ward:e05011205,Central St Leonards,,,,
ocd-division/country:gb/part:eng/ward:e05011206,Conquest,,,,
ocd-division/country:gb/part:eng/ward:e05011207,Gensing,,,,
ocd-division/country:gb/part:eng/ward:e05011208,Hollington,,,,
ocd-division/country:gb/part:eng/ward:e05011209,Maze Hill,,,,
ocd-division/country:gb/part:eng/ward:e05011210,Old Hastings,,,,
ocd-division/country:gb/part:eng/ward:e05011211,Ore,,,,
ocd-division/country:gb/part:eng/ward:e05011212,St Helens,,,,
ocd-division/country:gb/part:eng/ward:e05011213,Silverhill,,,,
ocd-division/country:gb/part:eng/ward:e05011214,Tressell,,,,
ocd-division/country:gb/part:eng/ward:e05011215,West St Leonards,,,,
ocd-division/country:gb/part:eng/ward:e05011216,Wishing Tree,,,,
ocd-division/country:gb/part:eng/ward:e05011217,Barnehurst,,,,
ocd-division/country:gb/part:eng/ward:e05011218,Belvedere,,,,
ocd-division/country:gb/part:eng/ward:e05011219,Bexleyheath,,,,
ocd-division/country:gb/part:eng/ward:e05011220,Blackfen & Lamorbey,,,,
ocd-division/country:gb/part:eng/ward:e05011221,Blendon & Penhill,,,,
ocd-division/country:gb/part:eng/ward:e05011222,Crayford,,,,
ocd-division/country:gb/part:eng/ward:e05011223,Crook Log,,,,
ocd-division/country:gb/part:eng/ward:e05011224,East Wickham,,,,
ocd-division/country:gb/part:eng/ward:e05011225,Erith,,,,
ocd-division/country:gb/part:eng/ward:e05011226,Falconwood & Welling,,,,
ocd-division/country:gb/part:eng/ward:e05011227,Longlands,,,,
ocd-division/country:gb/part:eng/ward:e05011228,Northumberland Heath,,,,
ocd-division/country:gb/part:eng/ward:e05011229,St Mary's & St James,,,,
ocd-division/country:gb/part:eng/ward:e05011230,Sidcup,,,,
ocd-division/country:gb/part:eng/ward:e05011231,Slade Green & Northend,,,,
ocd-division/country:gb/part:eng/ward:e05011232,Thamesmead East,,,,
ocd-division/country:gb/part:eng/ward:e05011233,West Heath,,,,
ocd-division/country:gb/part:eng/ward:e05011234,Aldborough,,,,
ocd-division/country:gb/part:eng/ward:e05011235,Barkingside,,,,
ocd-division/country:gb/part:eng/ward:e05011236,Bridge,,,,
ocd-division/country:gb/part:eng/ward:e05011237,Chadwell,,,,
ocd-division/country:gb/part:eng/ward:e05011238,Churchfields,,,,
ocd-division/country:gb/part:eng/ward:e05011239,Clayhall,,,,
ocd-division/country:gb/part:eng/ward:e05011240,Clementswood,,,,
ocd-division/country:gb/part:eng/ward:e05011241,Cranbrook,,,,
ocd-division/country:gb/part:eng/ward:e05011242,Fairlop,,,,
ocd-division/country:gb/part:eng/ward:e05011243,Fullwell,,,,
ocd-division/country:gb/part:eng/ward:e05011244,Goodmayes,,,,
ocd-division/country:gb/part:eng/ward:e05011245,Hainault,,,,
ocd-division/country:gb/part:eng/ward:e05011246,Ilford Town,,,,
ocd-division/country:gb/part:eng/ward:e05011247,Loxford,,,,
ocd-division/country:gb/part:eng/ward:e05011248,Mayfield,,,,
ocd-division/country:gb/part:eng/ward:e05011249,Monkhams,,,,
ocd-division/country:gb/part:eng/ward:e05011250,Newbury,,,,
ocd-division/country:gb/part:eng/ward:e05011251,Seven Kings,,,,
ocd-division/country:gb/part:eng/ward:e05011252,South Woodford,,,,
ocd-division/country:gb/part:eng/ward:e05011253,Valentines,,,,
ocd-division/country:gb/part:eng/ward:e05011254,Wanstead Park,,,,
ocd-division/country:gb/part:eng/ward:e05011255,Wanstead Village,,,,
ocd-division/country:gb/part:eng/ward:e05011256,Alconbury,,,,
ocd-division/country:gb/part:eng/ward:e05011257,Brampton,,,,
ocd-division/country:gb/part:eng/ward:e05011258,Buckden,,,,
ocd-division/country:gb/part:eng/ward:e05011259,Fenstanton,,,,
ocd-division/country:gb/part:eng/ward:e05011260,Godmanchester & Hemingford Abbots,,,,
ocd-division/country:gb/part:eng/ward:e05011261,Great Paxton,,,,
ocd-division/country:gb/part:eng/ward:e05011262,Great Staughton,,,,
ocd-division/country:gb/part:eng/ward:e05011263,Hemingford Grey & Houghton,,,,
ocd-division/country:gb/part:eng/ward:e05011264,Holywell-cum-Needingworth,,,,
ocd-division/country:gb/part:eng/ward:e05011265,Huntingdon East,,,,
ocd-division/country:gb/part:eng/ward:e05011266,Huntingdon North,,,,
ocd-division/country:gb/part:eng/ward:e05011267,Kimbolton,,,,
ocd-division/country:gb/part:eng/ward:e05011268,Ramsey,,,,
ocd-division/country:gb/part:eng/ward:e05011269,St Ives East,,,,
ocd-division/country:gb/part:eng/ward:e05011270,St Ives South,,,,
ocd-division/country:gb/part:eng/ward:e05011271,St Ives West,,,,
ocd-division/country:gb/part:eng/ward:e05011272,St Neots East,,,,
ocd-division/country:gb/part:eng/ward:e05011273,St Neots Eatons,,,,
ocd-division/country:gb/part:eng/ward:e05011274,St Neots Eynesbury,,,,
ocd-division/country:gb/part:eng/ward:e05011275,St Neots Priory Park & Little Paxton,,,,
ocd-division/country:gb/part:eng/ward:e05011276,Sawtry,,,,
ocd-division/country:gb/part:eng/ward:e05011277,Somersham,,,,
ocd-division/country:gb/part:eng/ward:e05011278,"Stilton, Folksworth & Washingley",,,,
ocd-division/country:gb/part:eng/ward:e05011279,The Stukeleys,,,,
ocd-division/country:gb/part:eng/ward:e05011280,Warboys,,,,
ocd-division/country:gb/part:eng/ward:e05011281,Yaxley,,,,
ocd-division/country:gb/part:eng/ward:e05011282,Balsham,,,,
ocd-division/country:gb/part:eng/ward:e05011283,Bar Hill,,,,
ocd-division/country:gb/part:eng/ward:e05011284,Barrington,,,,
ocd-division/country:gb/part:eng/ward:e05011285,Bassingbourn,,,,
ocd-division/country:gb/part:eng/ward:e05011286,Caldecote,,,,
ocd-division/country:gb/part:eng/ward:e05011289,Cottenham,,,,
ocd-division/country:gb/part:eng/ward:e05011291,Fen Ditton & Fulbourn,,,,
ocd-division/country:gb/part:eng/ward:e05011292,Foxton,,,,
ocd-division/country:gb/part:eng/ward:e05011293,Gamlingay,,,,
ocd-division/country:gb/part:eng/ward:e05011294,Girton,,,,
ocd-division/country:gb/part:eng/ward:e05011295,Hardwick,,,,
ocd-division/country:gb/part:eng/ward:e05011296,Harston & Comberton,,,,
ocd-division/country:gb/part:eng/ward:e05011297,Histon & Impington,,,,
ocd-division/country:gb/part:eng/ward:e05011298,Linton,,,,
ocd-division/country:gb/part:eng/ward:e05011300,Melbourn,,,,
ocd-division/country:gb/part:eng/ward:e05011301,Milton & Waterbeach,,,,
ocd-division/country:gb/part:eng/ward:e05011304,Shelford,,,,
ocd-division/country:gb/part:eng/ward:e05011305,Swavesey,,,,
ocd-division/country:gb/part:eng/ward:e05011306,The Mordens,,,,
ocd-division/country:gb/part:eng/ward:e05011307,Whittlesford,,,,
ocd-division/country:gb/part:eng/ward:e05011348,"Adderbury, Bloxham and Bodicote",,,,
ocd-division/country:gb/part:eng/ward:e05011349,Banbury Calthorpe and Easington,,,,
ocd-division/country:gb/part:eng/ward:e05011350,Ancoats & Beswick,,,,
ocd-division/country:gb/part:eng/ward:e05011351,Ardwick,,,,
ocd-division/country:gb/part:eng/ward:e05011352,Baguley,,,,
ocd-division/country:gb/part:eng/ward:e05011353,Brooklands,,,,
ocd-division/country:gb/part:eng/ward:e05011354,Burnage,,,,
ocd-division/country:gb/part:eng/ward:e05011355,Charlestown,,,,
ocd-division/country:gb/part:eng/ward:e05011356,Cheetham,,,,
ocd-division/country:gb/part:eng/ward:e05011357,Chorlton,,,,
ocd-division/country:gb/part:eng/ward:e05011358,Chorlton Park,,,,
ocd-division/country:gb/part:eng/ward:e05011359,Clayton & Openshaw,,,,
ocd-division/country:gb/part:eng/ward:e05011360,Crumpsall,,,,
ocd-division/country:gb/part:eng/ward:e05011361,Deansgate,,,,
ocd-division/country:gb/part:eng/ward:e05011362,Didsbury East,,,,
ocd-division/country:gb/part:eng/ward:e05011363,Didsbury West,,,,
ocd-division/country:gb/part:eng/ward:e05011364,Fallowfield,,,,
ocd-division/country:gb/part:eng/ward:e05011365,Gorton & Abbey Hey,,,,
ocd-division/country:gb/part:eng/ward:e05011366,Harpurhey,,,,
ocd-division/country:gb/part:eng/ward:e05011367,Higher Blackley,,,,
ocd-division/country:gb/part:eng/ward:e05011368,Hulme,,,,
ocd-division/country:gb/part:eng/ward:e05011369,Levenshulme,,,,
ocd-division/country:gb/part:eng/ward:e05011370,Longsight,,,,
ocd-division/country:gb/part:eng/ward:e05011371,Miles Platting & Newton Heath,,,,
ocd-division/country:gb/part:eng/ward:e05011372,Moss Side,,,,
ocd-division/country:gb/part:eng/ward:e05011373,Moston,,,,
ocd-division/country:gb/part:eng/ward:e05011374,Northenden,,,,
ocd-division/country:gb/part:eng/ward:e05011375,Old Moat,,,,
ocd-division/country:gb/part:eng/ward:e05011376,Piccadilly,,,,
ocd-division/country:gb/part:eng/ward:e05011377,Rusholme,,,,
ocd-division/country:gb/part:eng/ward:e05011378,Sharston,,,,
ocd-division/country:gb/part:eng/ward:e05011379,Whalley Range,,,,
ocd-division/country:gb/part:eng/ward:e05011380,Withington,,,,
ocd-division/country:gb/part:eng/ward:e05011381,Woodhouse Park,,,,
ocd-division/country:gb/part:eng/ward:e05011384,Ardsley & Robin Hood,,,,
ocd-division/country:gb/part:eng/ward:e05011385,Armley,,,,
ocd-division/country:gb/part:eng/ward:e05011387,Bramley & Stanningley,,,,
ocd-division/country:gb/part:eng/ward:e05011388,Burmantofts & Richmond Hill,,,,
ocd-division/country:gb/part:eng/ward:e05011389,Calverley & Farsley,,,,
ocd-division/country:gb/part:eng/ward:e05011390,Chapel Allerton,,,,
ocd-division/country:gb/part:eng/ward:e05011391,Cross Gates & Whinmoor,,,,
ocd-division/country:gb/part:eng/ward:e05011394,Gipton & Harehills,,,,
ocd-division/country:gb/part:eng/ward:e05011395,Guiseley & Rawdon,,,,
ocd-division/country:gb/part:eng/ward:e05011396,Harewood,,,,
ocd-division/country:gb/part:eng/ward:e05011397,Headingley & Hyde Park,,,,
ocd-division/country:gb/part:eng/ward:e05011399,Hunslet & Riverside,,,,
ocd-division/country:gb/part:eng/ward:e05011400,Killingbeck & Seacroft,,,,
ocd-division/country:gb/part:eng/ward:e05011401,Kippax & Methley,,,,
ocd-division/country:gb/part:eng/ward:e05011402,Kirkstall,,,,
ocd-division/country:gb/part:eng/ward:e05011403,Little London & Woodhouse,,,,
ocd-division/country:gb/part:eng/ward:e05011404,Middleton Park,,,,
ocd-division/country:gb/part:eng/ward:e05011405,Moortown,,,,
ocd-division/country:gb/part:eng/ward:e05011406,Morley North,,,,
ocd-division/country:gb/part:eng/ward:e05011407,Morley South,,,,
ocd-division/country:gb/part:eng/ward:e05011409,Pudsey,,,,
ocd-division/country:gb/part:eng/ward:e05011410,Rothwell,,,,
ocd-division/country:gb/part:eng/ward:e05011411,Roundhay,,,,
ocd-division/country:gb/part:eng/ward:e05011413,Weetwood,,,,
ocd-division/country:gb/part:eng/ward:e05011414,Wetherby,,,,
ocd-division/country:gb/part:eng/ward:e05011415,Audley,,,,
ocd-division/country:gb/part:eng/ward:e05011416,Bradwell,,,,
ocd-division/country:gb/part:eng/ward:e05011417,Clayton,,,,
ocd-division/country:gb/part:eng/ward:e05011418,Crackley & Red Street,,,,
ocd-division/country:gb/part:eng/ward:e05011419,Cross Heath,,,,
ocd-division/country:gb/part:eng/ward:e05011420,Holditch & Chesterton,,,,
ocd-division/country:gb/part:eng/ward:e05011421,Keele,,,,
ocd-division/country:gb/part:eng/ward:e05011422,Kidsgrove & Ravenscliffe,,,,
ocd-division/country:gb/part:eng/ward:e05011423,Knutton,,,,
ocd-division/country:gb/part:eng/ward:e05011424,Loggerheads,,,,
ocd-division/country:gb/part:eng/ward:e05011425,Madeley & Betley,,,,
ocd-division/country:gb/part:eng/ward:e05011426,Maer & Whitmore,,,,
ocd-division/country:gb/part:eng/ward:e05011427,May Bank,,,,
ocd-division/country:gb/part:eng/ward:e05011428,Newchapel & Mow Cop,,,,
ocd-division/country:gb/part:eng/ward:e05011429,Silverdale,,,,
ocd-division/country:gb/part:eng/ward:e05011430,Talke & Butt Lane,,,,
ocd-division/country:gb/part:eng/ward:e05011431,Thistleberry,,,,
ocd-division/country:gb/part:eng/ward:e05011432,Town,,,,
ocd-division/country:gb/part:eng/ward:e05011433,Westbury Park & Northwood,,,,
ocd-division/country:gb/part:eng/ward:e05011434,Westlands,,,,
ocd-division/country:gb/part:eng/ward:e05011435,Wolstanton,,,,
ocd-division/country:gb/part:eng/ward:e05011436,Arthur's Hill,,,,
ocd-division/country:gb/part:eng/ward:e05011437,Benwell & Scotswood,,,,
ocd-division/country:gb/part:eng/ward:e05011438,Blakelaw,,,,
ocd-division/country:gb/part:eng/ward:e05011439,Byker,,,,
ocd-division/country:gb/part:eng/ward:e05011440,Callerton & Throckley,,,,
ocd-division/country:gb/part:eng/ward:e05011441,Castle,,,,
ocd-division/country:gb/part:eng/ward:e05011442,Chapel,,,,
ocd-division/country:gb/part:eng/ward:e05011443,Dene & South Gosforth,,,,
ocd-division/country:gb/part:eng/ward:e05011444,Denton & Westerhope,,,,
ocd-division/country:gb/part:eng/ward:e05011445,Elswick,,,,
ocd-division/country:gb/part:eng/ward:e05011446,Fawdon & West Gosforth,,,,
ocd-division/country:gb/part:eng/ward:e05011447,Gosforth,,,,
ocd-division/country:gb/part:eng/ward:e05011448,Heaton,,,,
ocd-division/country:gb/part:eng/ward:e05011449,Kenton,,,,
ocd-division/country:gb/part:eng/ward:e05011450,Kingston Park South & Newbiggin Hall,,,,
ocd-division/country:gb/part:eng/ward:e05011451,Lemington,,,,
ocd-division/country:gb/part:eng/ward:e05011452,Manor Park,,,,
ocd-division/country:gb/part:eng/ward:e05011453,Monument,,,,
ocd-division/country:gb/part:eng/ward:e05011454,North Jesmond,,,,
ocd-division/country:gb/part:eng/ward:e05011455,Ouseburn,,,,
ocd-division/country:gb/part:eng/ward:e05011456,Parklands,,,,
ocd-division/country:gb/part:eng/ward:e05011457,South Jesmond,,,,
ocd-division/country:gb/part:eng/ward:e05011458,Walker,,,,
ocd-division/country:gb/part:eng/ward:e05011459,Walkergate,,,,
ocd-division/country:gb/part:eng/ward:e05011460,West Fenham,,,,
ocd-division/country:gb/part:eng/ward:e05011461,Wingrove,,,,
ocd-division/country:gb/part:eng/ward:e05011462,Addiscombe East,,,,
ocd-division/country:gb/part:eng/ward:e05011463,Addiscombe West,,,,
ocd-division/country:gb/part:eng/ward:e05011464,Bensham Manor,,,,
ocd-division/country:gb/part:eng/ward:e05011465,Broad Green,,,,
ocd-division/country:gb/part:eng/ward:e05011466,Coulsdon Town,,,,
ocd-division/country:gb/part:eng/ward:e05011467,Crystal Palace & Upper Norwood,,,,
ocd-division/country:gb/part:eng/ward:e05011468,Fairfield,,,,
ocd-division/country:gb/part:eng/ward:e05011469,Kenley,,,,
ocd-division/country:gb/part:eng/ward:e05011470,New Addington North,,,,
ocd-division/country:gb/part:eng/ward:e05011471,New Addington South,,,,
ocd-division/country:gb/part:eng/ward:e05011472,Norbury & Pollards Hill,,,,
ocd-division/country:gb/part:eng/ward:e05011473,Norbury Park,,,,
ocd-division/country:gb/part:eng/ward:e05011474,Old Coulsdon,,,,
ocd-division/country:gb/part:eng/ward:e05011475,Park Hill & Whitgift,,,,
ocd-division/country:gb/part:eng/ward:e05011476,Purley & Woodcote,,,,
ocd-division/country:gb/part:eng/ward:e05011477,Purley Oaks & Riddlesdown,,,,
ocd-division/country:gb/part:eng/ward:e05011478,Sanderstead,,,,
ocd-division/country:gb/part:eng/ward:e05011479,Selhurst,,,,
ocd-division/country:gb/part:eng/ward:e05011480,Selsdon & Addington Village,,,,
ocd-division/country:gb/part:eng/ward:e05011481,Selsdon Vale & Forestdale,,,,
ocd-division/country:gb/part:eng/ward:e05011482,Shirley North,,,,
ocd-division/country:gb/part:eng/ward:e05011483,Shirley South,,,,
ocd-division/country:gb/part:eng/ward:e05011484,South Croydon,,,,
ocd-division/country:gb/part:eng/ward:e05011485,South Norwood,,,,
ocd-division/country:gb/part:eng/ward:e05011486,Thornton Heath,,,,
ocd-division/country:gb/part:eng/ward:e05011487,Waddon,,,,
ocd-division/country:gb/part:eng/ward:e05011488,West Thornton,,,,
ocd-division/country:gb/part:eng/ward:e05011489,Woodside,,,,
ocd-division/country:gb/part:eng/ward:e05011508,Audley & Queen's Park,,,,
ocd-division/country:gb/part:eng/ward:e05011509,Bastwell & Daisyfield,,,,
ocd-division/country:gb/part:eng/ward:e05011510,Billinge & Beardwood,,,,
ocd-division/country:gb/part:eng/ward:e05011511,Blackburn Central,,,,
ocd-division/country:gb/part:eng/ward:e05011512,Blackburn South & Lower Darwen,,,,
ocd-division/country:gb/part:eng/ward:e05011513,Blackburn South East,,,,
ocd-division/country:gb/part:eng/ward:e05011514,Darwen East,,,,
ocd-division/country:gb/part:eng/ward:e05011515,Darwen South,,,,
ocd-division/country:gb/part:eng/ward:e05011516,Darwen West,,,,
ocd-division/country:gb/part:eng/ward:e05011517,Ewood,,,,
ocd-division/country:gb/part:eng/ward:e05011518,Little Harwood & Whitebirk,,,,
ocd-division/country:gb/part:eng/ward:e05011519,Livesey with Pleasington,,,,
ocd-division/country:gb/part:eng/ward:e05011520,Mill Hill & Moorgate,,,,
ocd-division/country:gb/part:eng/ward:e05011521,Roe Lee,,,,
ocd-division/country:gb/part:eng/ward:e05011522,Shear Brow & Corporation Park,,,,
ocd-division/country:gb/part:eng/ward:e05011523,Wensley Fold,,,,
ocd-division/country:gb/part:eng/ward:e05011524,West Pennine,,,,
ocd-division/country:gb/part:eng/ward:e05011525,Avenue,,,,
ocd-division/country:gb/part:eng/ward:e05011526,Beverley & Newland,,,,
ocd-division/country:gb/part:eng/ward:e05011527,Boothferry,,,,
ocd-division/country:gb/part:eng/ward:e05011528,Bricknell,,,,
ocd-division/country:gb/part:eng/ward:e05011529,Central,,,,
ocd-division/country:gb/part:eng/ward:e05011530,Derringham,,,,
ocd-division/country:gb/part:eng/ward:e05011531,Drypool,,,,
ocd-division/country:gb/part:eng/ward:e05011532,Holderness,,,,
ocd-division/country:gb/part:eng/ward:e05011533,Ings,,,,
ocd-division/country:gb/part:eng/ward:e05011534,Kingswood,,,,
ocd-division/country:gb/part:eng/ward:e05011535,Longhill & Bilton Grange,,,,
ocd-division/country:gb/part:eng/ward:e05011536,Marfleet,,,,
ocd-division/country:gb/part:eng/ward:e05011537,Newington & Gipsyville,,,,
ocd-division/country:gb/part:eng/ward:e05011538,North Carr,,,,
ocd-division/country:gb/part:eng/ward:e05011539,Orchard Park,,,,
ocd-division/country:gb/part:eng/ward:e05011540,Pickering,,,,
ocd-division/country:gb/part:eng/ward:e05011541,St Andrew's & Docklands,,,,
ocd-division/country:gb/part:eng/ward:e05011542,Southcoates,,,,
ocd-division/country:gb/part:eng/ward:e05011543,Sutton,,,,
ocd-division/country:gb/part:eng/ward:e05011544,University,,,,
ocd-division/country:gb/part:eng/ward:e05011545,West Carr,,,,
ocd-division/country:gb/part:eng/ward:e05011547,Horsforth,,,,
ocd-division/country:gb/part:eng/ward:e05011549,Otley & Yeadon,,,,
ocd-division/country:gb/part:eng/ward:e05011552,Balderton North & Coddington,,,,
ocd-division/country:gb/part:eng/ward:e05011553,Beacon,,,,
ocd-division/country:gb/part:eng/ward:e05011554,Castle,,,,
ocd-division/country:gb/part:eng/ward:e05011555,Farndon & Fernwood,,,,
ocd-division/country:gb/part:eng/ward:e05011558,"Brasted, Chevening and Sundridge",,,,
ocd-division/country:gb/part:eng/ward:e05011559,Seal and Weald,,,,
ocd-division/country:gb/part:eng/ward:e05011561,Burwell,,,,
ocd-division/country:gb/part:eng/ward:e05011562,Downham Villages,,,,
ocd-division/country:gb/part:eng/ward:e05011563,Ely East,,,,
ocd-division/country:gb/part:eng/ward:e05011564,Ely North,,,,
ocd-division/country:gb/part:eng/ward:e05011565,Ely West,,,,
ocd-division/country:gb/part:eng/ward:e05011566,Fordham & Isleham,,,,
ocd-division/country:gb/part:eng/ward:e05011567,Haddenham,,,,
ocd-division/country:gb/part:eng/ward:e05011568,Littleport,,,,
ocd-division/country:gb/part:eng/ward:e05011569,Soham North,,,,
ocd-division/country:gb/part:eng/ward:e05011570,Soham South,,,,
ocd-division/country:gb/part:eng/ward:e05011571,Stretham,,,,
ocd-division/country:gb/part:eng/ward:e05011572,Sutton,,,,
ocd-division/country:gb/part:eng/ward:e05011574,Devonshire,,,,
ocd-division/country:gb/part:eng/ward:e05011575,Hampden Park,,,,
ocd-division/country:gb/part:eng/ward:e05011576,Langney,,,,
ocd-division/country:gb/part:eng/ward:e05011577,Meads,,,,
ocd-division/country:gb/part:eng/ward:e05011578,Old Town,,,,
ocd-division/country:gb/part:eng/ward:e05011579,Ratton,,,,
ocd-division/country:gb/part:eng/ward:e05011580,St Anthony's,,,,
ocd-division/country:gb/part:eng/ward:e05011581,Sovereign,,,,
ocd-division/country:gb/part:eng/ward:e05011582,Upperton,,,,
ocd-division/country:gb/part:eng/ward:e05011583,"Chailey, Barcombe & Hamsey",,,,
ocd-division/country:gb/part:eng/ward:e05011584,Ditchling & Westmeston,,,,
ocd-division/country:gb/part:eng/ward:e05011585,East Saltdean & Telscombe Cliffs,,,,
ocd-division/country:gb/part:eng/ward:e05011586,Kingston,,,,
ocd-division/country:gb/part:eng/ward:e05011587,Lewes Bridge,,,,
ocd-division/country:gb/part:eng/ward:e05011588,Lewes Castle,,,,
ocd-division/country:gb/part:eng/ward:e05011589,Lewes Priory,,,,
ocd-division/country:gb/part:eng/ward:e05011590,Newhaven North,,,,
ocd-division/country:gb/part:eng/ward:e05011591,Newhaven South,,,,
ocd-division/country:gb/part:eng/ward:e05011592,Newick,,,,
ocd-division/country:gb/part:eng/ward:e05011593,Ouse Valley & Ringmer,,,,
ocd-division/country:gb/part:eng/ward:e05011594,Peacehaven East,,,,
ocd-division/country:gb/part:eng/ward:e05011595,Peacehaven North,,,,
ocd-division/country:gb/part:eng/ward:e05011596,Peacehaven West,,,,
ocd-division/country:gb/part:eng/ward:e05011597,"Plumpton, Streat, East Chiltington & St John",,,,
ocd-division/country:gb/part:eng/ward:e05011598,Seaford Central,,,,
ocd-division/country:gb/part:eng/ward:e05011599,Seaford East,,,,
ocd-division/country:gb/part:eng/ward:e05011600,Seaford North,,,,
ocd-division/country:gb/part:eng/ward:e05011601,Seaford South,,,,
ocd-division/country:gb/part:eng/ward:e05011602,Seaford West,,,,
ocd-division/country:gb/part:eng/ward:e05011603,Wivelsfield,,,,
ocd-division/country:gb/part:eng/ward:e05011604,Bexhill Central,,,,
ocd-division/country:gb/part:eng/ward:e05011605,Bexhill Collington,,,,
ocd-division/country:gb/part:eng/ward:e05011606,Bexhill Kewhurst,,,,
ocd-division/country:gb/part:eng/ward:e05011607,Bexhill Old Town & Worsham,,,,
ocd-division/country:gb/part:eng/ward:e05011608,Bexhill Pebsham & St Michaels,,,,
ocd-division/country:gb/part:eng/ward:e05011609,Bexhill Sackville,,,,
ocd-division/country:gb/part:eng/ward:e05011610,Bexhill Sidley,,,,
ocd-division/country:gb/part:eng/ward:e05011611,Bexhill St Marks,,,,
ocd-division/country:gb/part:eng/ward:e05011612,Bexhill St Stephens,,,,
ocd-division/country:gb/part:eng/ward:e05011613,Brede & Udimore,,,,
ocd-division/country:gb/part:eng/ward:e05011614,Burwash & the Weald,,,,
ocd-division/country:gb/part:eng/ward:e05011615,Catsfield & Crowhurst,,,,
ocd-division/country:gb/part:eng/ward:e05011616,Eastern Rother,,,,
ocd-division/country:gb/part:eng/ward:e05011617,Hurst Green & Ticehurst,,,,
ocd-division/country:gb/part:eng/ward:e05011618,"North Battle, Netherfield & Whatlington",,,,
ocd-division/country:gb/part:eng/ward:e05011619,Northern Rother,,,,
ocd-division/country:gb/part:eng/ward:e05011620,Robertsbridge,,,,
ocd-division/country:gb/part:eng/ward:e05011621,Rye & Winchelsea,,,,
ocd-division/country:gb/part:eng/ward:e05011622,Sedlescombe & Westfield,,,,
ocd-division/country:gb/part:eng/ward:e05011623,South Battle & Telham,,,,
ocd-division/country:gb/part:eng/ward:e05011624,Southern Rother,,,,
ocd-division/country:gb/part:eng/ward:e05011625,Arlington,,,,
ocd-division/country:gb/part:eng/ward:e05011626,Buxted,,,,
ocd-division/country:gb/part:eng/ward:e05011627,"Chiddingly, East Hoathly & Waldron",,,,
ocd-division/country:gb/part:eng/ward:e05011628,Crowborough Central,,,,
ocd-division/country:gb/part:eng/ward:e05011629,Crowborough Jarvis Brook,,,,
ocd-division/country:gb/part:eng/ward:e05011630,Crowborough North,,,,
ocd-division/country:gb/part:eng/ward:e05011631,Crowborough South East,,,,
ocd-division/country:gb/part:eng/ward:e05011632,Crowborough South West,,,,
ocd-division/country:gb/part:eng/ward:e05011633,Crowborough St Johns,,,,
ocd-division/country:gb/part:eng/ward:e05011634,Danehill & Fletching,,,,
ocd-division/country:gb/part:eng/ward:e05011635,Forest Row,,,,
ocd-division/country:gb/part:eng/ward:e05011636,Framfield & Cross-in-Hand,,,,
ocd-division/country:gb/part:eng/ward:e05011637,Frant & Wadhurst,,,,
ocd-division/country:gb/part:eng/ward:e05011638,Hadlow Down & Rotherfield,,,,
ocd-division/country:gb/part:eng/ward:e05011639,Hailsham Central,,,,
ocd-division/country:gb/part:eng/ward:e05011640,Hailsham East,,,,
ocd-division/country:gb/part:eng/ward:e05011641,Hailsham North,,,,
ocd-division/country:gb/part:eng/ward:e05011642,Hailsham North West,,,,
ocd-division/country:gb/part:eng/ward:e05011643,Hailsham South,,,,
ocd-division/country:gb/part:eng/ward:e05011644,Hailsham West,,,,
ocd-division/country:gb/part:eng/ward:e05011645,Hartfield,,,,
ocd-division/country:gb/part:eng/ward:e05011646,Heathfield North,,,,
ocd-division/country:gb/part:eng/ward:e05011647,Heathfield South,,,,
ocd-division/country:gb/part:eng/ward:e05011648,Hellingly,,,,
ocd-division/country:gb/part:eng/ward:e05011649,Herstmonceux & Pevensey Levels,,,,
ocd-division/country:gb/part:eng/ward:e05011650,Horam & Punnetts Town,,,,
ocd-division/country:gb/part:eng/ward:e05011651,Lower Willingdon,,,,
ocd-division/country:gb/part:eng/ward:e05011652,Maresfield,,,,
ocd-division/country:gb/part:eng/ward:e05011653,Mayfield & Five Ashes,,,,
ocd-division/country:gb/part:eng/ward:e05011654,Pevensey Bay,,,,
ocd-division/country:gb/part:eng/ward:e05011655,Polegate Central,,,,
ocd-division/country:gb/part:eng/ward:e05011656,Polegate North,,,,
ocd-division/country:gb/part:eng/ward:e05011657,Polegate South & Willingdon Watermill,,,,
ocd-division/country:gb/part:eng/ward:e05011658,South Downs,,,,
ocd-division/country:gb/part:eng/ward:e05011659,Stone Cross,,,,
ocd-division/country:gb/part:eng/ward:e05011660,Uckfield East,,,,
ocd-division/country:gb/part:eng/ward:e05011661,Uckfield New Town,,,,
ocd-division/country:gb/part:eng/ward:e05011662,Uckfield North,,,,
ocd-division/country:gb/part:eng/ward:e05011663,Uckfield Ridgewood & Little Horsted,,,,
ocd-division/country:gb/part:eng/ward:e05011664,Upper Willingdon,,,,
ocd-division/country:gb/part:eng/ward:e05011665,Withyham,,,,
ocd-division/country:gb/part:eng/ward:e05011666,Chichester Central,,,,
ocd-division/country:gb/part:eng/ward:e05011667,Chichester East,,,,
ocd-division/country:gb/part:eng/ward:e05011668,Chichester North,,,,
ocd-division/country:gb/part:eng/ward:e05011669,Chichester South,,,,
ocd-division/country:gb/part:eng/ward:e05011670,Chichester West,,,,
ocd-division/country:gb/part:eng/ward:e05011671,Easebourne,,,,
ocd-division/country:gb/part:eng/ward:e05011672,Fernhurst,,,,
ocd-division/country:gb/part:eng/ward:e05011673,Fittleworth,,,,
ocd-division/country:gb/part:eng/ward:e05011674,Goodwood,,,,
ocd-division/country:gb/part:eng/ward:e05011675,Harbour Villages,,,,
ocd-division/country:gb/part:eng/ward:e05011676,Harting,,,,
ocd-division/country:gb/part:eng/ward:e05011677,Lavant,,,,
ocd-division/country:gb/part:eng/ward:e05011678,Loxwood,,,,
ocd-division/country:gb/part:eng/ward:e05011679,Midhurst,,,,
ocd-division/country:gb/part:eng/ward:e05011680,North Mundham & Tangmere,,,,
ocd-division/country:gb/part:eng/ward:e05011681,Petworth,,,,
ocd-division/country:gb/part:eng/ward:e05011682,Selsey South,,,,
ocd-division/country:gb/part:eng/ward:e05011683,Sidlesham with Selsey North,,,,
ocd-division/country:gb/part:eng/ward:e05011684,Southbourne,,,,
ocd-division/country:gb/part:eng/ward:e05011685,The Witterings,,,,
ocd-division/country:gb/part:eng/ward:e05011686,Westbourne,,,,
ocd-division/country:gb/part:eng/ward:e05011701,Cholsey,,,,
ocd-division/country:gb/part:eng/ward:e05011702,Didcot North East,,,,
ocd-division/country:gb/part:eng/ward:e05011703,Didcot South,,,,
ocd-division/country:gb/part:eng/ward:e05011704,Forest Hill & Holton,,,,
ocd-division/country:gb/part:eng/ward:e05011705,Haseley Brook,,,,
ocd-division/country:gb/part:eng/ward:e05011707,Kidmore End & Whitchurch,,,,
ocd-division/country:gb/part:eng/ward:e05011708,Sandford & the Wittenhams,,,,
ocd-division/country:gb/part:eng/ward:e05011710,Wallingford,,,,
ocd-division/country:gb/part:eng/ward:e05011711,Wheatley,,,,
ocd-division/country:gb/part:eng/ward:e05011713,Blewbury & Harwell,,,,
ocd-division/country:gb/part:eng/ward:e05011714,Cumnor,,,,
ocd-division/country:gb/part:eng/ward:e05011715,Drayton,,,,
ocd-division/country:gb/part:eng/ward:e05011717,Sutton Courtenay,,,,
ocd-division/country:gb/part:eng/ward:e05011718,Thames,,,,
ocd-division/country:gb/part:eng/ward:e05011719,Wootton,,,,
ocd-division/country:gb/part:eng/ward:e05011743,Aylesford & East Stour,,,,
ocd-division/country:gb/part:eng/ward:e05011744,Beaver,,,,
ocd-division/country:gb/part:eng/ward:e05011745,Biddenden,,,,
ocd-division/country:gb/part:eng/ward:e05011746,Bircholt,,,,
ocd-division/country:gb/part:eng/ward:e05011747,Bockhanger,,,,
ocd-division/country:gb/part:eng/ward:e05011748,Bybrook,,,,
ocd-division/country:gb/part:eng/ward:e05011749,Charing,,,,
ocd-division/country:gb/part:eng/ward:e05011750,Conningbrook & Little Burton Farm,,,,
ocd-division/country:gb/part:eng/ward:e05011751,Downs North,,,,
ocd-division/country:gb/part:eng/ward:e05011753,Furley,,,,
ocd-division/country:gb/part:eng/ward:e05011755,Godinton,,,,
ocd-division/country:gb/part:eng/ward:e05011756,Highfield,,,,
ocd-division/country:gb/part:eng/ward:e05011757,Isle of Oxney,,,,
ocd-division/country:gb/part:eng/ward:e05011758,Kennington,,,,
ocd-division/country:gb/part:eng/ward:e05011759,Kingsnorth Village & Bridgefield,,,,
ocd-division/country:gb/part:eng/ward:e05011760,"Mersham, Sevington South with Finberry",,,,
ocd-division/country:gb/part:eng/ward:e05011761,Norman,,,,
ocd-division/country:gb/part:eng/ward:e05011762,Park Farm North,,,,
ocd-division/country:gb/part:eng/ward:e05011763,Park Farm South,,,,
ocd-division/country:gb/part:eng/ward:e05011764,Repton,,,,
ocd-division/country:gb/part:eng/ward:e05011765,Rolvenden & Tenterden West,,,,
ocd-division/country:gb/part:eng/ward:e05011766,Roman,,,,
ocd-division/country:gb/part:eng/ward:e05011767,Saxon Shore,,,,
ocd-division/country:gb/part:eng/ward:e05011768,Singleton East,,,,
ocd-division/country:gb/part:eng/ward:e05011769,Singleton West,,,,
ocd-division/country:gb/part:eng/ward:e05011770,Stanhope,,,,
ocd-division/country:gb/part:eng/ward:e05011771,Tenterden North,,,,
ocd-division/country:gb/part:eng/ward:e05011772,Tenterden South,,,,
ocd-division/country:gb/part:eng/ward:e05011773,Tenterden St Michael's,,,,
ocd-division/country:gb/part:eng/ward:e05011774,Upper Weald,,,,
ocd-division/country:gb/part:eng/ward:e05011775,Victoria,,,,
ocd-division/country:gb/part:eng/ward:e05011776,Washford,,,,
ocd-division/country:gb/part:eng/ward:e05011777,Weald Central,,,,
ocd-division/country:gb/part:eng/ward:e05011778,Weald North,,,,
ocd-division/country:gb/part:eng/ward:e05011779,Weald South,,,,
ocd-division/country:gb/part:eng/ward:e05011780,Willesborough,,,,
ocd-division/country:gb/part:eng/ward:e05011781,Wye with Hinxhill,,,,
ocd-division/country:gb/part:eng/ward:e05011782,Axminster,,,,
ocd-division/country:gb/part:eng/ward:e05011783,Beer & Branscombe,,,,
ocd-division/country:gb/part:eng/ward:e05011784,Broadclyst,,,,
ocd-division/country:gb/part:eng/ward:e05011785,Budleigh & Raleigh,,,,
ocd-division/country:gb/part:eng/ward:e05011786,Clyst Valley,,,,
ocd-division/country:gb/part:eng/ward:e05011787,Coly Valley,,,,
ocd-division/country:gb/part:eng/ward:e05011788,Cranbrook,,,,
ocd-division/country:gb/part:eng/ward:e05011789,Dunkeswell & Otterhead,,,,
ocd-division/country:gb/part:eng/ward:e05011790,Exe Valley,,,,
ocd-division/country:gb/part:eng/ward:e05011791,Exmouth Brixington,,,,
ocd-division/country:gb/part:eng/ward:e05011792,Exmouth Halsdon,,,,
ocd-division/country:gb/part:eng/ward:e05011793,Exmouth Littleham,,,,
ocd-division/country:gb/part:eng/ward:e05011794,Exmouth Town,,,,
ocd-division/country:gb/part:eng/ward:e05011795,Exmouth Withycombe Raleigh,,,,
ocd-division/country:gb/part:eng/ward:e05011796,Feniton,,,,
ocd-division/country:gb/part:eng/ward:e05011797,Honiton St Michael's,,,,
ocd-division/country:gb/part:eng/ward:e05011798,Honiton St Paul's,,,,
ocd-division/country:gb/part:eng/ward:e05011799,Newbridges,,,,
ocd-division/country:gb/part:eng/ward:e05011800,Newton Poppleford & Harpford,,,,
ocd-division/country:gb/part:eng/ward:e05011801,Ottery St Mary,,,,
ocd-division/country:gb/part:eng/ward:e05011802,Seaton,,,,
ocd-division/country:gb/part:eng/ward:e05011803,Sidmouth Rural,,,,
ocd-division/country:gb/part:eng/ward:e05011804,Sidmouth Sidford,,,,
ocd-division/country:gb/part:eng/ward:e05011805,Sidmouth Town,,,,
ocd-division/country:gb/part:eng/ward:e05011806,Tale Vale,,,,
ocd-division/country:gb/part:eng/ward:e05011807,Trinity,,,,
ocd-division/country:gb/part:eng/ward:e05011808,West Hill & Aylesbeare,,,,
ocd-division/country:gb/part:eng/ward:e05011809,Whimple & Rockbeare,,,,
ocd-division/country:gb/part:eng/ward:e05011810,Woodbury & Lympstone,,,,
ocd-division/country:gb/part:eng/ward:e05011811,Yarty,,,,
ocd-division/country:gb/part:eng/ward:e05011812,Billingshurst,,,,
ocd-division/country:gb/part:eng/ward:e05011813,"Bramber, Upper Beeding & Woodmancote",,,,
ocd-division/country:gb/part:eng/ward:e05011814,Broadbridge Heath,,,,
ocd-division/country:gb/part:eng/ward:e05011815,Colgate & Rusper,,,,
ocd-division/country:gb/part:eng/ward:e05011816,"Cowfold, Shermanbury & West Grinstead",,,,
ocd-division/country:gb/part:eng/ward:e05011817,Denne,,,,
ocd-division/country:gb/part:eng/ward:e05011818,Forest,,,,
ocd-division/country:gb/part:eng/ward:e05011819,Henfield,,,,
ocd-division/country:gb/part:eng/ward:e05011820,Holbrook East,,,,
ocd-division/country:gb/part:eng/ward:e05011821,Holbrook West,,,,
ocd-division/country:gb/part:eng/ward:e05011822,"Itchingfield, Slinfold & Warnham",,,,
ocd-division/country:gb/part:eng/ward:e05011823,Nuthurst & Lower Beeding,,,,
ocd-division/country:gb/part:eng/ward:e05011824,"Pulborough, Coldwaltham & Amberley",,,,
ocd-division/country:gb/part:eng/ward:e05011825,Roffey North,,,,
ocd-division/country:gb/part:eng/ward:e05011826,Roffey South,,,,
ocd-division/country:gb/part:eng/ward:e05011827,Rudgwick,,,,
ocd-division/country:gb/part:eng/ward:e05011828,Southwater North,,,,
ocd-division/country:gb/part:eng/ward:e05011829,Southwater South & Shipley,,,,
ocd-division/country:gb/part:eng/ward:e05011830,Steyning & Ashurst,,,,
ocd-division/country:gb/part:eng/ward:e05011831,Storrington & Washington,,,,
ocd-division/country:gb/part:eng/ward:e05011832,Trafalgar,,,,
ocd-division/country:gb/part:eng/ward:e05011833,"West Chiltington, Thakeham & Ashington",,,,
ocd-division/country:gb/part:eng/ward:e05011834,Bacton,,,,
ocd-division/country:gb/part:eng/ward:e05011835,Beeston Regis & The Runtons,,,,
ocd-division/country:gb/part:eng/ward:e05011836,Briston,,,,
ocd-division/country:gb/part:eng/ward:e05011837,Coastal,,,,
ocd-division/country:gb/part:eng/ward:e05011838,Cromer Town,,,,
ocd-division/country:gb/part:eng/ward:e05011839,Erpingham,,,,
ocd-division/country:gb/part:eng/ward:e05011840,Gresham,,,,
ocd-division/country:gb/part:eng/ward:e05011841,Happisburgh,,,,
ocd-division/country:gb/part:eng/ward:e05011842,Hickling,,,,
ocd-division/country:gb/part:eng/ward:e05011843,Holt,,,,
ocd-division/country:gb/part:eng/ward:e05011844,Hoveton & Tunstead,,,,
ocd-division/country:gb/part:eng/ward:e05011845,Lancaster North,,,,
ocd-division/country:gb/part:eng/ward:e05011846,Lancaster South,,,,
ocd-division/country:gb/part:eng/ward:e05011847,Mundesley,,,,
ocd-division/country:gb/part:eng/ward:e05011848,North Walsham East,,,,
ocd-division/country:gb/part:eng/ward:e05011849,North Walsham Market Cross,,,,
ocd-division/country:gb/part:eng/ward:e05011850,North Walsham West,,,,
ocd-division/country:gb/part:eng/ward:e05011851,Poppyland,,,,
ocd-division/country:gb/part:eng/ward:e05011852,Priory,,,,
ocd-division/country:gb/part:eng/ward:e05011853,Roughton,,,,
ocd-division/country:gb/part:eng/ward:e05011854,St Benet's,,,,
ocd-division/country:gb/part:eng/ward:e05011855,Sheringham North,,,,
ocd-division/country:gb/part:eng/ward:e05011856,Sheringham South,,,,
ocd-division/country:gb/part:eng/ward:e05011857,Stalham,,,,
ocd-division/country:gb/part:eng/ward:e05011858,Stibbard,,,,
ocd-division/country:gb/part:eng/ward:e05011859,Stody,,,,
ocd-division/country:gb/part:eng/ward:e05011860,Suffield Park,,,,
ocd-division/country:gb/part:eng/ward:e05011861,The Raynhams,,,,
ocd-division/country:gb/part:eng/ward:e05011862,Trunch,,,,
ocd-division/country:gb/part:eng/ward:e05011863,Walsingham,,,,
ocd-division/country:gb/part:eng/ward:e05011864,Wells with Holkham,,,,
ocd-division/country:gb/part:eng/ward:e05011865,Worstead,,,,
ocd-division/country:gb/part:eng/ward:e05011866,"Beck Vale, Dickleburgh & Scole",,,,
ocd-division/country:gb/part:eng/ward:e05011867,Bressingham & Burston,,,,
ocd-division/country:gb/part:eng/ward:e05011868,Brooke,,,,
ocd-division/country:gb/part:eng/ward:e05011869,Bunwell,,,,
ocd-division/country:gb/part:eng/ward:e05011870,Central Wymondham,,,,
ocd-division/country:gb/part:eng/ward:e05011871,Cringleford,,,,
ocd-division/country:gb/part:eng/ward:e05011872,Diss & Roydon,,,,
ocd-division/country:gb/part:eng/ward:e05011874,Easton,,,,
ocd-division/country:gb/part:eng/ward:e05011875,Forncett,,,,
ocd-division/country:gb/part:eng/ward:e05011877,Hempnall,,,,
ocd-division/country:gb/part:eng/ward:e05011878,Hethersett,,,,
ocd-division/country:gb/part:eng/ward:e05011879,Hingham & Deopham,,,,
ocd-division/country:gb/part:eng/ward:e05011880,Loddon & Chedgrave,,,,
ocd-division/country:gb/part:eng/ward:e05011881,Mulbarton & Stoke Holy Cross,,,,
ocd-division/country:gb/part:eng/ward:e05011882,New Costessey,,,,
ocd-division/country:gb/part:eng/ward:e05011883,Newton Flotman,,,,
ocd-division/country:gb/part:eng/ward:e05011884,North Wymondham,,,,
ocd-division/country:gb/part:eng/ward:e05011885,Old Costessey,,,,
ocd-division/country:gb/part:eng/ward:e05011886,"Poringland, Framinghams & Trowse",,,,
ocd-division/country:gb/part:eng/ward:e05011887,Rockland,,,,
ocd-division/country:gb/part:eng/ward:e05011888,South Wymondham,,,,
ocd-division/country:gb/part:eng/ward:e05011889,Stratton,,,,
ocd-division/country:gb/part:eng/ward:e05011890,Thurlton,,,,
ocd-division/country:gb/part:eng/ward:e05011891,Wicklewood,,,,
ocd-division/country:gb/part:eng/ward:e05011892,Ambrook,,,,
ocd-division/country:gb/part:eng/ward:e05011893,Ashburton & Buckfastleigh,,,,
ocd-division/country:gb/part:eng/ward:e05011894,Bishopsteignton,,,,
ocd-division/country:gb/part:eng/ward:e05011895,Bovey,,,,
ocd-division/country:gb/part:eng/ward:e05011896,Bradley,,,,
ocd-division/country:gb/part:eng/ward:e05011897,Buckland & Milber,,,,
ocd-division/country:gb/part:eng/ward:e05011898,Bushell,,,,
ocd-division/country:gb/part:eng/ward:e05011899,Chudleigh,,,,
ocd-division/country:gb/part:eng/ward:e05011900,College,,,,
ocd-division/country:gb/part:eng/ward:e05011901,Dawlish North East,,,,
ocd-division/country:gb/part:eng/ward:e05011902,Dawlish South West,,,,
ocd-division/country:gb/part:eng/ward:e05011903,Haytor,,,,
ocd-division/country:gb/part:eng/ward:e05011904,Ipplepen,,,,
ocd-division/country:gb/part:eng/ward:e05011905,Kenn Valley,,,,
ocd-division/country:gb/part:eng/ward:e05011906,Kenton & Starcross,,,,
ocd-division/country:gb/part:eng/ward:e05011907,Kerswell-with-Combe,,,,
ocd-division/country:gb/part:eng/ward:e05011908,Kingsteignton East,,,,
ocd-division/country:gb/part:eng/ward:e05011909,Kingsteignton West,,,,
ocd-division/country:gb/part:eng/ward:e05011910,Moretonhampstead,,,,
ocd-division/country:gb/part:eng/ward:e05011911,Shaldon & Stokeinteignhead,,,,
ocd-division/country:gb/part:eng/ward:e05011912,Teign Valley,,,,
ocd-division/country:gb/part:eng/ward:e05011913,Teignmouth Central,,,,
ocd-division/country:gb/part:eng/ward:e05011914,Teignmouth East,,,,
ocd-division/country:gb/part:eng/ward:e05011915,Teignmouth West,,,,
ocd-division/country:gb/part:eng/ward:e05011916,Appledore,,,,
ocd-division/country:gb/part:eng/ward:e05011917,Bideford East,,,,
ocd-division/country:gb/part:eng/ward:e05011918,Bideford North,,,,
ocd-division/country:gb/part:eng/ward:e05011919,Bideford South,,,,
ocd-division/country:gb/part:eng/ward:e05011920,Bideford West,,,,
ocd-division/country:gb/part:eng/ward:e05011921,Broadheath,,,,
ocd-division/country:gb/part:eng/ward:e05011922,Great Torrington,,,,
ocd-division/country:gb/part:eng/ward:e05011923,Hartland,,,,
ocd-division/country:gb/part:eng/ward:e05011924,Holsworthy,,,,
ocd-division/country:gb/part:eng/ward:e05011925,Milton & Tamarside,,,,
ocd-division/country:gb/part:eng/ward:e05011926,Monkleigh & Putford,,,,
ocd-division/country:gb/part:eng/ward:e05011927,Northam,,,,
ocd-division/country:gb/part:eng/ward:e05011928,Shebbear & Langtree,,,,
ocd-division/country:gb/part:eng/ward:e05011929,Two Rivers & Three Moors,,,,
ocd-division/country:gb/part:eng/ward:e05011930,Westward Ho!,,,,
ocd-division/country:gb/part:eng/ward:e05011931,Winkleigh,,,,
ocd-division/country:gb/part:eng/ward:e05011932,Alresford & Elmstead,,,,
ocd-division/country:gb/part:eng/ward:e05011933,Ardleigh & Little Bromley,,,,
ocd-division/country:gb/part:eng/ward:e05011934,Bluehouse,,,,
ocd-division/country:gb/part:eng/ward:e05011935,Brightlingsea,,,,
ocd-division/country:gb/part:eng/ward:e05011936,Burrsville,,,,
ocd-division/country:gb/part:eng/ward:e05011937,Cann Hall,,,,
ocd-division/country:gb/part:eng/ward:e05011938,Coppins,,,,
ocd-division/country:gb/part:eng/ward:e05011939,Dovercourt All Saints,,,,
ocd-division/country:gb/part:eng/ward:e05011940,Dovercourt Bay,,,,
ocd-division/country:gb/part:eng/ward:e05011941,Dovercourt Tollgate,,,,
ocd-division/country:gb/part:eng/ward:e05011942,Dovercourt Vines & Parkeston,,,,
ocd-division/country:gb/part:eng/ward:e05011943,Eastcliff,,,,
ocd-division/country:gb/part:eng/ward:e05011944,Frinton,,,,
ocd-division/country:gb/part:eng/ward:e05011945,Harwich & Kingsway,,,,
ocd-division/country:gb/part:eng/ward:e05011946,Homelands,,,,
ocd-division/country:gb/part:eng/ward:e05011947,Kirby Cross,,,,
ocd-division/country:gb/part:eng/ward:e05011948,Kirby-le-Soken & Hamford,,,,
ocd-division/country:gb/part:eng/ward:e05011949,"Lawford, Manningtree & Mistley",,,,
ocd-division/country:gb/part:eng/ward:e05011950,Little Clacton,,,,
ocd-division/country:gb/part:eng/ward:e05011951,Pier,,,,
ocd-division/country:gb/part:eng/ward:e05011952,St Bartholomew's,,,,
ocd-division/country:gb/part:eng/ward:e05011953,St James,,,,
ocd-division/country:gb/part:eng/ward:e05011954,St John's,,,,
ocd-division/country:gb/part:eng/ward:e05011955,St Osyth,,,,
ocd-division/country:gb/part:eng/ward:e05011956,St Paul's,,,,
ocd-division/country:gb/part:eng/ward:e05011957,Stour Valley,,,,
ocd-division/country:gb/part:eng/ward:e05011958,The Bentleys & Frating,,,,
ocd-division/country:gb/part:eng/ward:e05011959,The Oakleys & Wix,,,,
ocd-division/country:gb/part:eng/ward:e05011960,"Thorpe, Beaumont & Great Holland",,,,
ocd-division/country:gb/part:eng/ward:e05011961,Walton,,,,
ocd-division/country:gb/part:eng/ward:e05011962,Weeley & Tendring,,,,
ocd-division/country:gb/part:eng/ward:e05011963,West Clacton & Jaywick Sands,,,,
ocd-division/country:gb/part:eng/ward:e05011964,Billesdon & Tilton,,,,
ocd-division/country:gb/part:eng/ward:e05011965,Bosworth,,,,
ocd-division/country:gb/part:eng/ward:e05011966,Broughton Astley-Primethorpe & Sutton,,,,
ocd-division/country:gb/part:eng/ward:e05011967,Broughton Astley South & Leire,,,,
ocd-division/country:gb/part:eng/ward:e05011968,Dunton,,,,
ocd-division/country:gb/part:eng/ward:e05011969,Fleckney,,,,
ocd-division/country:gb/part:eng/ward:e05011970,Glen,,,,
ocd-division/country:gb/part:eng/ward:e05011971,Kibworths,,,,
ocd-division/country:gb/part:eng/ward:e05011972,Lubenham,,,,
ocd-division/country:gb/part:eng/ward:e05011973,Lutterworth East,,,,
ocd-division/country:gb/part:eng/ward:e05011974,Lutterworth West,,,,
ocd-division/country:gb/part:eng/ward:e05011975,Market Harborough-Great Bowden & Arden,,,,
ocd-division/country:gb/part:eng/ward:e05011976,Market Harborough-Little Bowden,,,,
ocd-division/country:gb/part:eng/ward:e05011977,Market Harborough-Logan,,,,
ocd-division/country:gb/part:eng/ward:e05011978,Market Harborough-Welland,,,,
ocd-division/country:gb/part:eng/ward:e05011979,Misterton,,,,
ocd-division/country:gb/part:eng/ward:e05011980,Nevill,,,,
ocd-division/country:gb/part:eng/ward:e05011981,Thurnby & Houghton,,,,
ocd-division/country:gb/part:eng/ward:e05011982,Ullesthorpe,,,,
ocd-division/country:gb/part:eng/ward:e05011983,Ault Hucknall,,,,
ocd-division/country:gb/part:eng/ward:e05011984,Barlborough,,,,
ocd-division/country:gb/part:eng/ward:e05011985,Blackwell,,,,
ocd-division/country:gb/part:eng/ward:e05011986,Bolsover East,,,,
ocd-division/country:gb/part:eng/ward:e05011987,Bolsover North & Shuttlewood,,,,
ocd-division/country:gb/part:eng/ward:e05011988,Bolsover South,,,,
ocd-division/country:gb/part:eng/ward:e05011989,Clowne East,,,,
ocd-division/country:gb/part:eng/ward:e05011990,Clowne West,,,,
ocd-division/country:gb/part:eng/ward:e05011991,Elmton-with-Creswell,,,,
ocd-division/country:gb/part:eng/ward:e05011992,Langwith,,,,
ocd-division/country:gb/part:eng/ward:e05011993,Pinxton,,,,
ocd-division/country:gb/part:eng/ward:e05011994,Shirebrook North,,,,
ocd-division/country:gb/part:eng/ward:e05011995,Shirebrook South,,,,
ocd-division/country:gb/part:eng/ward:e05011996,South Normanton East,,,,
ocd-division/country:gb/part:eng/ward:e05011997,South Normanton West,,,,
ocd-division/country:gb/part:eng/ward:e05011998,Tibshelf,,,,
ocd-division/country:gb/part:eng/ward:e05011999,Whitwell,,,,
ocd-division/country:gb/part:eng/ward:e05012000,Alston & Hothersall,,,,
ocd-division/country:gb/part:eng/ward:e05012001,Billington & Langho,,,,
ocd-division/country:gb/part:eng/ward:e05012002,Bowland,,,,
ocd-division/country:gb/part:eng/ward:e05012003,Brockhall & Dinckley,,,,
ocd-division/country:gb/part:eng/ward:e05012004,Chatburn,,,,
ocd-division/country:gb/part:eng/ward:e05012005,Chipping,,,,
ocd-division/country:gb/part:eng/ward:e05012006,Clayton-le-Dale & Salesbury,,,,
ocd-division/country:gb/part:eng/ward:e05012007,Derby & Thornley,,,,
ocd-division/country:gb/part:eng/ward:e05012008,Dilworth,,,,
ocd-division/country:gb/part:eng/ward:e05012009,"East Whalley, Read & Simonstone",,,,
ocd-division/country:gb/part:eng/ward:e05012010,Edisford & Low Moor,,,,
ocd-division/country:gb/part:eng/ward:e05012011,Gisburn & Rimington,,,,
ocd-division/country:gb/part:eng/ward:e05012012,Hurst Green & Whitewell,,,,
ocd-division/country:gb/part:eng/ward:e05012013,Littlemoor,,,,
ocd-division/country:gb/part:eng/ward:e05012014,Mellor,,,,
ocd-division/country:gb/part:eng/ward:e05012015,Primrose,,,,
ocd-division/country:gb/part:eng/ward:e05012016,Ribchester,,,,
ocd-division/country:gb/part:eng/ward:e05012017,Sabden,,,,
ocd-division/country:gb/part:eng/ward:e05012018,St Mary's,,,,
ocd-division/country:gb/part:eng/ward:e05012019,Salthill,,,,
ocd-division/country:gb/part:eng/ward:e05012020,"Waddington, Bashall Eaves & Mitton",,,,
ocd-division/country:gb/part:eng/ward:e05012021,West Bradford & Grindleton,,,,
ocd-division/country:gb/part:eng/ward:e05012022,Whalley & Painter Wood,,,,
ocd-division/country:gb/part:eng/ward:e05012023,Whalley Nethertown,,,,
ocd-division/country:gb/part:eng/ward:e05012024,Wilpshire & Ramsgreave,,,,
ocd-division/country:gb/part:eng/ward:e05012025,Wiswell & Barrow,,,,
ocd-division/country:gb/part:eng/ward:e05012026,Bagshot,,,,
ocd-division/country:gb/part:eng/ward:e05012027,Bisley & West End,,,,
ocd-division/country:gb/part:eng/ward:e05012028,Frimley,,,,
ocd-division/country:gb/part:eng/ward:e05012029,Frimley Green,,,,
ocd-division/country:gb/part:eng/ward:e05012030,Heatherside,,,,
ocd-division/country:gb/part:eng/ward:e05012031,Lightwater,,,,
ocd-division/country:gb/part:eng/ward:e05012032,Mytchett & Deepcut,,,,
ocd-division/country:gb/part:eng/ward:e05012033,Old Dean,,,,
ocd-division/country:gb/part:eng/ward:e05012034,Parkside,,,,
ocd-division/country:gb/part:eng/ward:e05012035,St Michaels,,,,
ocd-division/country:gb/part:eng/ward:e05012036,St Pauls,,,,
ocd-division/country:gb/part:eng/ward:e05012037,Town,,,,
ocd-division/country:gb/part:eng/ward:e05012038,Watchetts,,,,
ocd-division/country:gb/part:eng/ward:e05012039,Windlesham & Chobham,,,,
ocd-division/country:gb/part:eng/ward:e05012040,Ashover,,,,
ocd-division/country:gb/part:eng/ward:e05012041,Barlow & Holmesfield,,,,
ocd-division/country:gb/part:eng/ward:e05012042,Brampton & Walton,,,,
ocd-division/country:gb/part:eng/ward:e05012043,Clay Cross North,,,,
ocd-division/country:gb/part:eng/ward:e05012044,Clay Cross South,,,,
ocd-division/country:gb/part:eng/ward:e05012045,Coal Aston,,,,
ocd-division/country:gb/part:eng/ward:e05012046,Dronfield North,,,,
ocd-division/country:gb/part:eng/ward:e05012047,Dronfield South,,,,
ocd-division/country:gb/part:eng/ward:e05012048,Dronfield Woodhouse,,,,
ocd-division/country:gb/part:eng/ward:e05012049,Eckington North,,,,
ocd-division/country:gb/part:eng/ward:e05012050,Eckington South & Renishaw,,,,
ocd-division/country:gb/part:eng/ward:e05012051,Gosforth Valley,,,,
ocd-division/country:gb/part:eng/ward:e05012052,Grassmoor,,,,
ocd-division/country:gb/part:eng/ward:e05012053,Holmewood & Heath,,,,
ocd-division/country:gb/part:eng/ward:e05012054,Killamarsh East,,,,
ocd-division/country:gb/part:eng/ward:e05012055,Killamarsh West,,,,
ocd-division/country:gb/part:eng/ward:e05012056,North Wingfield Central,,,,
ocd-division/country:gb/part:eng/ward:e05012057,Pilsley & Morton,,,,
ocd-division/country:gb/part:eng/ward:e05012058,Ridgeway & Marsh Lane,,,,
ocd-division/country:gb/part:eng/ward:e05012059,Shirland,,,,
ocd-division/country:gb/part:eng/ward:e05012060,Sutton,,,,
ocd-division/country:gb/part:eng/ward:e05012061,Tupton,,,,
ocd-division/country:gb/part:eng/ward:e05012062,Unstone,,,,
ocd-division/country:gb/part:eng/ward:e05012063,Wingerworth,,,,
ocd-division/country:gb/part:eng/ward:e05012065,Brockworth East,,,,
ocd-division/country:gb/part:eng/ward:e05012066,Brockworth West,,,,
ocd-division/country:gb/part:eng/ward:e05012071,Cleeve St Michael's,,,,
ocd-division/country:gb/part:eng/ward:e05012072,Cleeve West,,,,
ocd-division/country:gb/part:eng/ward:e05012073,Highnam with Haw Bridge,,,,
ocd-division/country:gb/part:eng/ward:e05012076,Northway,,,,
ocd-division/country:gb/part:eng/ward:e05012077,Severn Vale North,,,,
ocd-division/country:gb/part:eng/ward:e05012078,Severn Vale South,,,,
ocd-division/country:gb/part:eng/ward:e05012079,Shurdington,,,,
ocd-division/country:gb/part:eng/ward:e05012081,Tewkesbury North & Twyning,,,,
ocd-division/country:gb/part:eng/ward:e05012082,Tewkesbury South,,,,
ocd-division/country:gb/part:eng/ward:e05012083,Winchcombe,,,,
ocd-division/country:gb/part:eng/ward:e05012085,Andover Downlands,,,,
ocd-division/country:gb/part:eng/ward:e05012088,Andover Romans,,,,
ocd-division/country:gb/part:eng/ward:e05012093,Blackwater,,,,
ocd-division/country:gb/part:eng/ward:e05012097,Harewood,,,,
ocd-division/country:gb/part:eng/ward:e05012098,Mid Test,,,,
ocd-division/country:gb/part:eng/ward:e05012100,Romsey Abbey,,,,
ocd-division/country:gb/part:eng/ward:e05012102,Romsey Tadburn,,,,
ocd-division/country:gb/part:eng/ward:e05012104,Bitton & Oldland Common,,,,
ocd-division/country:gb/part:eng/ward:e05012105,Boyd Valley,,,,
ocd-division/country:gb/part:eng/ward:e05012106,Bradley Stoke North,,,,
ocd-division/country:gb/part:eng/ward:e05012107,Bradley Stoke South,,,,
ocd-division/country:gb/part:eng/ward:e05012108,Charfield,,,,
ocd-division/country:gb/part:eng/ward:e05012109,Charlton & Cribbs,,,,
ocd-division/country:gb/part:eng/ward:e05012110,Chipping Sodbury & Cotswold Edge,,,,
ocd-division/country:gb/part:eng/ward:e05012111,Dodington,,,,
ocd-division/country:gb/part:eng/ward:e05012112,Emersons Green,,,,
ocd-division/country:gb/part:eng/ward:e05012113,Filton,,,,
ocd-division/country:gb/part:eng/ward:e05012114,Frampton Cotterell,,,,
ocd-division/country:gb/part:eng/ward:e05012115,Frenchay & Downend,,,,
ocd-division/country:gb/part:eng/ward:e05012116,Hanham,,,,
ocd-division/country:gb/part:eng/ward:e05012117,Kingswood,,,,
ocd-division/country:gb/part:eng/ward:e05012118,Longwell Green,,,,
ocd-division/country:gb/part:eng/ward:e05012119,New Cheltenham,,,,
ocd-division/country:gb/part:eng/ward:e05012120,Parkwall & Warmley,,,,
ocd-division/country:gb/part:eng/ward:e05012121,Patchway Coniston,,,,
ocd-division/country:gb/part:eng/ward:e05012122,Pilning & Severn Beach,,,,
ocd-division/country:gb/part:eng/ward:e05012123,Severn Vale,,,,
ocd-division/country:gb/part:eng/ward:e05012124,Staple Hill & Mangotsfield,,,,
ocd-division/country:gb/part:eng/ward:e05012125,Stoke Gifford,,,,
ocd-division/country:gb/part:eng/ward:e05012126,Stoke Park & Cheswick,,,,
ocd-division/country:gb/part:eng/ward:e05012127,Thornbury,,,,
ocd-division/country:gb/part:eng/ward:e05012128,Winterbourne,,,,
ocd-division/country:gb/part:eng/ward:e05012129,Woodstock,,,,
ocd-division/country:gb/part:eng/ward:e05012130,Yate Central,,,,
ocd-division/country:gb/part:eng/ward:e05012131,Yate North,,,,
ocd-division/country:gb/part:eng/ward:e05012132,Aldermaston,,,,
ocd-division/country:gb/part:eng/ward:e05012133,Basildon,,,,
ocd-division/country:gb/part:eng/ward:e05012134,Bradfield,,,,
ocd-division/country:gb/part:eng/ward:e05012135,Bucklebury,,,,
ocd-division/country:gb/part:eng/ward:e05012136,Burghfield & Mortimer,,,,
ocd-division/country:gb/part:eng/ward:e05012137,Chieveley & Cold Ash,,,,
ocd-division/country:gb/part:eng/ward:e05012138,Downlands,,,,
ocd-division/country:gb/part:eng/ward:e05012139,Hungerford & Kintbury,,,,
ocd-division/country:gb/part:eng/ward:e05012140,Lambourn,,,,
ocd-division/country:gb/part:eng/ward:e05012141,Newbury Central,,,,
ocd-division/country:gb/part:eng/ward:e05012142,Newbury Clay Hill,,,,
ocd-division/country:gb/part:eng/ward:e05012143,Newbury Greenham,,,,
ocd-division/country:gb/part:eng/ward:e05012144,Newbury Speen,,,,
ocd-division/country:gb/part:eng/ward:e05012145,Newbury Wash Common,,,,
ocd-division/country:gb/part:eng/ward:e05012146,Pangbourne,,,,
ocd-division/country:gb/part:eng/ward:e05012147,Ridgeway,,,,
ocd-division/country:gb/part:eng/ward:e05012148,Thatcham Central,,,,
ocd-division/country:gb/part:eng/ward:e05012149,Thatcham Colthrop & Crookham,,,,
ocd-division/country:gb/part:eng/ward:e05012150,Thatcham North East,,,,
ocd-division/country:gb/part:eng/ward:e05012151,Thatcham West,,,,
ocd-division/country:gb/part:eng/ward:e05012152,Theale,,,,
ocd-division/country:gb/part:eng/ward:e05012153,Tilehurst & Purley,,,,
ocd-division/country:gb/part:eng/ward:e05012154,Tilehurst Birch Copse,,,,
ocd-division/country:gb/part:eng/ward:e05012155,Tilehurst South & Holybrook,,,,
ocd-division/country:gb/part:eng/ward:e05012156,Berry Hill,,,,
ocd-division/country:gb/part:eng/ward:e05012157,Bream,,,,
ocd-division/country:gb/part:eng/ward:e05012158,Cinderford East,,,,
ocd-division/country:gb/part:eng/ward:e05012159,Cinderford West,,,,
ocd-division/country:gb/part:eng/ward:e05012160,Coleford,,,,
ocd-division/country:gb/part:eng/ward:e05012161,Dymock,,,,
ocd-division/country:gb/part:eng/ward:e05012162,Hartpury & Redmarley,,,,
ocd-division/country:gb/part:eng/ward:e05012163,Longhope & Huntley,,,,
ocd-division/country:gb/part:eng/ward:e05012164,Lydbrook,,,,
ocd-division/country:gb/part:eng/ward:e05012165,Lydney East,,,,
ocd-division/country:gb/part:eng/ward:e05012166,Lydney North,,,,
ocd-division/country:gb/part:eng/ward:e05012167,Lydney West & Aylburton,,,,
ocd-division/country:gb/part:eng/ward:e05012168,"Mitcheldean, Ruardean & Drybrook",,,,
ocd-division/country:gb/part:eng/ward:e05012169,Newent & Taynton,,,,
ocd-division/country:gb/part:eng/ward:e05012170,Newland & Sling,,,,
ocd-division/country:gb/part:eng/ward:e05012171,Newnham,,,,
ocd-division/country:gb/part:eng/ward:e05012172,Pillowell,,,,
ocd-division/country:gb/part:eng/ward:e05012173,Ruspidge,,,,
ocd-division/country:gb/part:eng/ward:e05012174,St. Briavels,,,,
ocd-division/country:gb/part:eng/ward:e05012175,Tidenham,,,,
ocd-division/country:gb/part:eng/ward:e05012176,Westbury-on-Severn,,,,
ocd-division/country:gb/part:eng/ward:e05012177,Aldenham East,,,,
ocd-division/country:gb/part:eng/ward:e05012178,Aldenham West,,,,
ocd-division/country:gb/part:eng/ward:e05012179,Bentley Heath & The Royds,,,,
ocd-division/country:gb/part:eng/ward:e05012180,Borehamwood Brookmeadow,,,,
ocd-division/country:gb/part:eng/ward:e05012181,Borehamwood Cowley Hill,,,,
ocd-division/country:gb/part:eng/ward:e05012182,Borehamwood Hillside,,,,
ocd-division/country:gb/part:eng/ward:e05012183,Borehamwood Kenilworth,,,,
ocd-division/country:gb/part:eng/ward:e05012184,Bushey Heath,,,,
ocd-division/country:gb/part:eng/ward:e05012185,Bushey North,,,,
ocd-division/country:gb/part:eng/ward:e05012186,Bushey Park,,,,
ocd-division/country:gb/part:eng/ward:e05012187,Bushey St James,,,,
ocd-division/country:gb/part:eng/ward:e05012188,Elstree,,,,
ocd-division/country:gb/part:eng/ward:e05012189,Potters Bar Furzefield,,,,
ocd-division/country:gb/part:eng/ward:e05012190,Potters Bar Oakmere,,,,
ocd-division/country:gb/part:eng/ward:e05012191,Potters Bar Parkfield,,,,
ocd-division/country:gb/part:eng/ward:e05012192,Shenley,,,,
ocd-division/country:gb/part:eng/ward:e05012193,Ashton,,,,
ocd-division/country:gb/part:eng/ward:e05012194,Brookfield,,,,
ocd-division/country:gb/part:eng/ward:e05012195,Cadley,,,,
ocd-division/country:gb/part:eng/ward:e05012196,City Centre,,,,
ocd-division/country:gb/part:eng/ward:e05012197,Deepdale,,,,
ocd-division/country:gb/part:eng/ward:e05012198,Fishwick & Frenchwood,,,,
ocd-division/country:gb/part:eng/ward:e05012199,Garrison,,,,
ocd-division/country:gb/part:eng/ward:e05012200,Greyfriars,,,,
ocd-division/country:gb/part:eng/ward:e05012201,Ingol & Cottam,,,,
ocd-division/country:gb/part:eng/ward:e05012202,Lea & Larches,,,,
ocd-division/country:gb/part:eng/ward:e05012203,Plungington,,,,
ocd-division/country:gb/part:eng/ward:e05012204,Preston Rural East,,,,
ocd-division/country:gb/part:eng/ward:e05012205,Preston Rural North,,,,
ocd-division/country:gb/part:eng/ward:e05012206,Ribbleton,,,,
ocd-division/country:gb/part:eng/ward:e05012207,St Matthew's,,,,
ocd-division/country:gb/part:eng/ward:e05012208,Sharoe Green,,,,
ocd-division/country:gb/part:eng/ward:e05012209,Blacon,,,,
ocd-division/country:gb/part:eng/ward:e05012210,Central & Grange,,,,
ocd-division/country:gb/part:eng/ward:e05012211,Chester City & the Garden Quarter,,,,
ocd-division/country:gb/part:eng/ward:e05012212,Christleton & Huntington,,,,
ocd-division/country:gb/part:eng/ward:e05012213,"Davenham, Moulton & Kingsmead",,,,
ocd-division/country:gb/part:eng/ward:e05012214,Farndon,,,,
ocd-division/country:gb/part:eng/ward:e05012215,Frodsham,,,,
ocd-division/country:gb/part:eng/ward:e05012216,Gowy Rural,,,,
ocd-division/country:gb/part:eng/ward:e05012217,Great Boughton,,,,
ocd-division/country:gb/part:eng/ward:e05012218,Handbridge Park,,,,
ocd-division/country:gb/part:eng/ward:e05012219,Hartford & Greenbank,,,,
ocd-division/country:gb/part:eng/ward:e05012220,Helsby,,,,
ocd-division/country:gb/part:eng/ward:e05012221,Lache,,,,
ocd-division/country:gb/part:eng/ward:e05012222,Ledsham & Manor,,,,
ocd-division/country:gb/part:eng/ward:e05012223,Little Neston,,,,
ocd-division/country:gb/part:eng/ward:e05012224,Malpas,,,,
ocd-division/country:gb/part:eng/ward:e05012225,Marbury,,,,
ocd-division/country:gb/part:eng/ward:e05012226,Neston,,,,
ocd-division/country:gb/part:eng/ward:e05012227,Netherpool,,,,
ocd-division/country:gb/part:eng/ward:e05012228,Newton & Hoole,,,,
ocd-division/country:gb/part:eng/ward:e05012229,Northwich Leftwich,,,,
ocd-division/country:gb/part:eng/ward:e05012230,Northwich Winnington & Castle,,,,
ocd-division/country:gb/part:eng/ward:e05012231,Northwich Witton,,,,
ocd-division/country:gb/part:eng/ward:e05012232,Parkgate,,,,
ocd-division/country:gb/part:eng/ward:e05012233,Rudheath,,,,
ocd-division/country:gb/part:eng/ward:e05012234,Sandstone,,,,
ocd-division/country:gb/part:eng/ward:e05012235,Saughall & Mollington,,,,
ocd-division/country:gb/part:eng/ward:e05012236,Shakerley,,,,
ocd-division/country:gb/part:eng/ward:e05012237,Strawberry,,,,
ocd-division/country:gb/part:eng/ward:e05012238,Sutton Villages,,,,
ocd-division/country:gb/part:eng/ward:e05012239,Tarporley,,,,
ocd-division/country:gb/part:eng/ward:e05012240,Tarvin & Kelsall,,,,
ocd-division/country:gb/part:eng/ward:e05012241,Tattenhall,,,,
ocd-division/country:gb/part:eng/ward:e05012242,Upton,,,,
ocd-division/country:gb/part:eng/ward:e05012243,Weaver & Cuddington,,,,
ocd-division/country:gb/part:eng/ward:e05012244,Westminster,,,,
ocd-division/country:gb/part:eng/ward:e05012245,Whitby Groves,,,,
ocd-division/country:gb/part:eng/ward:e05012246,Whitby Park,,,,
ocd-division/country:gb/part:eng/ward:e05012247,Willaston & Thornton,,,,
ocd-division/country:gb/part:eng/ward:e05012248,Winsford Dene,,,,
ocd-division/country:gb/part:eng/ward:e05012249,Winsford Gravel,,,,
ocd-division/country:gb/part:eng/ward:e05012250,Winsford Over & Verdin,,,,
ocd-division/country:gb/part:eng/ward:e05012251,Winsford Swanlow,,,,
ocd-division/country:gb/part:eng/ward:e05012252,Winsford Wharton,,,,
ocd-division/country:gb/part:eng/ward:e05012253,Wolverham,,,,
ocd-division/country:gb/part:eng/ward:e05012254,Barton with Watcombe,,,,
ocd-division/country:gb/part:eng/ward:e05012255,Churston with Galmpton,,,,
ocd-division/country:gb/part:eng/ward:e05012256,Clifton with Maidenway,,,,
ocd-division/country:gb/part:eng/ward:e05012257,Cockington with Chelston,,,,
ocd-division/country:gb/part:eng/ward:e05012258,Collaton St Mary,,,,
ocd-division/country:gb/part:eng/ward:e05012259,Ellacombe,,,,
ocd-division/country:gb/part:eng/ward:e05012260,Furzeham with Summercombe,,,,
ocd-division/country:gb/part:eng/ward:e05012261,Goodrington with Roselands,,,,
ocd-division/country:gb/part:eng/ward:e05012262,King's Ash,,,,
ocd-division/country:gb/part:eng/ward:e05012263,Preston,,,,
ocd-division/country:gb/part:eng/ward:e05012264,Roundham with Hyde,,,,
ocd-division/country:gb/part:eng/ward:e05012265,St Marychurch,,,,
ocd-division/country:gb/part:eng/ward:e05012266,St Peter's with St Mary's,,,,
ocd-division/country:gb/part:eng/ward:e05012267,Shiphay,,,,
ocd-division/country:gb/part:eng/ward:e05012268,Tormohun,,,,
ocd-division/country:gb/part:eng/ward:e05012269,Wellswood,,,,
ocd-division/country:gb/part:eng/ward:e05012270,Aspley,,,,
ocd-division/country:gb/part:eng/ward:e05012271,Basford,,,,
ocd-division/country:gb/part:eng/ward:e05012272,Berridge,,,,
ocd-division/country:gb/part:eng/ward:e05012273,Bestwood,,,,
ocd-division/country:gb/part:eng/ward:e05012274,Bilborough,,,,
ocd-division/country:gb/part:eng/ward:e05012275,Bulwell,,,,
ocd-division/country:gb/part:eng/ward:e05012276,Bulwell Forest,,,,
ocd-division/country:gb/part:eng/ward:e05012277,Castle,,,,
ocd-division/country:gb/part:eng/ward:e05012278,Clifton East,,,,
ocd-division/country:gb/part:eng/ward:e05012279,Clifton West,,,,
ocd-division/country:gb/part:eng/ward:e05012280,Dales,,,,
ocd-division/country:gb/part:eng/ward:e05012281,Hyson Green & Arboretum,,,,
ocd-division/country:gb/part:eng/ward:e05012282,Leen Valley,,,,
ocd-division/country:gb/part:eng/ward:e05012283,Lenton & Wollaton East,,,,
ocd-division/country:gb/part:eng/ward:e05012284,Mapperley,,,,
ocd-division/country:gb/part:eng/ward:e05012285,Meadows,,,,
ocd-division/country:gb/part:eng/ward:e05012286,Radford,,,,
ocd-division/country:gb/part:eng/ward:e05012287,St. Ann's,,,,
ocd-division/country:gb/part:eng/ward:e05012288,Sherwood,,,,
ocd-division/country:gb/part:eng/ward:e05012289,Wollaton West,,,,
ocd-division/country:gb/part:eng/ward:e05012290,Alton Amery,,,,
ocd-division/country:gb/part:eng/ward:e05012291,Alton Ashdell,,,,
ocd-division/country:gb/part:eng/ward:e05012292,Alton Eastbrooke,,,,
ocd-division/country:gb/part:eng/ward:e05012293,Alton Holybourne,,,,
ocd-division/country:gb/part:eng/ward:e05012294,Alton Westbrooke,,,,
ocd-division/country:gb/part:eng/ward:e05012295,Alton Whitedown,,,,
ocd-division/country:gb/part:eng/ward:e05012296,Alton Wooteys,,,,
ocd-division/country:gb/part:eng/ward:e05012297,Bentworth & Froyle,,,,
ocd-division/country:gb/part:eng/ward:e05012298,"Binsted, Bentley & Selborne",,,,
ocd-division/country:gb/part:eng/ward:e05012299,Bramshott & Liphook,,,,
ocd-division/country:gb/part:eng/ward:e05012300,Buriton & East Meon,,,,
ocd-division/country:gb/part:eng/ward:e05012301,Clanfield,,,,
ocd-division/country:gb/part:eng/ward:e05012302,Four Marks & Medstead,,,,
ocd-division/country:gb/part:eng/ward:e05012303,"Froxfield, Sheet & Steep",,,,
ocd-division/country:gb/part:eng/ward:e05012304,Grayshott,,,,
ocd-division/country:gb/part:eng/ward:e05012305,Headley,,,,
ocd-division/country:gb/part:eng/ward:e05012306,Horndean Catherington,,,,
ocd-division/country:gb/part:eng/ward:e05012307,Horndean Downs,,,,
ocd-division/country:gb/part:eng/ward:e05012308,Horndean Kings & Blendworth,,,,
ocd-division/country:gb/part:eng/ward:e05012309,Horndean Murray,,,,
ocd-division/country:gb/part:eng/ward:e05012310,Lindford,,,,
ocd-division/country:gb/part:eng/ward:e05012311,Liss,,,,
ocd-division/country:gb/part:eng/ward:e05012312,Petersfield Bell Hill,,,,
ocd-division/country:gb/part:eng/ward:e05012313,Petersfield Causeway,,,,
ocd-division/country:gb/part:eng/ward:e05012314,Petersfield Heath,,,,
ocd-division/country:gb/part:eng/ward:e05012315,Petersfield St Peter's,,,,
ocd-division/country:gb/part:eng/ward:e05012316,"Ropley, Hawkley & Hangers",,,,
ocd-division/country:gb/part:eng/ward:e05012317,Rowlands Castle,,,,
ocd-division/country:gb/part:eng/ward:e05012318,Whitehill Chase,,,,
ocd-division/country:gb/part:eng/ward:e05012319,Whitehill Hogmoor & Greatham,,,,
ocd-division/country:gb/part:eng/ward:e05012320,Whitehill Pinewood,,,,
ocd-division/country:gb/part:eng/ward:e05012321,Airfield,,,,
ocd-division/country:gb/part:eng/ward:e05012322,Bircham with Rudhams,,,,
ocd-division/country:gb/part:eng/ward:e05012323,Brancaster,,,,
ocd-division/country:gb/part:eng/ward:e05012324,Burnham Market & Docking,,,,
ocd-division/country:gb/part:eng/ward:e05012325,Clenchwarton,,,,
ocd-division/country:gb/part:eng/ward:e05012326,Denver,,,,
ocd-division/country:gb/part:eng/ward:e05012327,Dersingham,,,,
ocd-division/country:gb/part:eng/ward:e05012328,Downham Old Town,,,,
ocd-division/country:gb/part:eng/ward:e05012329,East Downham,,,,
ocd-division/country:gb/part:eng/ward:e05012330,Emneth & Outwell,,,,
ocd-division/country:gb/part:eng/ward:e05012331,Fairstead,,,,
ocd-division/country:gb/part:eng/ward:e05012332,Feltwell,,,,
ocd-division/country:gb/part:eng/ward:e05012333,Gayton & Grimston,,,,
ocd-division/country:gb/part:eng/ward:e05012334,Gaywood Chase,,,,
ocd-division/country:gb/part:eng/ward:e05012335,Gaywood Clock,,,,
ocd-division/country:gb/part:eng/ward:e05012336,Gaywood North Bank,,,,
ocd-division/country:gb/part:eng/ward:e05012337,Heacham,,,,
ocd-division/country:gb/part:eng/ward:e05012338,Hunstanton,,,,
ocd-division/country:gb/part:eng/ward:e05012339,Massingham with Castle Acre,,,,
ocd-division/country:gb/part:eng/ward:e05012340,Methwold,,,,
ocd-division/country:gb/part:eng/ward:e05012341,North Downham,,,,
ocd-division/country:gb/part:eng/ward:e05012342,North Lynn,,,,
ocd-division/country:gb/part:eng/ward:e05012343,St. Margaret's with St. Nicholas,,,,
ocd-division/country:gb/part:eng/ward:e05012344,Snettisham,,,,
ocd-division/country:gb/part:eng/ward:e05012345,South & West Lynn,,,,
ocd-division/country:gb/part:eng/ward:e05012346,South Downham,,,,
ocd-division/country:gb/part:eng/ward:e05012347,Springwood,,,,
ocd-division/country:gb/part:eng/ward:e05012348,Terrington,,,,
ocd-division/country:gb/part:eng/ward:e05012349,The Woottons,,,,
ocd-division/country:gb/part:eng/ward:e05012350,"Tilney, Mershe Lande & Wiggenhall",,,,
ocd-division/country:gb/part:eng/ward:e05012351,Upwell & Delph,,,,
ocd-division/country:gb/part:eng/ward:e05012352,"Walsoken, West Walton & Walpole",,,,
ocd-division/country:gb/part:eng/ward:e05012353,Watlington,,,,
ocd-division/country:gb/part:eng/ward:e05012354,West Winch,,,,
ocd-division/country:gb/part:eng/ward:e05012355,Wissey,,,,
ocd-division/country:gb/part:eng/ward:e05012392,Bean & Village Park,,,,
ocd-division/country:gb/part:eng/ward:e05012393,Brent,,,,
ocd-division/country:gb/part:eng/ward:e05012394,Bridge,,,,
ocd-division/country:gb/part:eng/ward:e05012395,Burnham,,,,
ocd-division/country:gb/part:eng/ward:e05012396,Darenth,,,,
ocd-division/country:gb/part:eng/ward:e05012398,Greenhithe & Knockhall,,,,
ocd-division/country:gb/part:eng/ward:e05012399,Heath,,,,
ocd-division/country:gb/part:eng/ward:e05012400,Joyden's Wood,,,,
ocd-division/country:gb/part:eng/ward:e05012401,"Longfield, New Barn & Southfleet",,,,
ocd-division/country:gb/part:eng/ward:e05012402,Maypole & Leyton Cross,,,,
ocd-division/country:gb/part:eng/ward:e05012403,Newtown,,,,
ocd-division/country:gb/part:eng/ward:e05012404,Princes,,,,
ocd-division/country:gb/part:eng/ward:e05012405,Stone Castle,,,,
ocd-division/country:gb/part:eng/ward:e05012406,Stone House,,,,
ocd-division/country:gb/part:eng/ward:e05012408,Temple Hill,,,,
ocd-division/country:gb/part:eng/ward:e05012409,Town,,,,
ocd-division/country:gb/part:eng/ward:e05012410,West Hill,,,,
ocd-division/country:gb/part:eng/ward:e05012411,"Wilmington, Sutton-at-Hone & Hawley",,,,
ocd-division/country:gb/part:eng/ward:e05012412,Barnstaple Central,,,,
ocd-division/country:gb/part:eng/ward:e05012413,Barnstaple with Pilton,,,,
ocd-division/country:gb/part:eng/ward:e05012414,Barnstaple with Westacott,,,,
ocd-division/country:gb/part:eng/ward:e05012415,Bickington,,,,
ocd-division/country:gb/part:eng/ward:e05012416,Bishop's Nympton,,,,
ocd-division/country:gb/part:eng/ward:e05012417,Bratton Fleming,,,,
ocd-division/country:gb/part:eng/ward:e05012418,Braunton East,,,,
ocd-division/country:gb/part:eng/ward:e05012419,Braunton West & Georgeham,,,,
ocd-division/country:gb/part:eng/ward:e05012420,Chittlehampton,,,,
ocd-division/country:gb/part:eng/ward:e05012421,Chulmleigh,,,,
ocd-division/country:gb/part:eng/ward:e05012422,Combe Martin,,,,
ocd-division/country:gb/part:eng/ward:e05012423,Fremington,,,,
ocd-division/country:gb/part:eng/ward:e05012424,Heanton Punchardon,,,,
ocd-division/country:gb/part:eng/ward:e05012425,Ilfracombe East,,,,
ocd-division/country:gb/part:eng/ward:e05012426,Ilfracombe West,,,,
ocd-division/country:gb/part:eng/ward:e05012427,Instow,,,,
ocd-division/country:gb/part:eng/ward:e05012428,Landkey,,,,
ocd-division/country:gb/part:eng/ward:e05012429,Lynton & Lynmouth,,,,
ocd-division/country:gb/part:eng/ward:e05012430,Marwood,,,,
ocd-division/country:gb/part:eng/ward:e05012431,Mortehoe,,,,
ocd-division/country:gb/part:eng/ward:e05012432,Newport,,,,
ocd-division/country:gb/part:eng/ward:e05012433,North Molton,,,,
ocd-division/country:gb/part:eng/ward:e05012434,Roundswell,,,,
ocd-division/country:gb/part:eng/ward:e05012435,South Molton,,,,
ocd-division/country:gb/part:eng/ward:e05012436,Witheridge,,,,
ocd-division/country:gb/part:eng/ward:e05012437,Belmont,,,,
ocd-division/country:gb/part:eng/ward:e05012438,Brotton,,,,
ocd-division/country:gb/part:eng/ward:e05012439,Coatham,,,,
ocd-division/country:gb/part:eng/ward:e05012440,Dormanstown,,,,
ocd-division/country:gb/part:eng/ward:e05012441,Eston,,,,
ocd-division/country:gb/part:eng/ward:e05012442,Grangetown,,,,
ocd-division/country:gb/part:eng/ward:e05012443,Guisborough,,,,
ocd-division/country:gb/part:eng/ward:e05012444,Hutton,,,,
ocd-division/country:gb/part:eng/ward:e05012445,Kirkleatham,,,,
ocd-division/country:gb/part:eng/ward:e05012446,Lockwood,,,,
ocd-division/country:gb/part:eng/ward:e05012447,Loftus,,,,
ocd-division/country:gb/part:eng/ward:e05012448,Longbeck,,,,
ocd-division/country:gb/part:eng/ward:e05012449,Newcomen,,,,
ocd-division/country:gb/part:eng/ward:e05012450,Normanby,,,,
ocd-division/country:gb/part:eng/ward:e05012451,Ormesby,,,,
ocd-division/country:gb/part:eng/ward:e05012452,St Germain's,,,,
ocd-division/country:gb/part:eng/ward:e05012453,Saltburn,,,,
ocd-division/country:gb/part:eng/ward:e05012454,Skelton East,,,,
ocd-division/country:gb/part:eng/ward:e05012455,Skelton West,,,,
ocd-division/country:gb/part:eng/ward:e05012456,South Bank,,,,
ocd-division/country:gb/part:eng/ward:e05012457,Teesville,,,,
ocd-division/country:gb/part:eng/ward:e05012458,West Dyke,,,,
ocd-division/country:gb/part:eng/ward:e05012459,Wheatlands,,,,
ocd-division/country:gb/part:eng/ward:e05012460,Zetland,,,,
ocd-division/country:gb/part:eng/ward:e05012461,Bathavon North,,,,
ocd-division/country:gb/part:eng/ward:e05012462,Bathavon South,,,,
ocd-division/country:gb/part:eng/ward:e05012463,Bathwick,,,,
ocd-division/country:gb/part:eng/ward:e05012464,Chew Valley,,,,
ocd-division/country:gb/part:eng/ward:e05012465,Clutton & Farmborough,,,,
ocd-division/country:gb/part:eng/ward:e05012466,Combe Down,,,,
ocd-division/country:gb/part:eng/ward:e05012467,High Littleton,,,,
ocd-division/country:gb/part:eng/ward:e05012468,Keynsham East,,,,
ocd-division/country:gb/part:eng/ward:e05012469,Keynsham North,,,,
ocd-division/country:gb/part:eng/ward:e05012470,Keynsham South,,,,
ocd-division/country:gb/part:eng/ward:e05012471,Kingsmead,,,,
ocd-division/country:gb/part:eng/ward:e05012472,Lambridge,,,,
ocd-division/country:gb/part:eng/ward:e05012473,Lansdown,,,,
ocd-division/country:gb/part:eng/ward:e05012474,Mendip,,,,
ocd-division/country:gb/part:eng/ward:e05012475,Midsomer Norton North,,,,
ocd-division/country:gb/part:eng/ward:e05012476,Midsomer Norton Redfield,,,,
ocd-division/country:gb/part:eng/ward:e05012477,Moorlands,,,,
ocd-division/country:gb/part:eng/ward:e05012478,Newbridge,,,,
ocd-division/country:gb/part:eng/ward:e05012479,Odd Down,,,,
ocd-division/country:gb/part:eng/ward:e05012480,Oldfield Park,,,,
ocd-division/country:gb/part:eng/ward:e05012481,Paulton,,,,
ocd-division/country:gb/part:eng/ward:e05012482,Peasedown,,,,
ocd-division/country:gb/part:eng/ward:e05012483,Publow & Whitchurch,,,,
ocd-division/country:gb/part:eng/ward:e05012484,Radstock,,,,
ocd-division/country:gb/part:eng/ward:e05012485,Saltford,,,,
ocd-division/country:gb/part:eng/ward:e05012486,Southdown,,,,
ocd-division/country:gb/part:eng/ward:e05012487,Timsbury,,,,
ocd-division/country:gb/part:eng/ward:e05012488,Twerton,,,,
ocd-division/country:gb/part:eng/ward:e05012489,Walcot,,,,
ocd-division/country:gb/part:eng/ward:e05012490,Westfield,,,,
ocd-division/country:gb/part:eng/ward:e05012491,Westmoreland,,,,
ocd-division/country:gb/part:eng/ward:e05012492,Weston,,,,
ocd-division/country:gb/part:eng/ward:e05012493,Widcombe & Lyncombe,,,,
ocd-division/country:gb/part:eng/ward:e05012494,Ascot & Sunninghill,,,,
ocd-division/country:gb/part:eng/ward:e05012495,Belmont,,,,
ocd-division/country:gb/part:eng/ward:e05012496,Bisham & Cookham,,,,
ocd-division/country:gb/part:eng/ward:e05012497,Boyn Hill,,,,
ocd-division/country:gb/part:eng/ward:e05012498,Bray,,,,
ocd-division/country:gb/part:eng/ward:e05012499,Clewer & Dedworth East,,,,
ocd-division/country:gb/part:eng/ward:e05012500,Clewer & Dedworth West,,,,
ocd-division/country:gb/part:eng/ward:e05012501,Clewer East,,,,
ocd-division/country:gb/part:eng/ward:e05012502,Cox Green,,,,
ocd-division/country:gb/part:eng/ward:e05012503,"Datchet, Horton & Wraysbury",,,,
ocd-division/country:gb/part:eng/ward:e05012504,Eton & Castle,,,,
ocd-division/country:gb/part:eng/ward:e05012505,Furze Platt,,,,
ocd-division/country:gb/part:eng/ward:e05012506,Hurley & Walthams,,,,
ocd-division/country:gb/part:eng/ward:e05012507,Old Windsor,,,,
ocd-division/country:gb/part:eng/ward:e05012508,Oldfield,,,,
ocd-division/country:gb/part:eng/ward:e05012509,Pinkneys Green,,,,
ocd-division/country:gb/part:eng/ward:e05012510,Riverside,,,,
ocd-division/country:gb/part:eng/ward:e05012511,St Mary's,,,,
ocd-division/country:gb/part:eng/ward:e05012512,Sunningdale & Cheapside,,,,
ocd-division/country:gb/part:eng/ward:e05012565,Assington,,,,
ocd-division/country:gb/part:eng/ward:e05012566,Box Vale,,,,
ocd-division/country:gb/part:eng/ward:e05012567,Brantham,,,,
ocd-division/country:gb/part:eng/ward:e05012568,Brett Vale,,,,
ocd-division/country:gb/part:eng/ward:e05012569,Bures St Mary & Nayland,,,,
ocd-division/country:gb/part:eng/ward:e05012570,Capel St Mary,,,,
ocd-division/country:gb/part:eng/ward:e05012571,Chadacre,,,,
ocd-division/country:gb/part:eng/ward:e05012572,Copdock & Washbrook,,,,
ocd-division/country:gb/part:eng/ward:e05012573,East Bergholt,,,,
ocd-division/country:gb/part:eng/ward:e05012574,Ganges,,,,
ocd-division/country:gb/part:eng/ward:e05012575,Great Cornard,,,,
ocd-division/country:gb/part:eng/ward:e05012576,Hadleigh North,,,,
ocd-division/country:gb/part:eng/ward:e05012577,Hadleigh South,,,,
ocd-division/country:gb/part:eng/ward:e05012578,Lavenham,,,,
ocd-division/country:gb/part:eng/ward:e05012579,Long Melford,,,,
ocd-division/country:gb/part:eng/ward:e05012580,North West Cosford,,,,
ocd-division/country:gb/part:eng/ward:e05012581,Orwell,,,,
ocd-division/country:gb/part:eng/ward:e05012582,South East Cosford,,,,
ocd-division/country:gb/part:eng/ward:e05012583,Sproughton & Pinewood,,,,
ocd-division/country:gb/part:eng/ward:e05012584,Stour,,,,
ocd-division/country:gb/part:eng/ward:e05012585,Sudbury North East,,,,
ocd-division/country:gb/part:eng/ward:e05012586,Sudbury North West,,,,
ocd-division/country:gb/part:eng/ward:e05012587,Sudbury South East,,,,
ocd-division/country:gb/part:eng/ward:e05012588,Sudbury South West,,,,
ocd-division/country:gb/part:eng/ward:e05012589,Bacton,,,,
ocd-division/country:gb/part:eng/ward:e05012590,Battisford & Ringshall,,,,
ocd-division/country:gb/part:eng/ward:e05012591,Blakenham,,,,
ocd-division/country:gb/part:eng/ward:e05012592,Bramford,,,,
ocd-division/country:gb/part:eng/ward:e05012593,Chilton,,,,
ocd-division/country:gb/part:eng/ward:e05012594,Claydon & Barham,,,,
ocd-division/country:gb/part:eng/ward:e05012595,Combs Ford,,,,
ocd-division/country:gb/part:eng/ward:e05012596,Debenham,,,,
ocd-division/country:gb/part:eng/ward:e05012597,Elmswell & Woolpit,,,,
ocd-division/country:gb/part:eng/ward:e05012598,Eye,,,,
ocd-division/country:gb/part:eng/ward:e05012599,Fressingfield,,,,
ocd-division/country:gb/part:eng/ward:e05012600,Gislingham,,,,
ocd-division/country:gb/part:eng/ward:e05012601,"Haughley, Stowupland & Wetherden",,,,
ocd-division/country:gb/part:eng/ward:e05012602,Hoxne & Worlingworth,,,,
ocd-division/country:gb/part:eng/ward:e05012603,Mendlesham,,,,
ocd-division/country:gb/part:eng/ward:e05012604,Needham Market,,,,
ocd-division/country:gb/part:eng/ward:e05012605,Onehouse,,,,
ocd-division/country:gb/part:eng/ward:e05012606,Palgrave,,,,
ocd-division/country:gb/part:eng/ward:e05012607,Rattlesden,,,,
ocd-division/country:gb/part:eng/ward:e05012608,Rickinghall,,,,
ocd-division/country:gb/part:eng/ward:e05012609,St Peter's,,,,
ocd-division/country:gb/part:eng/ward:e05012610,Stonham,,,,
ocd-division/country:gb/part:eng/ward:e05012611,Stow Thorney,,,,
ocd-division/country:gb/part:eng/ward:e05012612,Stradbroke & Laxfield,,,,
ocd-division/country:gb/part:eng/ward:e05012613,Thurston,,,,
ocd-division/country:gb/part:eng/ward:e05012614,Walsham-le-Willows,,,,
ocd-division/country:gb/part:eng/ward:e05012615,Bishop's Tachbrook,,,,
ocd-division/country:gb/part:eng/ward:e05012616,Budbrooke,,,,
ocd-division/country:gb/part:eng/ward:e05012617,Cubbington & Leek Wootton,,,,
ocd-division/country:gb/part:eng/ward:e05012618,Kenilworth Abbey & Arden,,,,
ocd-division/country:gb/part:eng/ward:e05012619,Kenilworth Park Hill,,,,
ocd-division/country:gb/part:eng/ward:e05012620,Kenilworth St John's,,,,
ocd-division/country:gb/part:eng/ward:e05012621,Leamington Brunswick,,,,
ocd-division/country:gb/part:eng/ward:e05012622,Leamington Clarendon,,,,
ocd-division/country:gb/part:eng/ward:e05012623,Leamington Lillington,,,,
ocd-division/country:gb/part:eng/ward:e05012624,Leamington Milverton,,,,
ocd-division/country:gb/part:eng/ward:e05012625,Leamington Willes,,,,
ocd-division/country:gb/part:eng/ward:e05012626,Radford Semele,,,,
ocd-division/country:gb/part:eng/ward:e05012627,Warwick All Saints & Woodloes,,,,
ocd-division/country:gb/part:eng/ward:e05012628,Warwick Aylesford,,,,
ocd-division/country:gb/part:eng/ward:e05012629,Warwick Myton & Heathcote,,,,
ocd-division/country:gb/part:eng/ward:e05012630,Warwick Saltisford,,,,
ocd-division/country:gb/part:eng/ward:e05012631,Whitnash,,,,
ocd-division/country:gb/part:eng/ward:e05012632,Barleythorpe,,,,
ocd-division/country:gb/part:eng/ward:e05012633,Braunston & Martinsthorpe,,,,
ocd-division/country:gb/part:eng/ward:e05012634,Cottesmore,,,,
ocd-division/country:gb/part:eng/ward:e05012635,Exton,,,,
ocd-division/country:gb/part:eng/ward:e05012636,Greetham,,,,
ocd-division/country:gb/part:eng/ward:e05012637,Ketton,,,,
ocd-division/country:gb/part:eng/ward:e05012638,Langham,,,,
ocd-division/country:gb/part:eng/ward:e05012639,Lyddington,,,,
ocd-division/country:gb/part:eng/ward:e05012640,Normanton,,,,
ocd-division/country:gb/part:eng/ward:e05012641,Oakham North East,,,,
ocd-division/country:gb/part:eng/ward:e05012642,Oakham North West,,,,
ocd-division/country:gb/part:eng/ward:e05012643,Oakham South,,,,
ocd-division/country:gb/part:eng/ward:e05012644,Ryhall & Casterton,,,,
ocd-division/country:gb/part:eng/ward:e05012645,Uppingham,,,,
ocd-division/country:gb/part:eng/ward:e05012646,Whissendine,,,,
ocd-division/country:gb/part:eng/ward:e05012647,Beeston & Holbeck,,,,
ocd-division/country:gb/part:eng/ward:e05012648,Farnley & Wortley,,,,
ocd-division/country:gb/part:eng/ward:e05012649,Alderney & Bourne Valley,,,,
ocd-division/country:gb/part:eng/ward:e05012650,Bearwood & Merley,,,,
ocd-division/country:gb/part:eng/ward:e05012651,Boscombe East & Pokesdown,,,,
ocd-division/country:gb/part:eng/ward:e05012652,Boscombe West,,,,
ocd-division/country:gb/part:eng/ward:e05012653,Bournemouth Central,,,,
ocd-division/country:gb/part:eng/ward:e05012654,Broadstone,,,,
ocd-division/country:gb/part:eng/ward:e05012655,Burton & Grange,,,,
ocd-division/country:gb/part:eng/ward:e05012656,Canford Cliffs,,,,
ocd-division/country:gb/part:eng/ward:e05012657,Canford Heath,,,,
ocd-division/country:gb/part:eng/ward:e05012658,Christchurch Town,,,,
ocd-division/country:gb/part:eng/ward:e05012659,Commons,,,,
ocd-division/country:gb/part:eng/ward:e05012660,Creekmoor,,,,
ocd-division/country:gb/part:eng/ward:e05012661,East Cliff & Springbourne,,,,
ocd-division/country:gb/part:eng/ward:e05012662,East Southbourne & Tuckton,,,,
ocd-division/country:gb/part:eng/ward:e05012663,Hamworthy,,,,
ocd-division/country:gb/part:eng/ward:e05012664,Highcliffe & Walkford,,,,
ocd-division/country:gb/part:eng/ward:e05012665,Kinson,,,,
ocd-division/country:gb/part:eng/ward:e05012666,Littledown & Iford,,,,
ocd-division/country:gb/part:eng/ward:e05012667,Moordown,,,,
ocd-division/country:gb/part:eng/ward:e05012668,"Mudeford, Stanpit & West Highcliffe",,,,
ocd-division/country:gb/part:eng/ward:e05012669,Muscliff & Strouden Park,,,,
ocd-division/country:gb/part:eng/ward:e05012670,Newtown & Heatherlands,,,,
ocd-division/country:gb/part:eng/ward:e05012671,Oakdale,,,,
ocd-division/country:gb/part:eng/ward:e05012672,Parkstone,,,,
ocd-division/country:gb/part:eng/ward:e05012673,Penn Hill,,,,
ocd-division/country:gb/part:eng/ward:e05012674,Poole Town,,,,
ocd-division/country:gb/part:eng/ward:e05012675,Queen's Park,,,,
ocd-division/country:gb/part:eng/ward:e05012676,Redhill & Northbourne,,,,
ocd-division/country:gb/part:eng/ward:e05012677,Talbot & Branksome Woods,,,,
ocd-division/country:gb/part:eng/ward:e05012678,Wallisdown & Winton West,,,,
ocd-division/country:gb/part:eng/ward:e05012679,West Southbourne,,,,
ocd-division/country:gb/part:eng/ward:e05012680,Westbourne & West Cliff,,,,
ocd-division/country:gb/part:eng/ward:e05012681,Winton East,,,,
ocd-division/country:gb/part:eng/ward:e05012682,Beacon,,,,
ocd-division/country:gb/part:eng/ward:e05012683,Beaminster,,,,
ocd-division/country:gb/part:eng/ward:e05012684,Blackmore Vale,,,,
ocd-division/country:gb/part:eng/ward:e05012685,Blandford,,,,
ocd-division/country:gb/part:eng/ward:e05012687,Chalk Valleys,,,,
ocd-division/country:gb/part:eng/ward:e05012688,Charminster St Mary's,,,,
ocd-division/country:gb/part:eng/ward:e05012690,Chickerell,,,,
ocd-division/country:gb/part:eng/ward:e05012691,Colehill & Wimborne Minster East,,,,
ocd-division/country:gb/part:eng/ward:e05012692,Corfe Mullen,,,,
ocd-division/country:gb/part:eng/ward:e05012693,Cranborne & Alderholt,,,,
ocd-division/country:gb/part:eng/ward:e05012694,Cranborne Chase,,,,
ocd-division/country:gb/part:eng/ward:e05012695,Crossways,,,,
ocd-division/country:gb/part:eng/ward:e05012696,Dorchester East,,,,
ocd-division/country:gb/part:eng/ward:e05012697,Dorchester Poundbury,,,,
ocd-division/country:gb/part:eng/ward:e05012698,Dorchester West,,,,
ocd-division/country:gb/part:eng/ward:e05012700,Ferndown North,,,,
ocd-division/country:gb/part:eng/ward:e05012701,Ferndown South,,,,
ocd-division/country:gb/part:eng/ward:e05012702,Gillingham,,,,
ocd-division/country:gb/part:eng/ward:e05012703,Hill Forts & Upper Tarrants,,,,
ocd-division/country:gb/part:eng/ward:e05012704,Littlemoor & Preston,,,,
ocd-division/country:gb/part:eng/ward:e05012705,Lyme & Charmouth,,,,
ocd-division/country:gb/part:eng/ward:e05012706,Lytchett Matravers & Upton,,,,
ocd-division/country:gb/part:eng/ward:e05012708,Melcombe Regis,,,,
ocd-division/country:gb/part:eng/ward:e05012709,Portland,,,,
ocd-division/country:gb/part:eng/ward:e05012710,Puddletown & Lower Winterborne,,,,
ocd-division/country:gb/part:eng/ward:e05012711,Radipole,,,,
ocd-division/country:gb/part:eng/ward:e05012712,Rodwell & Wyke,,,,
ocd-division/country:gb/part:eng/ward:e05012713,St Leonards & St Ives,,,,
ocd-division/country:gb/part:eng/ward:e05012714,Shaftesbury Town,,,,
ocd-division/country:gb/part:eng/ward:e05012715,Sherborne East,,,,
ocd-division/country:gb/part:eng/ward:e05012716,Sherborne Rural,,,,
ocd-division/country:gb/part:eng/ward:e05012717,Sherborne West,,,,
ocd-division/country:gb/part:eng/ward:e05012718,South East Purbeck,,,,
ocd-division/country:gb/part:eng/ward:e05012719,Stalbridge & Marnhull,,,,
ocd-division/country:gb/part:eng/ward:e05012720,Stour & Allen Vale,,,,
ocd-division/country:gb/part:eng/ward:e05012721,Sturminster Newton,,,,
ocd-division/country:gb/part:eng/ward:e05012722,Swanage,,,,
ocd-division/country:gb/part:eng/ward:e05012723,Upwey & Broadwey,,,,
ocd-division/country:gb/part:eng/ward:e05012724,Verwood,,,,
ocd-division/country:gb/part:eng/ward:e05012725,Wareham,,,,
ocd-division/country:gb/part:eng/ward:e05012726,West Moors & Three Legged Cross,,,,
ocd-division/country:gb/part:eng/ward:e05012727,West Parley,,,,
ocd-division/country:gb/part:eng/ward:e05012728,West Purbeck,,,,
ocd-division/country:gb/part:eng/ward:e05012729,Westham,,,,
ocd-division/country:gb/part:eng/ward:e05012730,Wimborne Minster,,,,
ocd-division/country:gb/part:eng/ward:e05012731,Winterborne & Broadmayne,,,,
ocd-division/country:gb/part:eng/ward:e05012732,Winterborne North,,,,
ocd-division/country:gb/part:eng/ward:e05012733,Yetminster,,,,
ocd-division/country:gb/part:eng/ward:e05012735,Beccles & Worlingham,,,,
ocd-division/country:gb/part:eng/ward:e05012736,Bungay & Wainford,,,,
ocd-division/country:gb/part:eng/ward:e05012737,Carlford & Fynn Valley,,,,
ocd-division/country:gb/part:eng/ward:e05012738,Carlton & Whitton,,,,
ocd-division/country:gb/part:eng/ward:e05012739,Carlton Colville,,,,
ocd-division/country:gb/part:eng/ward:e05012740,Deben,,,,
ocd-division/country:gb/part:eng/ward:e05012741,Eastern Felixstowe,,,,
ocd-division/country:gb/part:eng/ward:e05012742,Framlingham,,,,
ocd-division/country:gb/part:eng/ward:e05012743,Gunton & St Margarets,,,,
ocd-division/country:gb/part:eng/ward:e05012744,Halesworth & Blything,,,,
ocd-division/country:gb/part:eng/ward:e05012745,Harbour & Normanston,,,,
ocd-division/country:gb/part:eng/ward:e05012746,Kelsale & Yoxford,,,,
ocd-division/country:gb/part:eng/ward:e05012747,Kesgrave,,,,
ocd-division/country:gb/part:eng/ward:e05012748,Kessingland,,,,
ocd-division/country:gb/part:eng/ward:e05012749,Kirkley & Pakefield,,,,
ocd-division/country:gb/part:eng/ward:e05012750,Lothingland,,,,
ocd-division/country:gb/part:eng/ward:e05012754,Oulton Broad,,,,
ocd-division/country:gb/part:eng/ward:e05012755,Rendlesham & Orford,,,,
ocd-division/country:gb/part:eng/ward:e05012756,Rushmere St Andrew,,,,
ocd-division/country:gb/part:eng/ward:e05012758,Southwold,,,,
ocd-division/country:gb/part:eng/ward:e05012759,Western Felixstowe,,,,
ocd-division/country:gb/part:eng/ward:e05012760,Wickham Market,,,,
ocd-division/country:gb/part:eng/ward:e05012762,"Wrentham, Wangford & Westleton",,,,
ocd-division/country:gb/part:eng/ward:e05012763,Abbeygate,,,,
ocd-division/country:gb/part:eng/ward:e05012764,Bardwell,,,,
ocd-division/country:gb/part:eng/ward:e05012765,Barningham,,,,
ocd-division/country:gb/part:eng/ward:e05012766,Barrow,,,,
ocd-division/country:gb/part:eng/ward:e05012767,Brandon Central,,,,
ocd-division/country:gb/part:eng/ward:e05012768,Brandon East,,,,
ocd-division/country:gb/part:eng/ward:e05012769,Brandon West,,,,
ocd-division/country:gb/part:eng/ward:e05012770,Chedburgh & Chevington,,,,
ocd-division/country:gb/part:eng/ward:e05012771,"Clare, Hundon & Kedington",,,,
ocd-division/country:gb/part:eng/ward:e05012772,Eastgate,,,,
ocd-division/country:gb/part:eng/ward:e05012773,Exning,,,,
ocd-division/country:gb/part:eng/ward:e05012774,Haverhill Central,,,,
ocd-division/country:gb/part:eng/ward:e05012775,Haverhill East,,,,
ocd-division/country:gb/part:eng/ward:e05012776,Haverhill North,,,,
ocd-division/country:gb/part:eng/ward:e05012777,Haverhill South,,,,
ocd-division/country:gb/part:eng/ward:e05012778,Haverhill South East,,,,
ocd-division/country:gb/part:eng/ward:e05012779,Haverhill West,,,,
ocd-division/country:gb/part:eng/ward:e05012780,Horringer,,,,
ocd-division/country:gb/part:eng/ward:e05012782,Ixworth,,,,
ocd-division/country:gb/part:eng/ward:e05012783,Kentford & Moulton,,,,
ocd-division/country:gb/part:eng/ward:e05012784,Lakenheath,,,,
ocd-division/country:gb/part:eng/ward:e05012786,Mildenhall Great Heath,,,,
ocd-division/country:gb/part:eng/ward:e05012787,Mildenhall Kingsway & Market,,,,
ocd-division/country:gb/part:eng/ward:e05012788,Mildenhall Queensway,,,,
ocd-division/country:gb/part:eng/ward:e05012789,Minden,,,,
ocd-division/country:gb/part:eng/ward:e05012791,Newmarket East,,,,
ocd-division/country:gb/part:eng/ward:e05012792,Newmarket North,,,,
ocd-division/country:gb/part:eng/ward:e05012793,Newmarket West,,,,
ocd-division/country:gb/part:eng/ward:e05012794,Pakenham & Troston,,,,
ocd-division/country:gb/part:eng/ward:e05012795,Risby,,,,
ocd-division/country:gb/part:eng/ward:e05012797,St Olaves,,,,
ocd-division/country:gb/part:eng/ward:e05012798,Southgate,,,,
ocd-division/country:gb/part:eng/ward:e05012799,Stanton,,,,
ocd-division/country:gb/part:eng/ward:e05012800,The Fornhams & Great Barton,,,,
ocd-division/country:gb/part:eng/ward:e05012801,The Rows,,,,
ocd-division/country:gb/part:eng/ward:e05012802,Tollgate,,,,
ocd-division/country:gb/part:eng/ward:e05012803,Westgate,,,,
ocd-division/country:gb/part:eng/ward:e05012804,Whepstead & Wickhambrook,,,,
ocd-division/country:gb/part:eng/ward:e05012805,Withersfield,,,,
ocd-division/country:gb/part:eng/ward:e05012841,Adel & Wharfedale,,,,
ocd-division/country:gb/part:eng/ward:e05012842,Alwoodley,,,,
ocd-division/country:gb/part:eng/ward:e05012851,Ditchingham & Earsham,,,,
ocd-division/country:gb/part:eng/ward:e05012852,Harleston,,,,
ocd-division/country:gb/part:eng/ward:e05012854,Sonning Common,,,,
ocd-division/country:gb/part:eng/ward:e05012855,Alkham & Capel-le-Ferne,,,,
ocd-division/country:gb/part:eng/ward:e05012856,"Aylesham, Eythorne & Shepherdswell",,,,
ocd-division/country:gb/part:eng/ward:e05012857,Buckland,,,,
ocd-division/country:gb/part:eng/ward:e05012858,Dover Downs & River,,,,
ocd-division/country:gb/part:eng/ward:e05012859,Eastry Rural,,,,
ocd-division/country:gb/part:eng/ward:e05012860,"Guston, Kingsdown & St Margaret's-at-Cliffe",,,,
ocd-division/country:gb/part:eng/ward:e05012861,Little Stour & Ashstone,,,,
ocd-division/country:gb/part:eng/ward:e05012862,Maxton & Elms Vale,,,,
ocd-division/country:gb/part:eng/ward:e05012863,Middle Deal,,,,
ocd-division/country:gb/part:eng/ward:e05012864,Mill Hill,,,,
ocd-division/country:gb/part:eng/ward:e05012865,North Deal,,,,
ocd-division/country:gb/part:eng/ward:e05012866,St Radigunds,,,,
ocd-division/country:gb/part:eng/ward:e05012867,Sandwich,,,,
ocd-division/country:gb/part:eng/ward:e05012868,Tower Hamlets,,,,
ocd-division/country:gb/part:eng/ward:e05012869,Town & Castle,,,,
ocd-division/country:gb/part:eng/ward:e05012870,Walmer,,,,
ocd-division/country:gb/part:eng/ward:e05012871,Whitfield,,,,
ocd-division/country:gb/part:eng/ward:e05012872,Banstead Village,,,,
ocd-division/country:gb/part:eng/ward:e05012873,"Chipstead, Kingswood & Woodmansterne",,,,
ocd-division/country:gb/part:eng/ward:e05012874,Earlswood & Whitebushes,,,,
ocd-division/country:gb/part:eng/ward:e05012875,"Hooley, Merstham & Netherne",,,,
ocd-division/country:gb/part:eng/ward:e05012876,Horley Central & South,,,,
ocd-division/country:gb/part:eng/ward:e05012877,Horley East & Salfords,,,,
ocd-division/country:gb/part:eng/ward:e05012878,Horley West & Sidlow,,,,
ocd-division/country:gb/part:eng/ward:e05012879,"Lower Kingswood, Tadworth & Walton",,,,
ocd-division/country:gb/part:eng/ward:e05012880,Meadvale & St John's,,,,
ocd-division/country:gb/part:eng/ward:e05012881,Nork,,,,
ocd-division/country:gb/part:eng/ward:e05012882,Redhill East,,,,
ocd-division/country:gb/part:eng/ward:e05012883,Redhill West & Wray Common,,,,
ocd-division/country:gb/part:eng/ward:e05012884,Reigate,,,,
ocd-division/country:gb/part:eng/ward:e05012885,South Park & Woodhatch,,,,
ocd-division/country:gb/part:eng/ward:e05012886,Tattenham Corner & Preston,,,,
ocd-division/country:gb/part:eng/ward:e05012887,Addlestone North,,,,
ocd-division/country:gb/part:eng/ward:e05012888,Addlestone South,,,,
ocd-division/country:gb/part:eng/ward:e05012889,Chertsey Riverside,,,,
ocd-division/country:gb/part:eng/ward:e05012890,Chertsey St Ann's,,,,
ocd-division/country:gb/part:eng/ward:e05012891,Egham Hythe,,,,
ocd-division/country:gb/part:eng/ward:e05012892,Egham Town,,,,
ocd-division/country:gb/part:eng/ward:e05012893,Englefield Green East,,,,
ocd-division/country:gb/part:eng/ward:e05012894,Englefield Green West,,,,
ocd-division/country:gb/part:eng/ward:e05012895,"Longcross, Lyne & Chertsey South",,,,
ocd-division/country:gb/part:eng/ward:e05012896,New Haw,,,,
ocd-division/country:gb/part:eng/ward:e05012897,Ottershaw,,,,
ocd-division/country:gb/part:eng/ward:e05012898,Thorpe,,,,
ocd-division/country:gb/part:eng/ward:e05012899,Virginia Water,,,,
ocd-division/country:gb/part:eng/ward:e05012900,Woodham & Rowtown,,,,
ocd-division/country:gb/part:eng/ward:e05012901,Bowthorpe,,,,
ocd-division/country:gb/part:eng/ward:e05012902,Catton Grove,,,,
ocd-division/country:gb/part:eng/ward:e05012903,Crome,,,,
ocd-division/country:gb/part:eng/ward:e05012904,Eaton,,,,
ocd-division/country:gb/part:eng/ward:e05012905,Lakenham,,,,
ocd-division/country:gb/part:eng/ward:e05012906,Mancroft,,,,
ocd-division/country:gb/part:eng/ward:e05012907,Mile Cross,,,,
ocd-division/country:gb/part:eng/ward:e05012908,Nelson,,,,
ocd-division/country:gb/part:eng/ward:e05012909,Sewell,,,,
ocd-division/country:gb/part:eng/ward:e05012910,Thorpe Hamlet,,,,
ocd-division/country:gb/part:eng/ward:e05012911,Town Close,,,,
ocd-division/country:gb/part:eng/ward:e05012912,University,,,,
ocd-division/country:gb/part:eng/ward:e05012913,Wensum,,,,
ocd-division/country:gb/part:eng/ward:e05012914,Bewbush & North Broadfield,,,,
ocd-division/country:gb/part:eng/ward:e05012915,Broadfield,,,,
ocd-division/country:gb/part:eng/ward:e05012916,Furnace Green,,,,
ocd-division/country:gb/part:eng/ward:e05012917,Gossops Green & North East Broadfield,,,,
ocd-division/country:gb/part:eng/ward:e05012918,Ifield,,,,
ocd-division/country:gb/part:eng/ward:e05012919,Langley Green & Tushmore,,,,
ocd-division/country:gb/part:eng/ward:e05012920,Maidenbower,,,,
ocd-division/country:gb/part:eng/ward:e05012921,Northgate & West Green,,,,
ocd-division/country:gb/part:eng/ward:e05012922,Pound Hill North & Forge Wood,,,,
ocd-division/country:gb/part:eng/ward:e05012923,Pound Hill South & Worth,,,,
ocd-division/country:gb/part:eng/ward:e05012924,Southgate,,,,
ocd-division/country:gb/part:eng/ward:e05012925,Three Bridges,,,,
ocd-division/country:gb/part:eng/ward:e05012926,Tilgate,,,,
ocd-division/country:gb/part:eng/ward:e05012927,Ampfield & Braishfield,,,,
ocd-division/country:gb/part:eng/ward:e05012928,Andover Harroway,,,,
ocd-division/country:gb/part:eng/ward:e05012929,Andover Millway,,,,
ocd-division/country:gb/part:eng/ward:e05012930,Andover St Mary's,,,,
ocd-division/country:gb/part:eng/ward:e05012931,Andover Winton,,,,
ocd-division/country:gb/part:eng/ward:e05012932,Anna,,,,
ocd-division/country:gb/part:eng/ward:e05012933,Bellinger,,,,
ocd-division/country:gb/part:eng/ward:e05012934,Bourne Valley,,,,
ocd-division/country:gb/part:eng/ward:e05012935,Charlton & the Pentons,,,,
ocd-division/country:gb/part:eng/ward:e05012936,"Chilworth, Nursling & Rownhams",,,,
ocd-division/country:gb/part:eng/ward:e05012937,North Baddesley,,,,
ocd-division/country:gb/part:eng/ward:e05012938,Romsey Cupernham,,,,
ocd-division/country:gb/part:eng/ward:e05012939,Valley Park,,,,
ocd-division/country:gb/part:eng/ward:e05012953,Little Stour & Adisham,,,,
ocd-division/country:gb/part:eng/ward:e05012954,Nailbourne,,,,
ocd-division/country:gb/part:eng/ward:e05012955,Reculver,,,,
ocd-division/country:gb/part:eng/ward:e05012956,Sturry,,,,
ocd-division/country:gb/part:eng/ward:e05012957,Credenhill,,,,
ocd-division/country:gb/part:eng/ward:e05012958,Queenswood,,,,
ocd-division/country:gb/part:eng/ward:e05012959,Stoney Street,,,,
ocd-division/country:gb/part:eng/ward:e05012960,Sutton Walls,,,,
ocd-division/country:gb/part:eng/ward:e05012961,Gosfield & Greenstead Green,,,,
ocd-division/country:gb/part:eng/ward:e05012962,Halstead St Andrew's,,,,
ocd-division/country:gb/part:eng/ward:e05012963,Halstead Trinity,,,,
ocd-division/country:gb/part:eng/ward:e05012964,Hatfield Peverel & Terling,,,,
ocd-division/country:gb/part:eng/ward:e05012965,Silver End & Cressing,,,,
ocd-division/country:gb/part:eng/ward:e05012966,Witham Central,,,,
ocd-division/country:gb/part:eng/ward:e05012967,Witham North,,,,
ocd-division/country:gb/part:eng/ward:e05012968,Bicester South and Ambrosden,,,,
ocd-division/country:gb/part:eng/ward:e05012969,Fringford and Heyfords,,,,
ocd-division/country:gb/part:eng/ward:e05012970,Abingdon Dunmore,,,,
ocd-division/country:gb/part:eng/ward:e05012971,Abingdon Peachcroft,,,,
ocd-division/country:gb/part:eng/ward:e05012973,Faringdon,,,,
ocd-division/country:gb/part:eng/ward:e05012974,Grove North,,,,
ocd-division/country:gb/part:eng/ward:e05012975,Hendreds,,,,
ocd-division/country:gb/part:eng/ward:e05012977,Marcham,,,,
ocd-division/country:gb/part:eng/ward:e05012978,Wantage & Grove Brook,,,,
ocd-division/country:gb/part:eng/ward:e05012979,Wantage Charlton,,,,
ocd-division/country:gb/part:eng/ward:e05012980,Watchfield & Shrivenham,,,,
ocd-division/country:gb/part:eng/ward:e05012990,Barton,,,,
ocd-division/country:gb/part:eng/ward:e05012991,Chartham & Stone Street,,,,
ocd-division/country:gb/part:eng/ward:e05012992,Kingston Bagpuize,,,,
ocd-division/country:gb/part:eng/ward:e05012993,Anston & Woodsetts,,,,
ocd-division/country:gb/part:eng/ward:e05012994,Aston & Todwick,,,,
ocd-division/country:gb/part:eng/ward:e05012995,Aughton & Swallownest,,,,
ocd-division/country:gb/part:eng/ward:e05012996,Boston Castle,,,,
ocd-division/country:gb/part:eng/ward:e05012997,Bramley & Ravenfield,,,,
ocd-division/country:gb/part:eng/ward:e05012998,Brinsworth,,,,
ocd-division/country:gb/part:eng/ward:e05012999,Dalton & Thrybergh,,,,
ocd-division/country:gb/part:eng/ward:e05013000,Dinnington,,,,
ocd-division/country:gb/part:eng/ward:e05013001,Greasbrough,,,,
ocd-division/country:gb/part:eng/ward:e05013002,Hellaby & Maltby West,,,,
ocd-division/country:gb/part:eng/ward:e05013003,Hoober,,,,
ocd-division/country:gb/part:eng/ward:e05013004,Keppel,,,,
ocd-division/country:gb/part:eng/ward:e05013005,Kilnhurst & Swinton East,,,,
ocd-division/country:gb/part:eng/ward:e05013006,Maltby East,,,,
ocd-division/country:gb/part:eng/ward:e05013007,Rawmarsh East,,,,
ocd-division/country:gb/part:eng/ward:e05013008,Rawmarsh West,,,,
ocd-division/country:gb/part:eng/ward:e05013009,Rother Vale,,,,
ocd-division/country:gb/part:eng/ward:e05013010,Rotherham East,,,,
ocd-division/country:gb/part:eng/ward:e05013011,Rotherham West,,,,
ocd-division/country:gb/part:eng/ward:e05013012,Sitwell,,,,
ocd-division/country:gb/part:eng/ward:e05013013,Swinton Rockingham,,,,
ocd-division/country:gb/part:eng/ward:e05013014,Thurcroft & Wickersley South,,,,
ocd-division/country:gb/part:eng/ward:e05013015,Wales,,,,
ocd-division/country:gb/part:eng/ward:e05013016,Wath,,,,
ocd-division/country:gb/part:eng/ward:e05013017,Wickersley North,,,,
ocd-division/country:gb/part:eng/ward:e05013018,Barton & Winton,,,,
ocd-division/country:gb/part:eng/ward:e05013019,Blackfriars & Trinity,,,,
ocd-division/country:gb/part:eng/ward:e05013020,Boothstown & Ellenbrook,,,,
ocd-division/country:gb/part:eng/ward:e05013021,Broughton,,,,
ocd-division/country:gb/part:eng/ward:e05013022,Cadishead & Lower Irlam,,,,
ocd-division/country:gb/part:eng/ward:e05013023,Claremont,,,,
ocd-division/country:gb/part:eng/ward:e05013024,Eccles,,,,
ocd-division/country:gb/part:eng/ward:e05013025,Higher Irlam & Peel Green,,,,
ocd-division/country:gb/part:eng/ward:e05013026,Kersal & Broughton Park,,,,
ocd-division/country:gb/part:eng/ward:e05013027,Little Hulton,,,,
ocd-division/country:gb/part:eng/ward:e05013028,Ordsall,,,,
ocd-division/country:gb/part:eng/ward:e05013029,Pendlebury & Clifton,,,,
ocd-division/country:gb/part:eng/ward:e05013030,Pendleton & Charlestown,,,,
ocd-division/country:gb/part:eng/ward:e05013031,Quays,,,,
ocd-division/country:gb/part:eng/ward:e05013032,Swinton & Wardley,,,,
ocd-division/country:gb/part:eng/ward:e05013033,Swinton Park,,,,
ocd-division/country:gb/part:eng/ward:e05013034,Walkden North,,,,
ocd-division/country:gb/part:eng/ward:e05013035,Walkden South,,,,
ocd-division/country:gb/part:eng/ward:e05013036,Weaste & Seedley,,,,
ocd-division/country:gb/part:eng/ward:e05013037,Worsley & Westwood Park,,,,
ocd-division/country:gb/part:eng/ward:e05013038,Burn Valley,,,,
ocd-division/country:gb/part:eng/ward:e05013039,De Bruce,,,,
ocd-division/country:gb/part:eng/ward:e05013040,Fens & Greatham,,,,
ocd-division/country:gb/part:eng/ward:e05013041,Foggy Furze,,,,
ocd-division/country:gb/part:eng/ward:e05013042,Hart,,,,
ocd-division/country:gb/part:eng/ward:e05013043,Headland & Harbour,,,,
ocd-division/country:gb/part:eng/ward:e05013044,Manor House,,,,
ocd-division/country:gb/part:eng/ward:e05013045,Rossmere,,,,
ocd-division/country:gb/part:eng/ward:e05013046,Rural West,,,,
ocd-division/country:gb/part:eng/ward:e05013047,Seaton,,,,
ocd-division/country:gb/part:eng/ward:e05013048,Throston,,,,
ocd-division/country:gb/part:eng/ward:e05013049,Victoria,,,,
ocd-division/country:gb/part:eng/ward:e05013050,Abbey,,,,
ocd-division/country:gb/part:eng/ward:e05013051,Arbury,,,,
ocd-division/country:gb/part:eng/ward:e05013052,Castle,,,,
ocd-division/country:gb/part:eng/ward:e05013053,Cherry Hinton,,,,
ocd-division/country:gb/part:eng/ward:e05013054,Coleridge,,,,
ocd-division/country:gb/part:eng/ward:e05013055,East Chesterton,,,,
ocd-division/country:gb/part:eng/ward:e05013056,King's Hedges,,,,
ocd-division/country:gb/part:eng/ward:e05013057,Market,,,,
ocd-division/country:gb/part:eng/ward:e05013058,Newnham,,,,
ocd-division/country:gb/part:eng/ward:e05013059,Petersfield,,,,
ocd-division/country:gb/part:eng/ward:e05013060,Queen Edith's,,,,
ocd-division/country:gb/part:eng/ward:e05013061,Romsey,,,,
ocd-division/country:gb/part:eng/ward:e05013062,Trumpington,,,,
ocd-division/country:gb/part:eng/ward:e05013063,West Chesterton,,,,
ocd-division/country:gb/part:eng/ward:e05013064,Adlington & Anderton,,,,
ocd-division/country:gb/part:eng/ward:e05013065,Buckshaw & Whittle,,,,
ocd-division/country:gb/part:eng/ward:e05013066,Chorley East,,,,
ocd-division/country:gb/part:eng/ward:e05013067,Chorley North East,,,,
ocd-division/country:gb/part:eng/ward:e05013068,Chorley North West,,,,
ocd-division/country:gb/part:eng/ward:e05013069,Chorley North & Astley,,,,
ocd-division/country:gb/part:eng/ward:e05013070,Chorley South East & Heath Charnock,,,,
ocd-division/country:gb/part:eng/ward:e05013071,Chorley South West,,,,
ocd-division/country:gb/part:eng/ward:e05013072,"Clayton East, Brindle & Hoghton",,,,
ocd-division/country:gb/part:eng/ward:e05013073,Clayton West & Cuerden,,,,
ocd-division/country:gb/part:eng/ward:e05013074,Coppull,,,,
ocd-division/country:gb/part:eng/ward:e05013075,"Croston, Mawdesley & Euxton South",,,,
ocd-division/country:gb/part:eng/ward:e05013076,"Eccleston, Heskin & Charnock Richard",,,,
ocd-division/country:gb/part:eng/ward:e05013077,Euxton,,,,
ocd-division/country:gb/part:eng/ward:e05013078,Basing & Upton Grey,,,,
ocd-division/country:gb/part:eng/ward:e05013079,Bramley,,,,
ocd-division/country:gb/part:eng/ward:e05013080,Brighton Hill,,,,
ocd-division/country:gb/part:eng/ward:e05013081,Brookvale & Kings Furlong,,,,
ocd-division/country:gb/part:eng/ward:e05013082,Chineham,,,,
ocd-division/country:gb/part:eng/ward:e05013083,Eastrop & Grove,,,,
ocd-division/country:gb/part:eng/ward:e05013084,Evingar,,,,
ocd-division/country:gb/part:eng/ward:e05013085,Hatch Warren & Beggarwood,,,,
ocd-division/country:gb/part:eng/ward:e05013086,Kempshott & Buckskin,,,,
ocd-division/country:gb/part:eng/ward:e05013087,Norden,,,,
ocd-division/country:gb/part:eng/ward:e05013088,Oakley & The Candovers,,,,
ocd-division/country:gb/part:eng/ward:e05013089,Popley,,,,
ocd-division/country:gb/part:eng/ward:e05013090,Sherborne St John & Rooksdown,,,,
ocd-division/country:gb/part:eng/ward:e05013091,South Ham,,,,
ocd-division/country:gb/part:eng/ward:e05013092,Tadley & Pamber,,,,
ocd-division/country:gb/part:eng/ward:e05013093,"Tadley North, Kingsclere & Baughurst",,,,
ocd-division/country:gb/part:eng/ward:e05013094,"Whitchurch, Overton & Laverstoke",,,,
ocd-division/country:gb/part:eng/ward:e05013095,Winklebury & Manydown,,,,
ocd-division/country:gb/part:eng/ward:e05013096,Barton & Sandhills,,,,
ocd-division/country:gb/part:eng/ward:e05013097,Blackbird Leys,,,,
ocd-division/country:gb/part:eng/ward:e05013098,Carfax & Jericho,,,,
ocd-division/country:gb/part:eng/ward:e05013099,Churchill,,,,
ocd-division/country:gb/part:eng/ward:e05013100,Cowley,,,,
ocd-division/country:gb/part:eng/ward:e05013101,Cutteslowe & Sunnymead,,,,
ocd-division/country:gb/part:eng/ward:e05013102,Donnington,,,,
ocd-division/country:gb/part:eng/ward:e05013103,Headington,,,,
ocd-division/country:gb/part:eng/ward:e05013104,Headington Hill & Northway,,,,
ocd-division/country:gb/part:eng/ward:e05013105,Hinksey Park,,,,
ocd-division/country:gb/part:eng/ward:e05013106,Holywell,,,,
ocd-division/country:gb/part:eng/ward:e05013107,Littlemore,,,,
ocd-division/country:gb/part:eng/ward:e05013108,Lye Valley,,,,
ocd-division/country:gb/part:eng/ward:e05013109,Marston,,,,
ocd-division/country:gb/part:eng/ward:e05013110,Northfield Brook,,,,
ocd-division/country:gb/part:eng/ward:e05013111,Osney & St Thomas,,,,
ocd-division/country:gb/part:eng/ward:e05013112,Quarry & Risinghurst,,,,
ocd-division/country:gb/part:eng/ward:e05013113,Rose Hill & Iffley,,,,
ocd-division/country:gb/part:eng/ward:e05013114,St Clement's,,,,
ocd-division/country:gb/part:eng/ward:e05013115,St Mary's,,,,
ocd-division/country:gb/part:eng/ward:e05013116,Summertown,,,,
ocd-division/country:gb/part:eng/ward:e05013117,Temple Cowley,,,,
ocd-division/country:gb/part:eng/ward:e05013118,Walton Manor,,,,
ocd-division/country:gb/part:eng/ward:e05013119,Wolvercote,,,,
ocd-division/country:gb/part:eng/ward:e05013120,Abbey,,,,
ocd-division/country:gb/part:eng/ward:e05013121,Amersham and Chesham Bois,,,,
ocd-division/country:gb/part:eng/ward:e05013122,Aston Clinton and Bierton,,,,
ocd-division/country:gb/part:eng/ward:e05013123,Aylesbury East,,,,
ocd-division/country:gb/part:eng/ward:e05013124,Aylesbury North,,,,
ocd-division/country:gb/part:eng/ward:e05013125,Aylesbury North West,,,,
ocd-division/country:gb/part:eng/ward:e05013126,Aylesbury South East,,,,
ocd-division/country:gb/part:eng/ward:e05013127,Aylesbury South West,,,,
ocd-division/country:gb/part:eng/ward:e05013128,Aylesbury West,,,,
ocd-division/country:gb/part:eng/ward:e05013129,Beaconsfield,,,,
ocd-division/country:gb/part:eng/ward:e05013130,Bernwood,,,,
ocd-division/country:gb/part:eng/ward:e05013131,"Booker, Cressex and Castlefield",,,,
ocd-division/country:gb/part:eng/ward:e05013132,Buckingham East,,,,
ocd-division/country:gb/part:eng/ward:e05013133,Buckingham West,,,,
ocd-division/country:gb/part:eng/ward:e05013134,Chalfont St Giles,,,,
ocd-division/country:gb/part:eng/ward:e05013135,Chalfont St Peter,,,,
ocd-division/country:gb/part:eng/ward:e05013136,Chesham,,,,
ocd-division/country:gb/part:eng/ward:e05013137,Chess Valley,,,,
ocd-division/country:gb/part:eng/ward:e05013138,Chiltern Ridges,,,,
ocd-division/country:gb/part:eng/ward:e05013139,Chiltern Villages,,,,
ocd-division/country:gb/part:eng/ward:e05013140,Cliveden,,,,
ocd-division/country:gb/part:eng/ward:e05013141,Denham,,,,
ocd-division/country:gb/part:eng/ward:e05013142,Downley,,,,
ocd-division/country:gb/part:eng/ward:e05013143,Farnham Common and Burnham Beeches,,,,
ocd-division/country:gb/part:eng/ward:e05013144,"Flackwell Heath, Little Marlow and Marlow South East",,,,
ocd-division/country:gb/part:eng/ward:e05013145,Gerrards Cross,,,,
ocd-division/country:gb/part:eng/ward:e05013146,Great Brickhill,,,,
ocd-division/country:gb/part:eng/ward:e05013147,Great Missenden,,,,
ocd-division/country:gb/part:eng/ward:e05013148,Grendon Underwood,,,,
ocd-division/country:gb/part:eng/ward:e05013149,Hazlemere,,,,
ocd-division/country:gb/part:eng/ward:e05013150,Iver,,,,
ocd-division/country:gb/part:eng/ward:e05013151,Ivinghoe,,,,
ocd-division/country:gb/part:eng/ward:e05013152,Little Chalfont and Amersham Common,,,,
ocd-division/country:gb/part:eng/ward:e05013153,Marlow,,,,
ocd-division/country:gb/part:eng/ward:e05013154,Penn Wood and Old Amersham,,,,
ocd-division/country:gb/part:eng/ward:e05013155,Ridgeway East,,,,
ocd-division/country:gb/part:eng/ward:e05013156,Ridgeway West,,,,
ocd-division/country:gb/part:eng/ward:e05013157,Ryemead and Micklefield,,,,
ocd-division/country:gb/part:eng/ward:e05013158,Stoke Poges and Wexham,,,,
ocd-division/country:gb/part:eng/ward:e05013159,Stone and Waddesdon,,,,
ocd-division/country:gb/part:eng/ward:e05013160,Terriers and Amersham Hill,,,,
ocd-division/country:gb/part:eng/ward:e05013161,The Risboroughs,,,,
ocd-division/country:gb/part:eng/ward:e05013162,"The Wooburns, Bourne End and Hedsor",,,,
ocd-division/country:gb/part:eng/ward:e05013163,Totteridge and Bowerdean,,,,
ocd-division/country:gb/part:eng/ward:e05013164,Tylers Green and Loudwater,,,,
ocd-division/country:gb/part:eng/ward:e05013165,"Wendover, Halton and Stoke Mandeville",,,,
ocd-division/country:gb/part:eng/ward:e05013166,West Wycombe,,,,
ocd-division/country:gb/part:eng/ward:e05013167,Wing,,,,
ocd-division/country:gb/part:eng/ward:e05013168,Winslow,,,,
ocd-division/country:gb/part:eng/ward:e05013169,Appleton,,,,
ocd-division/country:gb/part:eng/ward:e05013170,Bankfield,,,,
ocd-division/country:gb/part:eng/ward:e05013171,Beechwood & Heath,,,,
ocd-division/country:gb/part:eng/ward:e05013172,Birchfield,,,,
ocd-division/country:gb/part:eng/ward:e05013173,Bridgewater,,,,
ocd-division/country:gb/part:eng/ward:e05013174,Central & West Bank,,,,
ocd-division/country:gb/part:eng/ward:e05013175,"Daresbury, Moore & Sandymoor",,,,
ocd-division/country:gb/part:eng/ward:e05013176,"Ditton, Hale Village & Halebank",,,,
ocd-division/country:gb/part:eng/ward:e05013177,Farnworth,,,,
ocd-division/country:gb/part:eng/ward:e05013178,Grange,,,,
ocd-division/country:gb/part:eng/ward:e05013179,Halton Castle,,,,
ocd-division/country:gb/part:eng/ward:e05013180,Halton Lea,,,,
ocd-division/country:gb/part:eng/ward:e05013181,Halton View,,,,
ocd-division/country:gb/part:eng/ward:e05013182,Highfield,,,,
ocd-division/country:gb/part:eng/ward:e05013183,Hough Green,,,,
ocd-division/country:gb/part:eng/ward:e05013184,Mersey & Weston,,,,
ocd-division/country:gb/part:eng/ward:e05013185,Norton North,,,,
ocd-division/country:gb/part:eng/ward:e05013186,Norton South & Preston Brook,,,,
ocd-division/country:gb/part:eng/ward:e05013187,Amberley and Woodchester,,,,
ocd-division/country:gb/part:eng/ward:e05013188,Bisley,,,,
ocd-division/country:gb/part:eng/ward:e05013189,Chalford,,,,
ocd-division/country:gb/part:eng/ward:e05013191,Kingswood,,,,
ocd-division/country:gb/part:eng/ward:e05013192,Minchinhampton,,,,
ocd-division/country:gb/part:eng/ward:e05013193,Nailsworth,,,,
ocd-division/country:gb/part:eng/ward:e05013194,Rodborough,,,,
ocd-division/country:gb/part:eng/ward:e05013197,Stroud Trinity,,,,
ocd-division/country:gb/part:eng/ward:e05013198,Thrupp,,,,
ocd-division/country:gb/part:eng/ward:e05013199,Wotton-under-Edge,,,,
ocd-division/country:gb/part:eng/ward:e05013201,Barrowford & Pendleside,,,,
ocd-division/country:gb/part:eng/ward:e05013202,Boulsworth & Foulridge,,,,
ocd-division/country:gb/part:eng/ward:e05013203,Bradley,,,,
ocd-division/country:gb/part:eng/ward:e05013204,Brierfield East & Clover Hill,,,,
ocd-division/country:gb/part:eng/ward:e05013205,Brierfield West & Reedley,,,,
ocd-division/country:gb/part:eng/ward:e05013207,Fence & Higham,,,,
ocd-division/country:gb/part:eng/ward:e05013208,Marsden & Southfield,,,,
ocd-division/country:gb/part:eng/ward:e05013209,Vivary Bridge,,,,
ocd-division/country:gb/part:eng/ward:e05013210,Waterside & Horsfield,,,,
ocd-division/country:gb/part:eng/ward:e05013211,Whitefield & Walverden,,,,
ocd-division/country:gb/part:eng/ward:e05013212,Cainscross,,,,
ocd-division/country:gb/part:eng/ward:e05013213,Brickhill and Queensway,,,,
ocd-division/country:gb/part:eng/ward:e05013214,Burton and Broughton,,,,
ocd-division/country:gb/part:eng/ward:e05013215,Clover Hill,,,,
ocd-division/country:gb/part:eng/ward:e05013216,Corby Rural,,,,
ocd-division/country:gb/part:eng/ward:e05013217,Corby West,,,,
ocd-division/country:gb/part:eng/ward:e05013218,Croyland and Swanspool,,,,
ocd-division/country:gb/part:eng/ward:e05013219,Desborough,,,,
ocd-division/country:gb/part:eng/ward:e05013220,Earls Barton,,,,
ocd-division/country:gb/part:eng/ward:e05013221,Finedon,,,,
ocd-division/country:gb/part:eng/ward:e05013222,Hatton Park,,,,
ocd-division/country:gb/part:eng/ward:e05013223,Higham Ferrers,,,,
ocd-division/country:gb/part:eng/ward:e05013224,Irchester,,,,
ocd-division/country:gb/part:eng/ward:e05013225,Irthlingborough,,,,
ocd-division/country:gb/part:eng/ward:e05013226,Ise,,,,
ocd-division/country:gb/part:eng/ward:e05013227,Kingswood,,,,
ocd-division/country:gb/part:eng/ward:e05013228,Lloyds,,,,
ocd-division/country:gb/part:eng/ward:e05013229,Northall,,,,
ocd-division/country:gb/part:eng/ward:e05013230,Oakley,,,,
ocd-division/country:gb/part:eng/ward:e05013231,Oundle,,,,
ocd-division/country:gb/part:eng/ward:e05013232,Raunds,,,,
ocd-division/country:gb/part:eng/ward:e05013233,Rothwell and Mawsley,,,,
ocd-division/country:gb/part:eng/ward:e05013234,Rushden Pemberton West,,,,
ocd-division/country:gb/part:eng/ward:e05013235,Rushden South,,,,
ocd-division/country:gb/part:eng/ward:e05013236,Thrapston,,,,
ocd-division/country:gb/part:eng/ward:e05013237,Wicksteed,,,,
ocd-division/country:gb/part:eng/ward:e05013238,Windmill,,,,
ocd-division/country:gb/part:eng/ward:e05013239,Abington and Phippsville,,,,
ocd-division/country:gb/part:eng/ward:e05013240,Billing and Rectory Farm,,,,
ocd-division/country:gb/part:eng/ward:e05013241,Boothville and Parklands,,,,
ocd-division/country:gb/part:eng/ward:e05013242,Brackley,,,,
ocd-division/country:gb/part:eng/ward:e05013243,Braunston and Crick,,,,
ocd-division/country:gb/part:eng/ward:e05013244,Brixworth,,,,
ocd-division/country:gb/part:eng/ward:e05013245,Bugbrooke,,,,
ocd-division/country:gb/part:eng/ward:e05013246,Castle,,,,
ocd-division/country:gb/part:eng/ward:e05013247,Dallington Spencer,,,,
ocd-division/country:gb/part:eng/ward:e05013248,Daventry East,,,,
ocd-division/country:gb/part:eng/ward:e05013249,Daventry West,,,,
ocd-division/country:gb/part:eng/ward:e05013250,Deanshanger,,,,
ocd-division/country:gb/part:eng/ward:e05013251,Delapre and Rushmere,,,,
ocd-division/country:gb/part:eng/ward:e05013252,Duston East,,,,
ocd-division/country:gb/part:eng/ward:e05013253,Duston West and St. Crispin,,,,
ocd-division/country:gb/part:eng/ward:e05013254,East Hunsbury and Shelfleys,,,,
ocd-division/country:gb/part:eng/ward:e05013255,Hackleton and Grange Park,,,,
ocd-division/country:gb/part:eng/ward:e05013256,Headlands,,,,
ocd-division/country:gb/part:eng/ward:e05013257,Kingsthorpe North,,,,
ocd-division/country:gb/part:eng/ward:e05013258,Kingsthorpe South,,,,
ocd-division/country:gb/part:eng/ward:e05013259,Long Buckby,,,,
ocd-division/country:gb/part:eng/ward:e05013260,Middleton Cheney,,,,
ocd-division/country:gb/part:eng/ward:e05013261,Moulton,,,,
ocd-division/country:gb/part:eng/ward:e05013262,Nene Valley,,,,
ocd-division/country:gb/part:eng/ward:e05013263,Riverside Park,,,,
ocd-division/country:gb/part:eng/ward:e05013264,St. George,,,,
ocd-division/country:gb/part:eng/ward:e05013265,Silverstone,,,,
ocd-division/country:gb/part:eng/ward:e05013266,Sixfields,,,,
ocd-division/country:gb/part:eng/ward:e05013267,Talavera,,,,
ocd-division/country:gb/part:eng/ward:e05013268,Towcester and Roade,,,,
ocd-division/country:gb/part:eng/ward:e05013269,Woodford and Weedon,,,,
ocd-division/country:gb/part:eng/ward:e05013270,Newsham,,,,
ocd-division/country:gb/part:eng/ward:e05013271,Seghill with Seaton Delaval,,,,
ocd-division/country:gb/part:eng/ward:e05013273,Bodmin St Mary's & St Leonard,,,,
ocd-division/country:gb/part:eng/ward:e05013274,Bodmin St Petroc's,,,,
ocd-division/country:gb/part:eng/ward:e05013275,Bude,,,,
ocd-division/country:gb/part:eng/ward:e05013276,Callington & St Dominic,,,,
ocd-division/country:gb/part:eng/ward:e05013277,Calstock,,,,
ocd-division/country:gb/part:eng/ward:e05013278,Camborne Roskear & Tuckingmill,,,,
ocd-division/country:gb/part:eng/ward:e05013279,Camborne Trelowarren,,,,
ocd-division/country:gb/part:eng/ward:e05013280,Camborne West & Treswithian,,,,
ocd-division/country:gb/part:eng/ward:e05013281,Camelford & Boscastle,,,,
ocd-division/country:gb/part:eng/ward:e05013282,"Constantine, Mabe & Mawnan",,,,
ocd-division/country:gb/part:eng/ward:e05013284,Falmouth Arwenack,,,,
ocd-division/country:gb/part:eng/ward:e05013286,Falmouth Penwerris,,,,
ocd-division/country:gb/part:eng/ward:e05013288,Feock & Kea,,,,
ocd-division/country:gb/part:eng/ward:e05013289,"Four Lanes, Beacon & Troon",,,,
ocd-division/country:gb/part:eng/ward:e05013290,"Fowey, Tywardreath & Par",,,,
ocd-division/country:gb/part:eng/ward:e05013291,"Gloweth, Malabar & Shortlanesend",,,,
ocd-division/country:gb/part:eng/ward:e05013292,Gwinear-Gwithian & Hayle East,,,,
ocd-division/country:gb/part:eng/ward:e05013293,Hayle West,,,,
ocd-division/country:gb/part:eng/ward:e05013295,Helston South & Meneage,,,,
ocd-division/country:gb/part:eng/ward:e05013297,Land's End,,,,
ocd-division/country:gb/part:eng/ward:e05013298,"Lanivet, Blisland & Bodmin St Lawrence",,,,
ocd-division/country:gb/part:eng/ward:e05013301,Launceston South,,,,
ocd-division/country:gb/part:eng/ward:e05013302,Liskeard Central,,,,
ocd-division/country:gb/part:eng/ward:e05013303,Liskeard South & Dobwalls,,,,
ocd-division/country:gb/part:eng/ward:e05013305,Looe East & Deviock,,,,
ocd-division/country:gb/part:eng/ward:e05013306,"Looe West, Pelynt, Lansallos & Lanteglos",,,,
ocd-division/country:gb/part:eng/ward:e05013307,Lostwithiel & Lanreath,,,,
ocd-division/country:gb/part:eng/ward:e05013308,"Ludgvan, Madron, Gulval & Heamoor",,,,
ocd-division/country:gb/part:eng/ward:e05013309,Lynher,,,,
ocd-division/country:gb/part:eng/ward:e05013311,"Mousehole, Newlyn & St Buryan",,,,
ocd-division/country:gb/part:eng/ward:e05013312,Mullion & St Keverne,,,,
ocd-division/country:gb/part:eng/ward:e05013313,"Mylor, Perranarworthal & Ponsanooth",,,,
ocd-division/country:gb/part:eng/ward:e05013314,Newquay Central & Pentire,,,,
ocd-division/country:gb/part:eng/ward:e05013315,Newquay Porth & Tretherras,,,,
ocd-division/country:gb/part:eng/ward:e05013317,Padstow,,,,
ocd-division/country:gb/part:eng/ward:e05013319,Penwithick & Boscoppa,,,,
ocd-division/country:gb/part:eng/ward:e05013320,Penzance East,,,,
ocd-division/country:gb/part:eng/ward:e05013321,Penzance Promenade,,,,
ocd-division/country:gb/part:eng/ward:e05013323,Pool & Tehidy,,,,
ocd-division/country:gb/part:eng/ward:e05013324,"Porthleven, Breage & Germoe",,,,
ocd-division/country:gb/part:eng/ward:e05013325,Poundstock,,,,
ocd-division/country:gb/part:eng/ward:e05013327,Rame Peninsula & St Germans,,,,
ocd-division/country:gb/part:eng/ward:e05013329,Redruth North,,,,
ocd-division/country:gb/part:eng/ward:e05013330,Redruth South,,,,
ocd-division/country:gb/part:eng/ward:e05013331,Roche & Bugle,,,,
ocd-division/country:gb/part:eng/ward:e05013336,St Blazey,,,,
ocd-division/country:gb/part:eng/ward:e05013337,St Cleer & Menheniot,,,,
ocd-division/country:gb/part:eng/ward:e05013338,"St Columb Major, St Mawgan & St Wenn",,,,
ocd-division/country:gb/part:eng/ward:e05013341,"St Goran, Tregony & the Roseland",,,,
ocd-division/country:gb/part:eng/ward:e05013346,St Stephen-in-Brannel,,,,
ocd-division/country:gb/part:eng/ward:e05013347,St Teath & Tintagel,,,,
ocd-division/country:gb/part:eng/ward:e05013348,Saltash Essa,,,,
ocd-division/country:gb/part:eng/ward:e05013349,Saltash Tamar,,,,
ocd-division/country:gb/part:eng/ward:e05013350,Saltash Trematon & Landrake,,,,
ocd-division/country:gb/part:eng/ward:e05013351,"Stratton, Kilkhampton & Morwenstow",,,,
ocd-division/country:gb/part:eng/ward:e05013353,Torpoint,,,,
ocd-division/country:gb/part:eng/ward:e05013354,Truro Boscawen & Redannick,,,,
ocd-division/country:gb/part:eng/ward:e05013355,Truro Moresk & Trehaverne,,,,
ocd-division/country:gb/part:eng/ward:e05013356,Truro Tregolls,,,,
ocd-division/country:gb/part:eng/ward:e05013357,Wadebridge East & St Minver,,,,
ocd-division/country:gb/part:eng/ward:e05013358,Wadebridge West & St Mabyn,,,,
ocd-division/country:gb/part:eng/ward:e05013359,Bembridge,,,,
ocd-division/country:gb/part:eng/ward:e05013360,Binstead & Fishbourne,,,,
ocd-division/country:gb/part:eng/ward:e05013361,Brading & St Helens,,,,
ocd-division/country:gb/part:eng/ward:e05013362,"Brighstone, Calbourne & Shalfleet",,,,
ocd-division/country:gb/part:eng/ward:e05013363,Carisbrooke & Gunville,,,,
ocd-division/country:gb/part:eng/ward:e05013364,Central Rural,,,,
ocd-division/country:gb/part:eng/ward:e05013365,"Chale, Niton & Shorwell",,,,
ocd-division/country:gb/part:eng/ward:e05013366,Cowes Medina,,,,
ocd-division/country:gb/part:eng/ward:e05013367,Cowes North,,,,
ocd-division/country:gb/part:eng/ward:e05013368,Cowes South & Northwood,,,,
ocd-division/country:gb/part:eng/ward:e05013369,Cowes West & Gurnard,,,,
ocd-division/country:gb/part:eng/ward:e05013370,East Cowes,,,,
ocd-division/country:gb/part:eng/ward:e05013371,Fairlee & Whippingham,,,,
ocd-division/country:gb/part:eng/ward:e05013372,Freshwater North & Yarmouth,,,,
ocd-division/country:gb/part:eng/ward:e05013373,Freshwater South,,,,
ocd-division/country:gb/part:eng/ward:e05013374,Haylands & Swanmore,,,,
ocd-division/country:gb/part:eng/ward:e05013375,Lake North,,,,
ocd-division/country:gb/part:eng/ward:e05013376,Lake South,,,,
ocd-division/country:gb/part:eng/ward:e05013377,Mountjoy & Shide,,,,
ocd-division/country:gb/part:eng/ward:e05013378,Nettlestone & Seaview,,,,
ocd-division/country:gb/part:eng/ward:e05013379,"Newchurch, Havenstreet & Ashey",,,,
ocd-division/country:gb/part:eng/ward:e05013380,Newport Central,,,,
ocd-division/country:gb/part:eng/ward:e05013381,Newport West,,,,
ocd-division/country:gb/part:eng/ward:e05013382,Osborne,,,,
ocd-division/country:gb/part:eng/ward:e05013383,Pan & Barton,,,,
ocd-division/country:gb/part:eng/ward:e05013384,Parkhurst & Hunnyhill,,,,
ocd-division/country:gb/part:eng/ward:e05013385,Ryde Appley & Elmfield,,,,
ocd-division/country:gb/part:eng/ward:e05013386,Ryde Monktonmead,,,,
ocd-division/country:gb/part:eng/ward:e05013387,Ryde North West,,,,
ocd-division/country:gb/part:eng/ward:e05013388,Ryde South East,,,,
ocd-division/country:gb/part:eng/ward:e05013389,Ryde West,,,,
ocd-division/country:gb/part:eng/ward:e05013390,Sandown North,,,,
ocd-division/country:gb/part:eng/ward:e05013391,Sandown South,,,,
ocd-division/country:gb/part:eng/ward:e05013392,Shanklin Central,,,,
ocd-division/country:gb/part:eng/ward:e05013393,Shanklin South,,,,
ocd-division/country:gb/part:eng/ward:e05013394,Totland & Colwell,,,,
ocd-division/country:gb/part:eng/ward:e05013395,Ventnor & St Lawrence,,,,
ocd-division/country:gb/part:eng/ward:e05013396,Wootton Bridge,,,,
ocd-division/country:gb/part:eng/ward:e05013397,"Wroxall, Lowtherville & Bonchurch",,,,
ocd-division/country:gb/part:eng/ward:e05013398,Aldbourne & Ramsbury,,,,
ocd-division/country:gb/part:eng/ward:e05013399,Alderbury & Whiteparish,,,,
ocd-division/country:gb/part:eng/ward:e05013400,Amesbury East & Bulford,,,,
ocd-division/country:gb/part:eng/ward:e05013401,Amesbury South,,,,
ocd-division/country:gb/part:eng/ward:e05013402,Amesbury West,,,,
ocd-division/country:gb/part:eng/ward:e05013403,Avon Valley,,,,
ocd-division/country:gb/part:eng/ward:e05013405,Box & Colerne,,,,
ocd-division/country:gb/part:eng/ward:e05013406,Bradford-on-Avon North,,,,
ocd-division/country:gb/part:eng/ward:e05013407,Bradford-on-Avon South,,,,
ocd-division/country:gb/part:eng/ward:e05013408,Brinkworth,,,,
ocd-division/country:gb/part:eng/ward:e05013409,"Bromham, Rowde & Roundway",,,,
ocd-division/country:gb/part:eng/ward:e05013410,By Brook,,,,
ocd-division/country:gb/part:eng/ward:e05013411,Calne Central,,,,
ocd-division/country:gb/part:eng/ward:e05013412,Calne Chilvester & Abberd,,,,
ocd-division/country:gb/part:eng/ward:e05013413,Calne North,,,,
ocd-division/country:gb/part:eng/ward:e05013414,Calne Rural,,,,
ocd-division/country:gb/part:eng/ward:e05013415,Calne South,,,,
ocd-division/country:gb/part:eng/ward:e05013416,Chippenham Cepen Park & Derriads,,,,
ocd-division/country:gb/part:eng/ward:e05013417,Chippenham Cepen Park & Hunters Moon,,,,
ocd-division/country:gb/part:eng/ward:e05013418,Chippenham Hardenhuish,,,,
ocd-division/country:gb/part:eng/ward:e05013419,Chippenham Hardens & Central,,,,
ocd-division/country:gb/part:eng/ward:e05013420,Chippenham Lowden & Rowden,,,,
ocd-division/country:gb/part:eng/ward:e05013421,Chippenham Monkton,,,,
ocd-division/country:gb/part:eng/ward:e05013422,Chippenham Pewsham,,,,
ocd-division/country:gb/part:eng/ward:e05013423,Chippenham Sheldon,,,,
ocd-division/country:gb/part:eng/ward:e05013424,Corsham Ladbrook,,,,
ocd-division/country:gb/part:eng/ward:e05013425,Corsham Pickwick,,,,
ocd-division/country:gb/part:eng/ward:e05013426,Corsham Without,,,,
ocd-division/country:gb/part:eng/ward:e05013427,Cricklade & Latton,,,,
ocd-division/country:gb/part:eng/ward:e05013428,Devizes East,,,,
ocd-division/country:gb/part:eng/ward:e05013429,Devizes North,,,,
ocd-division/country:gb/part:eng/ward:e05013430,Devizes Rural West,,,,
ocd-division/country:gb/part:eng/ward:e05013431,Devizes South,,,,
ocd-division/country:gb/part:eng/ward:e05013432,Downton & Ebble Valley,,,,
ocd-division/country:gb/part:eng/ward:e05013433,Durrington,,,,
ocd-division/country:gb/part:eng/ward:e05013434,Ethandune,,,,
ocd-division/country:gb/part:eng/ward:e05013435,Fovant & Chalke Valley,,,,
ocd-division/country:gb/part:eng/ward:e05013436,Hilperton,,,,
ocd-division/country:gb/part:eng/ward:e05013437,Holt,,,,
ocd-division/country:gb/part:eng/ward:e05013438,Kington,,,,
ocd-division/country:gb/part:eng/ward:e05013439,Laverstock,,,,
ocd-division/country:gb/part:eng/ward:e05013440,Ludgershall North & Rural,,,,
ocd-division/country:gb/part:eng/ward:e05013441,Lyneham,,,,
ocd-division/country:gb/part:eng/ward:e05013442,Malmesbury,,,,
ocd-division/country:gb/part:eng/ward:e05013443,Marlborough East,,,,
ocd-division/country:gb/part:eng/ward:e05013444,Marlborough West,,,,
ocd-division/country:gb/part:eng/ward:e05013446,Melksham Forest,,,,
ocd-division/country:gb/part:eng/ward:e05013447,Melksham South,,,,
ocd-division/country:gb/part:eng/ward:e05013448,Melksham Without North & Shurnhold,,,,
ocd-division/country:gb/part:eng/ward:e05013449,Melksham Without West & Rural,,,,
ocd-division/country:gb/part:eng/ward:e05013450,Mere,,,,
ocd-division/country:gb/part:eng/ward:e05013451,Minety,,,,
ocd-division/country:gb/part:eng/ward:e05013452,Nadder Valley,,,,
ocd-division/country:gb/part:eng/ward:e05013453,Old Sarum & Lower Bourne Valley,,,,
ocd-division/country:gb/part:eng/ward:e05013455,Pewsey Vale East,,,,
ocd-division/country:gb/part:eng/ward:e05013457,Purton,,,,
ocd-division/country:gb/part:eng/ward:e05013458,Redlynch & Landford,,,,
ocd-division/country:gb/part:eng/ward:e05013459,Royal Wootton Bassett East,,,,
ocd-division/country:gb/part:eng/ward:e05013460,Royal Wootton Bassett North,,,,
ocd-division/country:gb/part:eng/ward:e05013461,Royal Wootton Bassett South & West,,,,
ocd-division/country:gb/part:eng/ward:e05013462,Salisbury Bemerton Heath,,,,
ocd-division/country:gb/part:eng/ward:e05013463,Salisbury Fisherton & Bemerton Village,,,,
ocd-division/country:gb/part:eng/ward:e05013464,Salisbury Harnham East,,,,
ocd-division/country:gb/part:eng/ward:e05013465,Salisbury Harnham West,,,,
ocd-division/country:gb/part:eng/ward:e05013466,Salisbury Milford,,,,
ocd-division/country:gb/part:eng/ward:e05013467,Salisbury St Edmund's,,,,
ocd-division/country:gb/part:eng/ward:e05013468,Salisbury St Francis & Stratford,,,,
ocd-division/country:gb/part:eng/ward:e05013469,Salisbury St Paul's,,,,
ocd-division/country:gb/part:eng/ward:e05013470,Sherston,,,,
ocd-division/country:gb/part:eng/ward:e05013471,Southwick,,,,
ocd-division/country:gb/part:eng/ward:e05013472,The Lavingtons,,,,
ocd-division/country:gb/part:eng/ward:e05013473,Tidworth East & Ludgershall South,,,,
ocd-division/country:gb/part:eng/ward:e05013474,Tidworth North & West,,,,
ocd-division/country:gb/part:eng/ward:e05013475,Till Valley,,,,
ocd-division/country:gb/part:eng/ward:e05013476,Tisbury,,,,
ocd-division/country:gb/part:eng/ward:e05013477,Trowbridge Adcroft,,,,
ocd-division/country:gb/part:eng/ward:e05013478,Trowbridge Central,,,,
ocd-division/country:gb/part:eng/ward:e05013479,Trowbridge Drynham,,,,
ocd-division/country:gb/part:eng/ward:e05013480,Trowbridge Grove,,,,
ocd-division/country:gb/part:eng/ward:e05013481,Trowbridge Lambrok,,,,
ocd-division/country:gb/part:eng/ward:e05013482,Trowbridge Park,,,,
ocd-division/country:gb/part:eng/ward:e05013483,Trowbridge Paxcroft,,,,
ocd-division/country:gb/part:eng/ward:e05013484,Urchfont & Bishops Cannings,,,,
ocd-division/country:gb/part:eng/ward:e05013485,Warminster Broadway,,,,
ocd-division/country:gb/part:eng/ward:e05013486,Warminster East,,,,
ocd-division/country:gb/part:eng/ward:e05013487,Warminster North & Rural,,,,
ocd-division/country:gb/part:eng/ward:e05013488,Warminster West,,,,
ocd-division/country:gb/part:eng/ward:e05013489,Westbury East,,,,
ocd-division/country:gb/part:eng/ward:e05013490,Westbury North,,,,
ocd-division/country:gb/part:eng/ward:e05013491,Westbury West,,,,
ocd-division/country:gb/part:eng/ward:e05013492,Wilton,,,,
ocd-division/country:gb/part:eng/ward:e05013493,Winsley & Westwood,,,,
ocd-division/country:gb/part:eng/ward:e05013494,Winterslow & Upper Bourne Valley,,,,
ocd-division/country:gb/part:eng/ward:e05013495,Wylye Valley,,,,
ocd-division/country:gb/part:eng/ward:e05013496,Alperton,,,,
ocd-division/country:gb/part:eng/ward:e05013497,Barnhill,,,,
ocd-division/country:gb/part:eng/ward:e05013498,Brondesbury Park,,,,
ocd-division/country:gb/part:eng/ward:e05013499,Cricklewood & Mapesbury,,,,
ocd-division/country:gb/part:eng/ward:e05013500,Dollis Hill,,,,
ocd-division/country:gb/part:eng/ward:e05013501,Harlesden & Kensal Green,,,,
ocd-division/country:gb/part:eng/ward:e05013502,Kenton,,,,
ocd-division/country:gb/part:eng/ward:e05013503,Kilburn,,,,
ocd-division/country:gb/part:eng/ward:e05013504,Kingsbury,,,,
ocd-division/country:gb/part:eng/ward:e05013505,Northwick Park,,,,
ocd-division/country:gb/part:eng/ward:e05013506,Preston,,,,
ocd-division/country:gb/part:eng/ward:e05013507,Queens Park,,,,
ocd-division/country:gb/part:eng/ward:e05013508,Queensbury,,,,
ocd-division/country:gb/part:eng/ward:e05013509,Roundwood,,,,
ocd-division/country:gb/part:eng/ward:e05013510,Stonebridge,,,,
ocd-division/country:gb/part:eng/ward:e05013511,Sudbury,,,,
ocd-division/country:gb/part:eng/ward:e05013512,Tokyngton,,,,
ocd-division/country:gb/part:eng/ward:e05013513,Welsh Harp,,,,
ocd-division/country:gb/part:eng/ward:e05013514,Wembley Central,,,,
ocd-division/country:gb/part:eng/ward:e05013515,Wembley Hill,,,,
ocd-division/country:gb/part:eng/ward:e05013516,Wembley Park,,,,
ocd-division/country:gb/part:eng/ward:e05013517,Willesden Green,,,,
ocd-division/country:gb/part:eng/ward:e05013518,Central Greenford,,,,
ocd-division/country:gb/part:eng/ward:e05013519,Dormers Wells,,,,
ocd-division/country:gb/part:eng/ward:e05013520,Ealing Broadway,,,,
ocd-division/country:gb/part:eng/ward:e05013521,Ealing Common,,,,
ocd-division/country:gb/part:eng/ward:e05013522,East Acton,,,,
ocd-division/country:gb/part:eng/ward:e05013523,Greenford Broadway,,,,
ocd-division/country:gb/part:eng/ward:e05013524,Hanger Hill,,,,
ocd-division/country:gb/part:eng/ward:e05013525,Hanwell Broadway,,,,
ocd-division/country:gb/part:eng/ward:e05013526,Lady Margaret,,,,
ocd-division/country:gb/part:eng/ward:e05013527,North Acton,,,,
ocd-division/country:gb/part:eng/ward:e05013528,North Greenford,,,,
ocd-division/country:gb/part:eng/ward:e05013529,North Hanwell,,,,
ocd-division/country:gb/part:eng/ward:e05013530,Northfield,,,,
ocd-division/country:gb/part:eng/ward:e05013531,Northolt Mandeville,,,,
ocd-division/country:gb/part:eng/ward:e05013532,Northolt West End,,,,
ocd-division/country:gb/part:eng/ward:e05013533,Norwood Green,,,,
ocd-division/country:gb/part:eng/ward:e05013534,Perivale,,,,
ocd-division/country:gb/part:eng/ward:e05013535,Pitshanger,,,,
ocd-division/country:gb/part:eng/ward:e05013536,South Acton,,,,
ocd-division/country:gb/part:eng/ward:e05013537,Southall Broadway,,,,
ocd-division/country:gb/part:eng/ward:e05013538,Southall Green,,,,
ocd-division/country:gb/part:eng/ward:e05013539,Southall West,,,,
ocd-division/country:gb/part:eng/ward:e05013540,Southfield,,,,
ocd-division/country:gb/part:eng/ward:e05013541,Walpole,,,,
ocd-division/country:gb/part:eng/ward:e05013542,Belmont,,,,
ocd-division/country:gb/part:eng/ward:e05013543,Canons,,,,
ocd-division/country:gb/part:eng/ward:e05013544,Centenary,,,,
ocd-division/country:gb/part:eng/ward:e05013545,Edgware,,,,
ocd-division/country:gb/part:eng/ward:e05013546,Greenhill,,,,
ocd-division/country:gb/part:eng/ward:e05013547,Harrow on the Hill,,,,
ocd-division/country:gb/part:eng/ward:e05013548,Harrow Weald,,,,
ocd-division/country:gb/part:eng/ward:e05013549,Hatch End,,,,
ocd-division/country:gb/part:eng/ward:e05013550,Headstone,,,,
ocd-division/country:gb/part:eng/ward:e05013551,Kenton East,,,,
ocd-division/country:gb/part:eng/ward:e05013552,Kenton West,,,,
ocd-division/country:gb/part:eng/ward:e05013553,Marlborough,,,,
ocd-division/country:gb/part:eng/ward:e05013554,North Harrow,,,,
ocd-division/country:gb/part:eng/ward:e05013555,Pinner,,,,
ocd-division/country:gb/part:eng/ward:e05013556,Pinner South,,,,
ocd-division/country:gb/part:eng/ward:e05013557,Rayners Lane,,,,
ocd-division/country:gb/part:eng/ward:e05013558,Roxbourne,,,,
ocd-division/country:gb/part:eng/ward:e05013559,Roxeth,,,,
ocd-division/country:gb/part:eng/ward:e05013560,Stanmore,,,,
ocd-division/country:gb/part:eng/ward:e05013561,Wealdstone North,,,,
ocd-division/country:gb/part:eng/ward:e05013562,Wealdstone South,,,,
ocd-division/country:gb/part:eng/ward:e05013563,West Harrow,,,,
ocd-division/country:gb/part:eng/ward:e05013564,Belmore,,,,
ocd-division/country:gb/part:eng/ward:e05013565,Charville,,,,
ocd-division/country:gb/part:eng/ward:e05013566,Colham & Cowley,,,,
ocd-division/country:gb/part:eng/ward:e05013567,Eastcote,,,,
ocd-division/country:gb/part:eng/ward:e05013568,Harefield Village,,,,
ocd-division/country:gb/part:eng/ward:e05013569,Hayes Town,,,,
ocd-division/country:gb/part:eng/ward:e05013570,Heathrow Villages,,,,
ocd-division/country:gb/part:eng/ward:e05013571,Hillingdon East,,,,
ocd-division/country:gb/part:eng/ward:e05013572,Hillingdon West,,,,
ocd-division/country:gb/part:eng/ward:e05013573,Ickenham & South Harefield,,,,
ocd-division/country:gb/part:eng/ward:e05013574,Northwood,,,,
ocd-division/country:gb/part:eng/ward:e05013575,Northwood Hills,,,,
ocd-division/country:gb/part:eng/ward:e05013576,Pinkwell,,,,
ocd-division/country:gb/part:eng/ward:e05013577,Ruislip,,,,
ocd-division/country:gb/part:eng/ward:e05013578,Ruislip Manor,,,,
ocd-division/country:gb/part:eng/ward:e05013579,South Ruislip,,,,
ocd-division/country:gb/part:eng/ward:e05013580,Uxbridge,,,,
ocd-division/country:gb/part:eng/ward:e05013581,West Drayton,,,,
ocd-division/country:gb/part:eng/ward:e05013582,Wood End,,,,
ocd-division/country:gb/part:eng/ward:e05013583,Yeading,,,,
ocd-division/country:gb/part:eng/ward:e05013584,Yiewsley,,,,
ocd-division/country:gb/part:eng/ward:e05013585,Alexandra Park,,,,
ocd-division/country:gb/part:eng/ward:e05013586,Bounds Green,,,,
ocd-division/country:gb/part:eng/ward:e05013587,Bruce Castle,,,,
ocd-division/country:gb/part:eng/ward:e05013588,Crouch End,,,,
ocd-division/country:gb/part:eng/ward:e05013589,Fortis Green,,,,
ocd-division/country:gb/part:eng/ward:e05013590,Harringay,,,,
ocd-division/country:gb/part:eng/ward:e05013591,Hermitage & Gardens,,,,
ocd-division/country:gb/part:eng/ward:e05013592,Highgate,,,,
ocd-division/country:gb/part:eng/ward:e05013593,Hornsey,,,,
ocd-division/country:gb/part:eng/ward:e05013594,Muswell Hill,,,,
ocd-division/country:gb/part:eng/ward:e05013595,Noel Park,,,,
ocd-division/country:gb/part:eng/ward:e05013596,Northumberland Park,,,,
ocd-division/country:gb/part:eng/ward:e05013597,St Ann's,,,,
ocd-division/country:gb/part:eng/ward:e05013598,Seven Sisters,,,,
ocd-division/country:gb/part:eng/ward:e05013599,South Tottenham,,,,
ocd-division/country:gb/part:eng/ward:e05013600,Stroud Green,,,,
ocd-division/country:gb/part:eng/ward:e05013601,Tottenham Central,,,,
ocd-division/country:gb/part:eng/ward:e05013602,Tottenham Hale,,,,
ocd-division/country:gb/part:eng/ward:e05013603,West Green,,,,
ocd-division/country:gb/part:eng/ward:e05013604,White Hart Lane,,,,
ocd-division/country:gb/part:eng/ward:e05013605,Woodside,,,,
ocd-division/country:gb/part:eng/ward:e05013606,Bedfont,,,,
ocd-division/country:gb/part:eng/ward:e05013607,Brentford East,,,,
ocd-division/country:gb/part:eng/ward:e05013608,Brentford West,,,,
ocd-division/country:gb/part:eng/ward:e05013609,Chiswick Gunnersbury,,,,
ocd-division/country:gb/part:eng/ward:e05013610,Chiswick Homefields,,,,
ocd-division/country:gb/part:eng/ward:e05013611,Chiswick Riverside,,,,
ocd-division/country:gb/part:eng/ward:e05013612,Cranford,,,,
ocd-division/country:gb/part:eng/ward:e05013613,Feltham North,,,,
ocd-division/country:gb/part:eng/ward:e05013614,Feltham West,,,,
ocd-division/country:gb/part:eng/ward:e05013615,Hanworth Park,,,,
ocd-division/country:gb/part:eng/ward:e05013616,Hanworth Village,,,,
ocd-division/country:gb/part:eng/ward:e05013617,Heston Central,,,,
ocd-division/country:gb/part:eng/ward:e05013618,Heston East,,,,
ocd-division/country:gb/part:eng/ward:e05013619,Heston West,,,,
ocd-division/country:gb/part:eng/ward:e05013620,Hounslow Central,,,,
ocd-division/country:gb/part:eng/ward:e05013621,Hounslow East,,,,
ocd-division/country:gb/part:eng/ward:e05013622,Hounslow Heath,,,,
ocd-division/country:gb/part:eng/ward:e05013623,Hounslow South,,,,
ocd-division/country:gb/part:eng/ward:e05013624,Hounslow West,,,,
ocd-division/country:gb/part:eng/ward:e05013625,Isleworth,,,,
ocd-division/country:gb/part:eng/ward:e05013626,Osterley & Spring Grove,,,,
ocd-division/country:gb/part:eng/ward:e05013627,Syon & Brentford Lock,,,,
ocd-division/country:gb/part:eng/ward:e05013628,Barnet Vale,,,,
ocd-division/country:gb/part:eng/ward:e05013629,Brunswick Park,,,,
ocd-division/country:gb/part:eng/ward:e05013630,Burnt Oak,,,,
ocd-division/country:gb/part:eng/ward:e05013631,Childs Hill,,,,
ocd-division/country:gb/part:eng/ward:e05013632,Colindale North,,,,
ocd-division/country:gb/part:eng/ward:e05013633,Colindale South,,,,
ocd-division/country:gb/part:eng/ward:e05013634,Cricklewood,,,,
ocd-division/country:gb/part:eng/ward:e05013635,East Barnet,,,,
ocd-division/country:gb/part:eng/ward:e05013636,East Finchley,,,,
ocd-division/country:gb/part:eng/ward:e05013637,Edgware,,,,
ocd-division/country:gb/part:eng/ward:e05013638,Edgwarebury,,,,
ocd-division/country:gb/part:eng/ward:e05013639,Finchley Church End,,,,
ocd-division/country:gb/part:eng/ward:e05013640,Friern Barnet,,,,
ocd-division/country:gb/part:eng/ward:e05013641,Garden Suburb,,,,
ocd-division/country:gb/part:eng/ward:e05013642,Golders Green,,,,
ocd-division/country:gb/part:eng/ward:e05013643,Hendon,,,,
ocd-division/country:gb/part:eng/ward:e05013644,High Barnet,,,,
ocd-division/country:gb/part:eng/ward:e05013645,Mill Hill,,,,
ocd-division/country:gb/part:eng/ward:e05013646,Totteridge & Woodside,,,,
ocd-division/country:gb/part:eng/ward:e05013647,Underhill,,,,
ocd-division/country:gb/part:eng/ward:e05013648,West Finchley,,,,
ocd-division/country:gb/part:eng/ward:e05013649,West Hendon,,,,
ocd-division/country:gb/part:eng/ward:e05013650,Whetstone,,,,
ocd-division/country:gb/part:eng/ward:e05013651,Woodhouse,,,,
ocd-division/country:gb/part:eng/ward:e05013652,Belsize,,,,
ocd-division/country:gb/part:eng/ward:e05013653,Bloomsbury,,,,
ocd-division/country:gb/part:eng/ward:e05013654,Camden Square,,,,
ocd-division/country:gb/part:eng/ward:e05013655,Camden Town,,,,
ocd-division/country:gb/part:eng/ward:e05013656,Fortune Green,,,,
ocd-division/country:gb/part:eng/ward:e05013657,Frognal,,,,
ocd-division/country:gb/part:eng/ward:e05013658,Gospel Oak,,,,
ocd-division/country:gb/part:eng/ward:e05013659,Hampstead Town,,,,
ocd-division/country:gb/part:eng/ward:e05013660,Haverstock,,,,
ocd-division/country:gb/part:eng/ward:e05013661,Highgate,,,,
ocd-division/country:gb/part:eng/ward:e05013662,Holborn & Covent Garden,,,,
ocd-division/country:gb/part:eng/ward:e05013663,Kentish Town North,,,,
ocd-division/country:gb/part:eng/ward:e05013664,Kentish Town South,,,,
ocd-division/country:gb/part:eng/ward:e05013665,Kilburn,,,,
ocd-division/country:gb/part:eng/ward:e05013666,King's Cross,,,,
ocd-division/country:gb/part:eng/ward:e05013667,Primrose Hill,,,,
ocd-division/country:gb/part:eng/ward:e05013668,Regent's Park,,,,
ocd-division/country:gb/part:eng/ward:e05013669,St Pancras & Somers Town,,,,
ocd-division/country:gb/part:eng/ward:e05013670,South Hampstead,,,,
ocd-division/country:gb/part:eng/ward:e05013671,West Hampstead,,,,
ocd-division/country:gb/part:eng/ward:e05013672,Arnos Grove,,,,
ocd-division/country:gb/part:eng/ward:e05013673,Bowes,,,,
ocd-division/country:gb/part:eng/ward:e05013674,Brimsdown,,,,
ocd-division/country:gb/part:eng/ward:e05013675,Bullsmoor,,,,
ocd-division/country:gb/part:eng/ward:e05013676,Bush Hill Park,,,,
ocd-division/country:gb/part:eng/ward:e05013677,Carterhatch,,,,
ocd-division/country:gb/part:eng/ward:e05013678,Cockfosters,,,,
ocd-division/country:gb/part:eng/ward:e05013679,Edmonton Green,,,,
ocd-division/country:gb/part:eng/ward:e05013680,Enfield Lock,,,,
ocd-division/country:gb/part:eng/ward:e05013681,Grange Park,,,,
ocd-division/country:gb/part:eng/ward:e05013682,Haselbury,,,,
ocd-division/country:gb/part:eng/ward:e05013683,Highfield,,,,
ocd-division/country:gb/part:eng/ward:e05013684,Jubilee,,,,
ocd-division/country:gb/part:eng/ward:e05013685,Lower Edmonton,,,,
ocd-division/country:gb/part:eng/ward:e05013686,New Southgate,,,,
ocd-division/country:gb/part:eng/ward:e05013687,Oakwood,,,,
ocd-division/country:gb/part:eng/ward:e05013688,Palmers Green,,,,
ocd-division/country:gb/part:eng/ward:e05013689,Ponders End,,,,
ocd-division/country:gb/part:eng/ward:e05013690,Ridgeway,,,,
ocd-division/country:gb/part:eng/ward:e05013691,Southbury,,,,
ocd-division/country:gb/part:eng/ward:e05013692,Southgate,,,,
ocd-division/country:gb/part:eng/ward:e05013693,Town,,,,
ocd-division/country:gb/part:eng/ward:e05013694,Upper Edmonton,,,,
ocd-division/country:gb/part:eng/ward:e05013695,Whitewebbs,,,,
ocd-division/country:gb/part:eng/ward:e05013696,Winchmore Hill,,,,
ocd-division/country:gb/part:eng/ward:e05013697,Arsenal,,,,
ocd-division/country:gb/part:eng/ward:e05013698,Barnsbury,,,,
ocd-division/country:gb/part:eng/ward:e05013699,Bunhill,,,,
ocd-division/country:gb/part:eng/ward:e05013700,Caledonian,,,,
ocd-division/country:gb/part:eng/ward:e05013701,Canonbury,,,,
ocd-division/country:gb/part:eng/ward:e05013702,Clerkenwell,,,,
ocd-division/country:gb/part:eng/ward:e05013703,Finsbury Park,,,,
ocd-division/country:gb/part:eng/ward:e05013704,Highbury,,,,
ocd-division/country:gb/part:eng/ward:e05013705,Hillrise,,,,
ocd-division/country:gb/part:eng/ward:e05013706,Holloway,,,,
ocd-division/country:gb/part:eng/ward:e05013707,Junction,,,,
ocd-division/country:gb/part:eng/ward:e05013708,Laycock,,,,
ocd-division/country:gb/part:eng/ward:e05013709,Mildmay,,,,
ocd-division/country:gb/part:eng/ward:e05013710,St Mary's & St James',,,,
ocd-division/country:gb/part:eng/ward:e05013711,St Peter's & Canalside,,,,
ocd-division/country:gb/part:eng/ward:e05013712,Tollington,,,,
ocd-division/country:gb/part:eng/ward:e05013713,Tufnell Park,,,,
ocd-division/country:gb/part:eng/ward:e05013714,Bellingham,,,,
ocd-division/country:gb/part:eng/ward:e05013715,Blackheath,,,,
ocd-division/country:gb/part:eng/ward:e05013716,Brockley,,,,
ocd-division/country:gb/part:eng/ward:e05013717,Catford South,,,,
ocd-division/country:gb/part:eng/ward:e05013718,Crofton Park,,,,
ocd-division/country:gb/part:eng/ward:e05013719,Deptford,,,,
ocd-division/country:gb/part:eng/ward:e05013720,Downham,,,,
ocd-division/country:gb/part:eng/ward:e05013721,Evelyn,,,,
ocd-division/country:gb/part:eng/ward:e05013722,Forest Hill,,,,
ocd-division/country:gb/part:eng/ward:e05013723,Grove Park,,,,
ocd-division/country:gb/part:eng/ward:e05013724,Hither Green,,,,
ocd-division/country:gb/part:eng/ward:e05013725,Ladywell,,,,
ocd-division/country:gb/part:eng/ward:e05013726,Lee Green,,,,
ocd-division/country:gb/part:eng/ward:e05013727,Lewisham Central,,,,
ocd-division/country:gb/part:eng/ward:e05013728,New Cross Gate,,,,
ocd-division/country:gb/part:eng/ward:e05013729,Perry Vale,,,,
ocd-division/country:gb/part:eng/ward:e05013730,Rushey Green,,,,
ocd-division/country:gb/part:eng/ward:e05013731,Sydenham,,,,
ocd-division/country:gb/part:eng/ward:e05013732,Telegraph Hill,,,,
ocd-division/country:gb/part:eng/ward:e05013733,Addison,,,,
ocd-division/country:gb/part:eng/ward:e05013734,Avonmore,,,,
ocd-division/country:gb/part:eng/ward:e05013735,Brook Green,,,,
ocd-division/country:gb/part:eng/ward:e05013736,College Park & Old Oak,,,,
ocd-division/country:gb/part:eng/ward:e05013737,Coningham,,,,
ocd-division/country:gb/part:eng/ward:e05013738,Fulham Reach,,,,
ocd-division/country:gb/part:eng/ward:e05013739,Fulham Town,,,,
ocd-division/country:gb/part:eng/ward:e05013740,Grove,,,,
ocd-division/country:gb/part:eng/ward:e05013741,Hammersmith Broadway,,,,
ocd-division/country:gb/part:eng/ward:e05013742,Lillie,,,,
ocd-division/country:gb/part:eng/ward:e05013743,Munster,,,,
ocd-division/country:gb/part:eng/ward:e05013744,Palace & Hurlingham,,,,
ocd-division/country:gb/part:eng/ward:e05013745,Parsons Green & Sandford,,,,
ocd-division/country:gb/part:eng/ward:e05013746,Ravenscourt,,,,
ocd-division/country:gb/part:eng/ward:e05013747,Sands End,,,,
ocd-division/country:gb/part:eng/ward:e05013748,Shepherd's Bush Green,,,,
ocd-division/country:gb/part:eng/ward:e05013749,Walham Green,,,,
ocd-division/country:gb/part:eng/ward:e05013750,Wendell Park,,,,
ocd-division/country:gb/part:eng/ward:e05013751,West Kensington,,,,
ocd-division/country:gb/part:eng/ward:e05013752,White City,,,,
ocd-division/country:gb/part:eng/ward:e05013753,Wormholt,,,,
ocd-division/country:gb/part:eng/ward:e05013754,Beddington,,,,
ocd-division/country:gb/part:eng/ward:e05013755,Belmont,,,,
ocd-division/country:gb/part:eng/ward:e05013756,Carshalton Central,,,,
ocd-division/country:gb/part:eng/ward:e05013757,Carshalton South & Clockhouse,,,,
ocd-division/country:gb/part:eng/ward:e05013758,Cheam,,,,
ocd-division/country:gb/part:eng/ward:e05013759,Hackbridge,,,,
ocd-division/country:gb/part:eng/ward:e05013760,North Cheam,,,,
ocd-division/country:gb/part:eng/ward:e05013761,St Helier East,,,,
ocd-division/country:gb/part:eng/ward:e05013762,St Helier West,,,,
ocd-division/country:gb/part:eng/ward:e05013763,South Beddington & Roundshaw,,,,
ocd-division/country:gb/part:eng/ward:e05013764,Stonecot,,,,
ocd-division/country:gb/part:eng/ward:e05013765,Sutton Central,,,,
ocd-division/country:gb/part:eng/ward:e05013766,Sutton North,,,,
ocd-division/country:gb/part:eng/ward:e05013767,Sutton South,,,,
ocd-division/country:gb/part:eng/ward:e05013768,Sutton West & East Cheam,,,,
ocd-division/country:gb/part:eng/ward:e05013769,The Wrythe,,,,
ocd-division/country:gb/part:eng/ward:e05013770,Wallington North,,,,
ocd-division/country:gb/part:eng/ward:e05013771,Wallington South,,,,
ocd-division/country:gb/part:eng/ward:e05013772,Worcester Park North,,,,
ocd-division/country:gb/part:eng/ward:e05013773,Worcester Park South,,,,
ocd-division/country:gb/part:eng/ward:e05013774,Barnes,,,,
ocd-division/country:gb/part:eng/ward:e05013775,East Sheen,,,,
ocd-division/country:gb/part:eng/ward:e05013776,Fulwell & Hampton Hill,,,,
ocd-division/country:gb/part:eng/ward:e05013777,"Ham, Petersham & Richmond Riverside",,,,
ocd-division/country:gb/part:eng/ward:e05013778,Hampton,,,,
ocd-division/country:gb/part:eng/ward:e05013779,Hampton North,,,,
ocd-division/country:gb/part:eng/ward:e05013780,Hampton Wick & South Teddington,,,,
ocd-division/country:gb/part:eng/ward:e05013781,Heathfield,,,,
ocd-division/country:gb/part:eng/ward:e05013782,Kew,,,,
ocd-division/country:gb/part:eng/ward:e05013783,Mortlake & Barnes Common,,,,
ocd-division/country:gb/part:eng/ward:e05013784,North Richmond,,,,
ocd-division/country:gb/part:eng/ward:e05013785,St Margarets & North Twickenham,,,,
ocd-division/country:gb/part:eng/ward:e05013786,South Richmond,,,,
ocd-division/country:gb/part:eng/ward:e05013787,South Twickenham,,,,
ocd-division/country:gb/part:eng/ward:e05013788,Teddington,,,,
ocd-division/country:gb/part:eng/ward:e05013789,Twickenham Riverside,,,,
ocd-division/country:gb/part:eng/ward:e05013790,West Twickenham,,,,
ocd-division/country:gb/part:eng/ward:e05013791,Whitton,,,,
ocd-division/country:gb/part:eng/ward:e05013792,Abbey Road,,,,
ocd-division/country:gb/part:eng/ward:e05013793,Bayswater,,,,
ocd-division/country:gb/part:eng/ward:e05013794,Church Street,,,,
ocd-division/country:gb/part:eng/ward:e05013795,Harrow Road,,,,
ocd-division/country:gb/part:eng/ward:e05013796,Hyde Park,,,,
ocd-division/country:gb/part:eng/ward:e05013797,Knightsbridge & Belgravia,,,,
ocd-division/country:gb/part:eng/ward:e05013798,Lancaster Gate,,,,
ocd-division/country:gb/part:eng/ward:e05013799,Little Venice,,,,
ocd-division/country:gb/part:eng/ward:e05013800,Maida Vale,,,,
ocd-division/country:gb/part:eng/ward:e05013801,Marylebone,,,,
ocd-division/country:gb/part:eng/ward:e05013802,Pimlico North,,,,
ocd-division/country:gb/part:eng/ward:e05013803,Pimlico South,,,,
ocd-division/country:gb/part:eng/ward:e05013804,Queen's Park,,,,
ocd-division/country:gb/part:eng/ward:e05013805,Regent's Park,,,,
ocd-division/country:gb/part:eng/ward:e05013806,St James's,,,,
ocd-division/country:gb/part:eng/ward:e05013807,Vincent Square,,,,
ocd-division/country:gb/part:eng/ward:e05013808,West End,,,,
ocd-division/country:gb/part:eng/ward:e05013809,Westbourne,,,,
ocd-division/country:gb/part:eng/ward:e05013810,Abbey,,,,
ocd-division/country:gb/part:eng/ward:e05013811,Cannon Hill,,,,
ocd-division/country:gb/part:eng/ward:e05013812,Colliers Wood,,,,
ocd-division/country:gb/part:eng/ward:e05013813,Cricket Green,,,,
ocd-division/country:gb/part:eng/ward:e05013814,Figge's Marsh,,,,
ocd-division/country:gb/part:eng/ward:e05013815,Graveney,,,,
ocd-division/country:gb/part:eng/ward:e05013816,Hillside,,,,
ocd-division/country:gb/part:eng/ward:e05013817,Lavender Fields,,,,
ocd-division/country:gb/part:eng/ward:e05013818,Longthornton,,,,
ocd-division/country:gb/part:eng/ward:e05013819,Lower Morden,,,,
ocd-division/country:gb/part:eng/ward:e05013820,Merton Park,,,,
ocd-division/country:gb/part:eng/ward:e05013821,Pollards Hill,,,,
ocd-division/country:gb/part:eng/ward:e05013822,Ravensbury,,,,
ocd-division/country:gb/part:eng/ward:e05013823,Raynes Park,,,,
ocd-division/country:gb/part:eng/ward:e05013824,St Helier,,,,
ocd-division/country:gb/part:eng/ward:e05013825,Village,,,,
ocd-division/country:gb/part:eng/ward:e05013826,Wandle,,,,
ocd-division/country:gb/part:eng/ward:e05013827,West Barnes,,,,
ocd-division/country:gb/part:eng/ward:e05013828,Wimbledon Park,,,,
ocd-division/country:gb/part:eng/ward:e05013829,Wimbledon Town & Dundonald,,,,
ocd-division/country:gb/part:eng/ward:e05013830,Garforth & Swillington,,,,
ocd-division/country:gb/part:eng/ward:e05013831,Temple Newsam,,,,
ocd-division/country:gb/part:eng/ward:e05013832,Bowerhill,,,,
ocd-division/country:gb/part:eng/ward:e05013833,Melksham East,,,,
ocd-division/country:gb/part:eng/ward:e05013834,Pewsey,,,,
ocd-division/country:gb/part:eng/ward:e05013835,Pewsey Vale West,,,,
ocd-division/country:gb/part:eng/ward:e05013836,St Austell Poltair & Mount Charles,,,,
ocd-division/country:gb/part:eng/ward:e05013837,Altarnun & Stoke Climsland,,,,
ocd-division/country:gb/part:eng/ward:e05013838,"Crowan, Sithney & Wendron",,,,
ocd-division/country:gb/part:eng/ward:e05013839,Falmouth Boslowick,,,,
ocd-division/country:gb/part:eng/ward:e05013840,Falmouth Trescobeas & Budock,,,,
ocd-division/country:gb/part:eng/ward:e05013841,Helston North,,,,
ocd-division/country:gb/part:eng/ward:e05013842,Illogan & Portreath,,,,
ocd-division/country:gb/part:eng/ward:e05013843,"Lanner, Stithians & Gwennap",,,,
ocd-division/country:gb/part:eng/ward:e05013844,Launceston North & North Petherwin,,,,
ocd-division/country:gb/part:eng/ward:e05013845,"Long Rock, Marazion & St Erth",,,,
ocd-division/country:gb/part:eng/ward:e05013846,Mevagissey & St Austell Bay,,,,
ocd-division/country:gb/part:eng/ward:e05013847,Newquay Trenance,,,,
ocd-division/country:gb/part:eng/ward:e05013848,Penryn,,,,
ocd-division/country:gb/part:eng/ward:e05013849,Perranporth,,,,
ocd-division/country:gb/part:eng/ward:e05013850,Probus & St Erme,,,,
ocd-division/country:gb/part:eng/ward:e05013851,"Redruth Central, Carharrack & St Day",,,,
ocd-division/country:gb/part:eng/ward:e05013852,St Agnes,,,,
ocd-division/country:gb/part:eng/ward:e05013853,St Austell Bethel & Holmbush,,,,
ocd-division/country:gb/part:eng/ward:e05013854,St Austell Central & Gover,,,,
ocd-division/country:gb/part:eng/ward:e05013855,St Columb Minor & Colan,,,,
ocd-division/country:gb/part:eng/ward:e05013856,St Dennis & St Enoder,,,,
ocd-division/country:gb/part:eng/ward:e05013857,"St Ives East, Lelant & Carbis Bay",,,,
ocd-division/country:gb/part:eng/ward:e05013858,St Ives West & Towednack,,,,
ocd-division/country:gb/part:eng/ward:e05013859,St Mewan & Grampound,,,,
ocd-division/country:gb/part:eng/ward:e05013860,"St Newlyn East, Cubert & Goonhavern",,,,
ocd-division/country:gb/part:eng/ward:e05013861,Threemilestone & Chacewater,,,,
ocd-division/country:gb/part:eng/ward:e05013862,Bothal,,,,
ocd-division/country:gb/part:eng/ward:e05013863,Pegswood,,,,
ocd-division/country:gb/part:eng/ward:e05013864,Abbey,,,,
ocd-division/country:gb/part:eng/ward:e05013865,Battle,,,,
ocd-division/country:gb/part:eng/ward:e05013866,Caversham,,,,
ocd-division/country:gb/part:eng/ward:e05013867,Caversham Heights,,,,
ocd-division/country:gb/part:eng/ward:e05013868,Church,,,,
ocd-division/country:gb/part:eng/ward:e05013869,Coley,,,,
ocd-division/country:gb/part:eng/ward:e05013870,Emmer Green,,,,
ocd-division/country:gb/part:eng/ward:e05013871,Katesgrove,,,,
ocd-division/country:gb/part:eng/ward:e05013872,Kentwood,,,,
ocd-division/country:gb/part:eng/ward:e05013873,Norcot,,,,
ocd-division/country:gb/part:eng/ward:e05013874,Park,,,,
ocd-division/country:gb/part:eng/ward:e05013875,Redlands,,,,
ocd-division/country:gb/part:eng/ward:e05013876,Southcote,,,,
ocd-division/country:gb/part:eng/ward:e05013877,Thames,,,,
ocd-division/country:gb/part:eng/ward:e05013878,Tilehurst,,,,
ocd-division/country:gb/part:eng/ward:e05013879,Whitley,,,,
ocd-division/country:gb/part:eng/ward:e05013880,Longstanton,,,,
ocd-division/country:gb/part:eng/ward:e05013881,Over & Willingham,,,,
ocd-division/country:gb/part:eng/ward:e05013882,Cann Hall,,,,
ocd-division/country:gb/part:eng/ward:e05013883,Cathall,,,,
ocd-division/country:gb/part:eng/ward:e05013884,Chapel End,,,,
ocd-division/country:gb/part:eng/ward:e05013885,Chingford Green,,,,
ocd-division/country:gb/part:eng/ward:e05013886,Endlebury,,,,
ocd-division/country:gb/part:eng/ward:e05013887,Forest,,,,
ocd-division/country:gb/part:eng/ward:e05013888,Grove Green,,,,
ocd-division/country:gb/part:eng/ward:e05013889,Hale End & Highams Park South,,,,
ocd-division/country:gb/part:eng/ward:e05013890,Hatch Lane & Highams Park North,,,,
ocd-division/country:gb/part:eng/ward:e05013891,High Street,,,,
ocd-division/country:gb/part:eng/ward:e05013892,Higham Hill,,,,
ocd-division/country:gb/part:eng/ward:e05013893,Hoe Street,,,,
ocd-division/country:gb/part:eng/ward:e05013894,Larkswood,,,,
ocd-division/country:gb/part:eng/ward:e05013895,Lea Bridge,,,,
ocd-division/country:gb/part:eng/ward:e05013896,Leyton,,,,
ocd-division/country:gb/part:eng/ward:e05013897,Leytonstone,,,,
ocd-division/country:gb/part:eng/ward:e05013898,Markhouse,,,,
ocd-division/country:gb/part:eng/ward:e05013899,St James,,,,
ocd-division/country:gb/part:eng/ward:e05013900,Upper Walthamstow,,,,
ocd-division/country:gb/part:eng/ward:e05013901,Valley,,,,
ocd-division/country:gb/part:eng/ward:e05013902,William Morris,,,,
ocd-division/country:gb/part:eng/ward:e05013903,Wood Street,,,,
ocd-division/country:gb/part:eng/ward:e05013904,Beckton,,,,
ocd-division/country:gb/part:eng/ward:e05013905,Boleyn,,,,
ocd-division/country:gb/part:eng/ward:e05013906,Canning Town North,,,,
ocd-division/country:gb/part:eng/ward:e05013907,Canning Town South,,,,
ocd-division/country:gb/part:eng/ward:e05013908,Custom House,,,,
ocd-division/country:gb/part:eng/ward:e05013909,East Ham,,,,
ocd-division/country:gb/part:eng/ward:e05013910,East Ham South,,,,
ocd-division/country:gb/part:eng/ward:e05013911,Forest Gate North,,,,
ocd-division/country:gb/part:eng/ward:e05013912,Forest Gate South,,,,
ocd-division/country:gb/part:eng/ward:e05013913,Green Street East,,,,
ocd-division/country:gb/part:eng/ward:e05013914,Green Street West,,,,
ocd-division/country:gb/part:eng/ward:e05013915,Little Ilford,,,,
ocd-division/country:gb/part:eng/ward:e05013916,Manor Park,,,,
ocd-division/country:gb/part:eng/ward:e05013917,Maryland,,,,
ocd-division/country:gb/part:eng/ward:e05013918,Plaistow North,,,,
ocd-division/country:gb/part:eng/ward:e05013919,Plaistow South,,,,
ocd-division/country:gb/part:eng/ward:e05013920,Plaistow West & Canning Town East,,,,
ocd-division/country:gb/part:eng/ward:e05013921,Plashet,,,,
ocd-division/country:gb/part:eng/ward:e05013922,Royal Albert,,,,
ocd-division/country:gb/part:eng/ward:e05013923,Royal Victoria,,,,
ocd-division/country:gb/part:eng/ward:e05013924,Stratford,,,,
ocd-division/country:gb/part:eng/ward:e05013925,Stratford Olympic Park,,,,
ocd-division/country:gb/part:eng/ward:e05013926,Wall End,,,,
ocd-division/country:gb/part:eng/ward:e05013927,West Ham,,,,
ocd-division/country:gb/part:eng/ward:e05013928,Alexandra,,,,
ocd-division/country:gb/part:eng/ward:e05013929,Berrylands,,,,
ocd-division/country:gb/part:eng/ward:e05013930,Canbury Gardens,,,,
ocd-division/country:gb/part:eng/ward:e05013931,Chessington South & Malden Rushett,,,,
ocd-division/country:gb/part:eng/ward:e05013932,Coombe Hill,,,,
ocd-division/country:gb/part:eng/ward:e05013933,Coombe Vale,,,,
ocd-division/country:gb/part:eng/ward:e05013934,Green Lane & St James,,,,
ocd-division/country:gb/part:eng/ward:e05013935,Hook & Chessington North,,,,
ocd-division/country:gb/part:eng/ward:e05013936,King George's & Sunray,,,,
ocd-division/country:gb/part:eng/ward:e05013937,Kingston Gate,,,,
ocd-division/country:gb/part:eng/ward:e05013938,Kingston Town,,,,
ocd-division/country:gb/part:eng/ward:e05013939,Motspur Park & Old Malden East,,,,
ocd-division/country:gb/part:eng/ward:e05013940,New Malden Village,,,,
ocd-division/country:gb/part:eng/ward:e05013941,Norbiton,,,,
ocd-division/country:gb/part:eng/ward:e05013942,Old Malden,,,,
ocd-division/country:gb/part:eng/ward:e05013943,St Mark's & Seething Wells,,,,
ocd-division/country:gb/part:eng/ward:e05013944,Surbiton Hill,,,,
ocd-division/country:gb/part:eng/ward:e05013945,Tolworth,,,,
ocd-division/country:gb/part:eng/ward:e05013946,Tudor,,,,
ocd-division/country:gb/part:eng/ward:e05013947,Batchwood,,,,
ocd-division/country:gb/part:eng/ward:e05013948,Bernards Heath,,,,
ocd-division/country:gb/part:eng/ward:e05013949,Clarence,,,,
ocd-division/country:gb/part:eng/ward:e05013950,Colney Heath,,,,
ocd-division/country:gb/part:eng/ward:e05013951,Cunningham,,,,
ocd-division/country:gb/part:eng/ward:e05013952,Harpenden East,,,,
ocd-division/country:gb/part:eng/ward:e05013953,Harpenden North & Rural,,,,
ocd-division/country:gb/part:eng/ward:e05013954,Harpenden South,,,,
ocd-division/country:gb/part:eng/ward:e05013955,Harpenden West,,,,
ocd-division/country:gb/part:eng/ward:e05013956,Hill End,,,,
ocd-division/country:gb/part:eng/ward:e05013957,London Colney,,,,
ocd-division/country:gb/part:eng/ward:e05013960,Park Street,,,,
ocd-division/country:gb/part:eng/ward:e05013961,Redbourn,,,,
ocd-division/country:gb/part:eng/ward:e05013962,Sandridge & Wheathampstead,,,,
ocd-division/country:gb/part:eng/ward:e05013963,Sopwell,,,,
ocd-division/country:gb/part:eng/ward:e05013964,St Peters,,,,
ocd-division/country:gb/part:eng/ward:e05013965,St Stephen,,,,
ocd-division/country:gb/part:eng/ward:e05013966,Verulam,,,,
ocd-division/country:gb/part:eng/ward:e05013967,Beam Park,,,,
ocd-division/country:gb/part:eng/ward:e05013968,Cranham,,,,
ocd-division/country:gb/part:eng/ward:e05013969,Elm Park,,,,
ocd-division/country:gb/part:eng/ward:e05013970,Emerson Park,,,,
ocd-division/country:gb/part:eng/ward:e05013971,Gooshays,,,,
ocd-division/country:gb/part:eng/ward:e05013972,Hacton,,,,
ocd-division/country:gb/part:eng/ward:e05013973,Harold Wood,,,,
ocd-division/country:gb/part:eng/ward:e05013974,Havering-atte-Bower,,,,
ocd-division/country:gb/part:eng/ward:e05013975,Heaton,,,,
ocd-division/country:gb/part:eng/ward:e05013976,Hylands & Harrow Lodge,,,,
ocd-division/country:gb/part:eng/ward:e05013977,Marshalls & Rise Park,,,,
ocd-division/country:gb/part:eng/ward:e05013978,Mawneys,,,,
ocd-division/country:gb/part:eng/ward:e05013979,Rainham & Wennington,,,,
ocd-division/country:gb/part:eng/ward:e05013980,Rush Green & Crowlands,,,,
ocd-division/country:gb/part:eng/ward:e05013981,St Alban's,,,,
ocd-division/country:gb/part:eng/ward:e05013982,St Andrew's,,,,
ocd-division/country:gb/part:eng/ward:e05013983,St Edward's,,,,
ocd-division/country:gb/part:eng/ward:e05013984,South Hornchurch,,,,
ocd-division/country:gb/part:eng/ward:e05013985,Squirrels Heath,,,,
ocd-division/country:gb/part:eng/ward:e05013986,Upminster,,,,
ocd-division/country:gb/part:eng/ward:e05013987,Beckenham Town & Copers Cope,,,,
ocd-division/country:gb/part:eng/ward:e05013988,Bickley & Sundridge,,,,
ocd-division/country:gb/part:eng/ward:e05013989,Biggin Hill,,,,
ocd-division/country:gb/part:eng/ward:e05013990,Bromley Common & Holwood,,,,
ocd-division/country:gb/part:eng/ward:e05013991,Bromley Town,,,,
ocd-division/country:gb/part:eng/ward:e05013992,Chelsfield,,,,
ocd-division/country:gb/part:eng/ward:e05013993,Chislehurst,,,,
ocd-division/country:gb/part:eng/ward:e05013994,Clock House,,,,
ocd-division/country:gb/part:eng/ward:e05013995,Crystal Palace & Anerley,,,,
ocd-division/country:gb/part:eng/ward:e05013996,Darwin,,,,
ocd-division/country:gb/part:eng/ward:e05013997,Farnborough & Crofton,,,,
ocd-division/country:gb/part:eng/ward:e05013998,Hayes & Coney Hall,,,,
ocd-division/country:gb/part:eng/ward:e05013999,Kelsey & Eden Park,,,,
ocd-division/country:gb/part:eng/ward:e05014000,Mottingham,,,,
ocd-division/country:gb/part:eng/ward:e05014001,Orpington,,,,
ocd-division/country:gb/part:eng/ward:e05014002,Penge & Cator,,,,
ocd-division/country:gb/part:eng/ward:e05014003,Petts Wood & Knoll,,,,
ocd-division/country:gb/part:eng/ward:e05014004,Plaistow,,,,
ocd-division/country:gb/part:eng/ward:e05014005,Shortlands & Park Langley,,,,
ocd-division/country:gb/part:eng/ward:e05014006,St Mary Cray,,,,
ocd-division/country:gb/part:eng/ward:e05014007,St Paul's Cray,,,,
ocd-division/country:gb/part:eng/ward:e05014008,West Wickham,,,,
ocd-division/country:gb/part:eng/ward:e05014009,Balham,,,,
ocd-division/country:gb/part:eng/ward:e05014010,Battersea Park,,,,
ocd-division/country:gb/part:eng/ward:e05014011,East Putney,,,,
ocd-division/country:gb/part:eng/ward:e05014012,Falconbrook,,,,
ocd-division/country:gb/part:eng/ward:e05014013,Furzedown,,,,
ocd-division/country:gb/part:eng/ward:e05014014,Lavender,,,,
ocd-division/country:gb/part:eng/ward:e05014015,Nine Elms,,,,
ocd-division/country:gb/part:eng/ward:e05014016,Northcote,,,,
ocd-division/country:gb/part:eng/ward:e05014017,Roehampton,,,,
ocd-division/country:gb/part:eng/ward:e05014018,St Mary's,,,,
ocd-division/country:gb/part:eng/ward:e05014019,Shaftesbury & Queenstown,,,,
ocd-division/country:gb/part:eng/ward:e05014020,South Balham,,,,
ocd-division/country:gb/part:eng/ward:e05014021,Southfields,,,,
ocd-division/country:gb/part:eng/ward:e05014022,Thamesfield,,,,
ocd-division/country:gb/part:eng/ward:e05014023,Tooting Bec,,,,
ocd-division/country:gb/part:eng/ward:e05014024,Tooting Broadway,,,,
ocd-division/country:gb/part:eng/ward:e05014025,Trinity,,,,
ocd-division/country:gb/part:eng/ward:e05014026,Wandle,,,,
ocd-division/country:gb/part:eng/ward:e05014027,Wandsworth Common,,,,
ocd-division/country:gb/part:eng/ward:e05014028,Wandsworth Town,,,,
ocd-division/country:gb/part:eng/ward:e05014029,West Hill,,,,
ocd-division/country:gb/part:eng/ward:e05014030,West Putney,,,,
ocd-division/country:gb/part:eng/ward:e05014031,Cambourne,,,,
ocd-division/country:gb/part:eng/ward:e05014032,Caxton & Papworth,,,,
ocd-division/country:gb/part:eng/ward:e05014033,Balderstone & Kirkholt,,,,
ocd-division/country:gb/part:eng/ward:e05014034,Bamford,,,,
ocd-division/country:gb/part:eng/ward:e05014035,Castleton,,,,
ocd-division/country:gb/part:eng/ward:e05014036,Central Rochdale,,,,
ocd-division/country:gb/part:eng/ward:e05014037,East Middleton,,,,
ocd-division/country:gb/part:eng/ward:e05014038,Healey,,,,
ocd-division/country:gb/part:eng/ward:e05014039,Hopwood Hall,,,,
ocd-division/country:gb/part:eng/ward:e05014040,Kingsway,,,,
ocd-division/country:gb/part:eng/ward:e05014041,Littleborough Lakeside,,,,
ocd-division/country:gb/part:eng/ward:e05014042,Milkstone & Deeplish,,,,
ocd-division/country:gb/part:eng/ward:e05014043,Milnrow & Newhey,,,,
ocd-division/country:gb/part:eng/ward:e05014044,Norden,,,,
ocd-division/country:gb/part:eng/ward:e05014045,North Heywood,,,,
ocd-division/country:gb/part:eng/ward:e05014046,North Middleton,,,,
ocd-division/country:gb/part:eng/ward:e05014047,Smallbridge & Firgrove,,,,
ocd-division/country:gb/part:eng/ward:e05014048,South Middleton,,,,
ocd-division/country:gb/part:eng/ward:e05014049,Spotland & Falinge,,,,
ocd-division/country:gb/part:eng/ward:e05014050,"Wardle, Shore & West Littleborough",,,,
ocd-division/country:gb/part:eng/ward:e05014051,West Heywood,,,,
ocd-division/country:gb/part:eng/ward:e05014052,West Middleton,,,,
ocd-division/country:gb/part:eng/ward:e05014053,Abbey,,,,
ocd-division/country:gb/part:eng/ward:e05014054,Alibon,,,,
ocd-division/country:gb/part:eng/ward:e05014055,Barking Riverside,,,,
ocd-division/country:gb/part:eng/ward:e05014056,Beam,,,,
ocd-division/country:gb/part:eng/ward:e05014057,Becontree,,,,
ocd-division/country:gb/part:eng/ward:e05014058,Chadwell Heath,,,,
ocd-division/country:gb/part:eng/ward:e05014059,Eastbrook & Rush Green,,,,
ocd-division/country:gb/part:eng/ward:e05014060,Eastbury,,,,
ocd-division/country:gb/part:eng/ward:e05014061,Gascoigne,,,,
ocd-division/country:gb/part:eng/ward:e05014062,Goresbrook,,,,
ocd-division/country:gb/part:eng/ward:e05014063,Heath,,,,
ocd-division/country:gb/part:eng/ward:e05014064,Longbridge,,,,
ocd-division/country:gb/part:eng/ward:e05014065,Mayesbrook,,,,
ocd-division/country:gb/part:eng/ward:e05014066,Northbury,,,,
ocd-division/country:gb/part:eng/ward:e05014067,Parsloes,,,,
ocd-division/country:gb/part:eng/ward:e05014068,Thames View,,,,
ocd-division/country:gb/part:eng/ward:e05014069,Valence,,,,
ocd-division/country:gb/part:eng/ward:e05014070,Village,,,,
ocd-division/country:gb/part:eng/ward:e05014071,Whalebone,,,,
ocd-division/country:gb/part:eng/ward:e05014072,Abbey Wood,,,,
ocd-division/country:gb/part:eng/ward:e05014073,Blackheath Westcombe,,,,
ocd-division/country:gb/part:eng/ward:e05014074,Charlton Hornfair,,,,
ocd-division/country:gb/part:eng/ward:e05014075,Charlton Village & Riverside,,,,
ocd-division/country:gb/part:eng/ward:e05014076,East Greenwich,,,,
ocd-division/country:gb/part:eng/ward:e05014077,Eltham Page,,,,
ocd-division/country:gb/part:eng/ward:e05014078,Eltham Park & Progress,,,,
ocd-division/country:gb/part:eng/ward:e05014079,Eltham Town & Avery Hill,,,,
ocd-division/country:gb/part:eng/ward:e05014080,Greenwich Creekside,,,,
ocd-division/country:gb/part:eng/ward:e05014081,Greenwich Park,,,,
ocd-division/country:gb/part:eng/ward:e05014082,Greenwich Peninsula,,,,
ocd-division/country:gb/part:eng/ward:e05014083,Kidbrooke Park,,,,
ocd-division/country:gb/part:eng/ward:e05014084,Kidbrooke Village & Sutcliffe,,,,
ocd-division/country:gb/part:eng/ward:e05014085,Middle Park & Horn Park,,,,
ocd-division/country:gb/part:eng/ward:e05014086,"Mottingham, Coldharbour & New Eltham",,,,
ocd-division/country:gb/part:eng/ward:e05014087,Plumstead & Glyndon,,,,
ocd-division/country:gb/part:eng/ward:e05014088,Plumstead Common,,,,
ocd-division/country:gb/part:eng/ward:e05014089,Shooters Hill,,,,
ocd-division/country:gb/part:eng/ward:e05014090,Thamesmead Moorings,,,,
ocd-division/country:gb/part:eng/ward:e05014091,West Thamesmead,,,,
ocd-division/country:gb/part:eng/ward:e05014092,Woolwich Arsenal,,,,
ocd-division/country:gb/part:eng/ward:e05014093,Woolwich Common,,,,
ocd-division/country:gb/part:eng/ward:e05014094,Woolwich Dockyard,,,,
ocd-division/country:gb/part:eng/ward:e05014095,Brixton Acre Lane,,,,
ocd-division/country:gb/part:eng/ward:e05014096,Brixton North,,,,
ocd-division/country:gb/part:eng/ward:e05014097,Brixton Rush Common,,,,
ocd-division/country:gb/part:eng/ward:e05014098,Brixton Windrush,,,,
ocd-division/country:gb/part:eng/ward:e05014099,Clapham Common & Abbeville,,,,
ocd-division/country:gb/part:eng/ward:e05014100,Clapham East,,,,
ocd-division/country:gb/part:eng/ward:e05014101,Clapham Park,,,,
ocd-division/country:gb/part:eng/ward:e05014102,Clapham Town,,,,
ocd-division/country:gb/part:eng/ward:e05014103,Gipsy Hill,,,,
ocd-division/country:gb/part:eng/ward:e05014104,Herne Hill & Loughborough Junction,,,,
ocd-division/country:gb/part:eng/ward:e05014105,Kennington,,,,
ocd-division/country:gb/part:eng/ward:e05014106,Knight's Hill,,,,
ocd-division/country:gb/part:eng/ward:e05014107,Myatt's Fields,,,,
ocd-division/country:gb/part:eng/ward:e05014108,Oval,,,,
ocd-division/country:gb/part:eng/ward:e05014109,St Martin's,,,,
ocd-division/country:gb/part:eng/ward:e05014110,Stockwell East,,,,
ocd-division/country:gb/part:eng/ward:e05014111,Stockwell West & Larkhall,,,,
ocd-division/country:gb/part:eng/ward:e05014112,Streatham Common & Vale,,,,
ocd-division/country:gb/part:eng/ward:e05014113,Streatham Hill East,,,,
ocd-division/country:gb/part:eng/ward:e05014114,Streatham Hill West & Thornton,,,,
ocd-division/country:gb/part:eng/ward:e05014115,Streatham St Leonard's,,,,
ocd-division/country:gb/part:eng/ward:e05014116,Streatham Wells,,,,
ocd-division/country:gb/part:eng/ward:e05014117,Vauxhall,,,,
ocd-division/country:gb/part:eng/ward:e05014118,Waterloo & South Bank,,,,
ocd-division/country:gb/part:eng/ward:e05014119,West Dulwich,,,,
ocd-division/country:gb/part:eng/ward:e05014120,Billinge & Seneley Green,,,,
ocd-division/country:gb/part:eng/ward:e05014121,Blackbrook,,,,
ocd-division/country:gb/part:eng/ward:e05014122,Bold & Lea Green,,,,
ocd-division/country:gb/part:eng/ward:e05014123,Eccleston,,,,
ocd-division/country:gb/part:eng/ward:e05014124,Haydock,,,,
ocd-division/country:gb/part:eng/ward:e05014125,Moss Bank,,,,
ocd-division/country:gb/part:eng/ward:e05014126,Newton-le-Willows East,,,,
ocd-division/country:gb/part:eng/ward:e05014127,Newton-le-Willows West,,,,
ocd-division/country:gb/part:eng/ward:e05014128,Parr,,,,
ocd-division/country:gb/part:eng/ward:e05014129,Peasley Cross & Fingerpost,,,,
ocd-division/country:gb/part:eng/ward:e05014130,Rainford,,,,
ocd-division/country:gb/part:eng/ward:e05014131,Rainhill,,,,
ocd-division/country:gb/part:eng/ward:e05014132,St Helens Town Centre,,,,
ocd-division/country:gb/part:eng/ward:e05014133,Sutton North West,,,,
ocd-division/country:gb/part:eng/ward:e05014134,Sutton South East,,,,
ocd-division/country:gb/part:eng/ward:e05014135,Thatto Heath,,,,
ocd-division/country:gb/part:eng/ward:e05014136,West Park,,,,
ocd-division/country:gb/part:eng/ward:e05014137,Windle,,,,
ocd-division/country:gb/part:eng/ward:e05014138,Alverstoke,,,,
ocd-division/country:gb/part:eng/ward:e05014139,Anglesey,,,,
ocd-division/country:gb/part:eng/ward:e05014140,Bridgemary,,,,
ocd-division/country:gb/part:eng/ward:e05014141,Brockhurst & Privett,,,,
ocd-division/country:gb/part:eng/ward:e05014142,Elson,,,,
ocd-division/country:gb/part:eng/ward:e05014143,Forton,,,,
ocd-division/country:gb/part:eng/ward:e05014144,Grange & Alver Valley,,,,
ocd-division/country:gb/part:eng/ward:e05014145,Harbourside & Town,,,,
ocd-division/country:gb/part:eng/ward:e05014146,Hardway,,,,
ocd-division/country:gb/part:eng/ward:e05014147,Lee East,,,,
ocd-division/country:gb/part:eng/ward:e05014148,Lee West,,,,
ocd-division/country:gb/part:eng/ward:e05014149,Leesland & Newtown,,,,
ocd-division/country:gb/part:eng/ward:e05014150,Peel Common,,,,
ocd-division/country:gb/part:eng/ward:e05014151,Rowner & Holbrook,,,,
ocd-division/country:gb/part:eng/ward:e05014152,Besses,,,,
ocd-division/country:gb/part:eng/ward:e05014153,Bury East,,,,
ocd-division/country:gb/part:eng/ward:e05014154,Bury West,,,,
ocd-division/country:gb/part:eng/ward:e05014155,Elton,,,,
ocd-division/country:gb/part:eng/ward:e05014156,Holyrood,,,,
ocd-division/country:gb/part:eng/ward:e05014157,Moorside,,,,
ocd-division/country:gb/part:eng/ward:e05014158,North Manor,,,,
ocd-division/country:gb/part:eng/ward:e05014159,Pilkington Park,,,,
ocd-division/country:gb/part:eng/ward:e05014160,Radcliffe East,,,,
ocd-division/country:gb/part:eng/ward:e05014161,Radcliffe North & Ainsworth,,,,
ocd-division/country:gb/part:eng/ward:e05014162,Radcliffe West,,,,
ocd-division/country:gb/part:eng/ward:e05014163,Ramsbottom,,,,
ocd-division/country:gb/part:eng/ward:e05014164,Redvales,,,,
ocd-division/country:gb/part:eng/ward:e05014165,Sedgley,,,,
ocd-division/country:gb/part:eng/ward:e05014166,St. Mary's,,,,
ocd-division/country:gb/part:eng/ward:e05014167,Tottington,,,,
ocd-division/country:gb/part:eng/ward:e05014168,Unsworth,,,,
ocd-division/country:gb/part:eng/ward:e05014169,Duxford,,,,
ocd-division/country:gb/part:eng/ward:e05014170,Sawston,,,,
ocd-division/country:gb/part:eng/ward:e05014171,Aspatria,,,,
ocd-division/country:gb/part:eng/ward:e05014172,Belah,,,,
ocd-division/country:gb/part:eng/ward:e05014173,Belle Vue,,,,
ocd-division/country:gb/part:eng/ward:e05014174,Botcherby,,,,
ocd-division/country:gb/part:eng/ward:e05014175,Bothel and Wharrels,,,,
ocd-division/country:gb/part:eng/ward:e05014176,Brampton,,,,
ocd-division/country:gb/part:eng/ward:e05014177,Bransty,,,,
ocd-division/country:gb/part:eng/ward:e05014178,Castle,,,,
ocd-division/country:gb/part:eng/ward:e05014179,Cleator Moor East and Frizington,,,,
ocd-division/country:gb/part:eng/ward:e05014180,Cleator Moor West,,,,
ocd-division/country:gb/part:eng/ward:e05014181,Cockermouth North,,,,
ocd-division/country:gb/part:eng/ward:e05014182,Cockermouth South,,,,
ocd-division/country:gb/part:eng/ward:e05014183,Corby and Hayton,,,,
ocd-division/country:gb/part:eng/ward:e05014184,Currock,,,,
ocd-division/country:gb/part:eng/ward:e05014185,Dalston and Burgh,,,,
ocd-division/country:gb/part:eng/ward:e05014186,Dearham and Broughton,,,,
ocd-division/country:gb/part:eng/ward:e05014187,Denton Holme,,,,
ocd-division/country:gb/part:eng/ward:e05014188,Egremont,,,,
ocd-division/country:gb/part:eng/ward:e05014189,Egremont North and St Bees,,,,
ocd-division/country:gb/part:eng/ward:e05014190,Gosforth,,,,
ocd-division/country:gb/part:eng/ward:e05014191,Harraby North,,,,
ocd-division/country:gb/part:eng/ward:e05014192,Harraby South,,,,
ocd-division/country:gb/part:eng/ward:e05014193,Harrington,,,,
ocd-division/country:gb/part:eng/ward:e05014194,Hillcrest and Hensingham,,,,
ocd-division/country:gb/part:eng/ward:e05014195,Houghton and Irthington,,,,
ocd-division/country:gb/part:eng/ward:e05014196,Howgate,,,,
ocd-division/country:gb/part:eng/ward:e05014197,Kells and Sandwith,,,,
ocd-division/country:gb/part:eng/ward:e05014198,Keswick,,,,
ocd-division/country:gb/part:eng/ward:e05014199,Longtown,,,,
ocd-division/country:gb/part:eng/ward:e05014200,Maryport North,,,,
ocd-division/country:gb/part:eng/ward:e05014201,Maryport South,,,,
ocd-division/country:gb/part:eng/ward:e05014202,Millom,,,,
ocd-division/country:gb/part:eng/ward:e05014203,Millom Without,,,,
ocd-division/country:gb/part:eng/ward:e05014204,Mirehouse,,,,
ocd-division/country:gb/part:eng/ward:e05014205,Morton,,,,
ocd-division/country:gb/part:eng/ward:e05014206,Moss Bay and Moorclose,,,,
ocd-division/country:gb/part:eng/ward:e05014207,St John's and Great Clifton,,,,
ocd-division/country:gb/part:eng/ward:e05014208,St Michael's,,,,
ocd-division/country:gb/part:eng/ward:e05014209,Seaton,,,,
ocd-division/country:gb/part:eng/ward:e05014210,Solway Coast,,,,
ocd-division/country:gb/part:eng/ward:e05014211,Stanwix Urban,,,,
ocd-division/country:gb/part:eng/ward:e05014212,Thursby,,,,
ocd-division/country:gb/part:eng/ward:e05014213,Upperby,,,,
ocd-division/country:gb/part:eng/ward:e05014214,Wetheral,,,,
ocd-division/country:gb/part:eng/ward:e05014215,Wigton,,,,
ocd-division/country:gb/part:eng/ward:e05014216,Yewdale,,,,
ocd-division/country:gb/part:eng/ward:e05014217,Alston and Fellside,,,,
ocd-division/country:gb/part:eng/ward:e05014218,Appleby and Brough,,,,
ocd-division/country:gb/part:eng/ward:e05014219,Bowness and Lyth,,,,
ocd-division/country:gb/part:eng/ward:e05014220,Burton and Holme,,,,
ocd-division/country:gb/part:eng/ward:e05014221,Coniston and Hawkshead,,,,
ocd-division/country:gb/part:eng/ward:e05014222,Dalton North,,,,
ocd-division/country:gb/part:eng/ward:e05014223,Dalton South,,,,
ocd-division/country:gb/part:eng/ward:e05014224,Eamont and Shap,,,,
ocd-division/country:gb/part:eng/ward:e05014225,Eden and Lyvennet Vale,,,,
ocd-division/country:gb/part:eng/ward:e05014226,Grange and Cartmel,,,,
ocd-division/country:gb/part:eng/ward:e05014227,Greystoke and Ullswater,,,,
ocd-division/country:gb/part:eng/ward:e05014228,Hawcoat and Newbarns,,,,
ocd-division/country:gb/part:eng/ward:e05014229,Hesket and Lazonby,,,,
ocd-division/country:gb/part:eng/ward:e05014230,High Furness,,,,
ocd-division/country:gb/part:eng/ward:e05014231,Kendal Castle,,,,
ocd-division/country:gb/part:eng/ward:e05014232,Kendal Highgate,,,,
ocd-division/country:gb/part:eng/ward:e05014233,Kendal Nether,,,,
ocd-division/country:gb/part:eng/ward:e05014234,Kendal South,,,,
ocd-division/country:gb/part:eng/ward:e05014235,Kendal Strickland and Fell,,,,
ocd-division/country:gb/part:eng/ward:e05014236,Kent Estuary,,,,
ocd-division/country:gb/part:eng/ward:e05014237,Kirkby Stephen and Tebay,,,,
ocd-division/country:gb/part:eng/ward:e05014238,Levens and Crooklands,,,,
ocd-division/country:gb/part:eng/ward:e05014239,Low Furness,,,,
ocd-division/country:gb/part:eng/ward:e05014240,Old Barrow and Hindpool,,,,
ocd-division/country:gb/part:eng/ward:e05014241,Ormsgill and Parkside,,,,
ocd-division/country:gb/part:eng/ward:e05014242,Penrith North,,,,
ocd-division/country:gb/part:eng/ward:e05014243,Penrith South,,,,
ocd-division/country:gb/part:eng/ward:e05014244,Risedale and Roosecote,,,,
ocd-division/country:gb/part:eng/ward:e05014245,Sedbergh and Kirkby Lonsdale,,,,
ocd-division/country:gb/part:eng/ward:e05014246,Ulverston,,,,
ocd-division/country:gb/part:eng/ward:e05014247,Upper Kent,,,,
ocd-division/country:gb/part:eng/ward:e05014248,Walney Island,,,,
ocd-division/country:gb/part:eng/ward:e05014249,Windermere and Ambleside,,,,
ocd-division/country:gb/part:eng/ward:e05014250,Aire Valley,,,,
ocd-division/country:gb/part:eng/ward:e05014251,Aiskew & Leeming,,,,
ocd-division/country:gb/part:eng/ward:e05014252,Amotherby & Ampleforth,,,,
ocd-division/country:gb/part:eng/ward:e05014253,Appleton Roebuck & Church Fenton,,,,
ocd-division/country:gb/part:eng/ward:e05014254,Barlby & Riccall,,,,
ocd-division/country:gb/part:eng/ward:e05014255,Bedale,,,,
ocd-division/country:gb/part:eng/ward:e05014256,Bentham & Ingleton,,,,
ocd-division/country:gb/part:eng/ward:e05014257,Bilton Grange & New Park,,,,
ocd-division/country:gb/part:eng/ward:e05014258,Bilton & Nidd Gorge,,,,
ocd-division/country:gb/part:eng/ward:e05014259,Boroughbridge & Claro,,,,
ocd-division/country:gb/part:eng/ward:e05014260,Brayton & Barlow,,,,
ocd-division/country:gb/part:eng/ward:e05014261,Camblesforth & Carlton,,,,
ocd-division/country:gb/part:eng/ward:e05014262,Castle,,,,
ocd-division/country:gb/part:eng/ward:e05014263,Catterick Village & Brompton-on-Swale,,,,
ocd-division/country:gb/part:eng/ward:e05014264,Cawood & Escrick,,,,
ocd-division/country:gb/part:eng/ward:e05014265,Cayton,,,,
ocd-division/country:gb/part:eng/ward:e05014266,Cliffe & North Duffield,,,,
ocd-division/country:gb/part:eng/ward:e05014267,Coppice Valley & Duchy,,,,
ocd-division/country:gb/part:eng/ward:e05014268,Danby & Mulgrave,,,,
ocd-division/country:gb/part:eng/ward:e05014269,Derwent Valley & Moor,,,,
ocd-division/country:gb/part:eng/ward:e05014270,Easingwold,,,,
ocd-division/country:gb/part:eng/ward:e05014271,Eastfield,,,,
ocd-division/country:gb/part:eng/ward:e05014272,Esk Valley & Coast,,,,
ocd-division/country:gb/part:eng/ward:e05014273,Fairfax & Starbeck,,,,
ocd-division/country:gb/part:eng/ward:e05014274,Falsgrave & Stepney,,,,
ocd-division/country:gb/part:eng/ward:e05014275,Filey,,,,
ocd-division/country:gb/part:eng/ward:e05014276,Great Ayton,,,,
ocd-division/country:gb/part:eng/ward:e05014277,"Glusburn, Cross Hills & Sutton-in-Craven",,,,
ocd-division/country:gb/part:eng/ward:e05014278,Harlow & St. Georges,,,,
ocd-division/country:gb/part:eng/ward:e05014279,High Harrogate & Kingsley,,,,
ocd-division/country:gb/part:eng/ward:e05014280,Hipswell & Colburn,,,,
ocd-division/country:gb/part:eng/ward:e05014281,Helmsley & Sinnington,,,,
ocd-division/country:gb/part:eng/ward:e05014282,Hillside & Raskelf,,,,
ocd-division/country:gb/part:eng/ward:e05014283,Huby & Tollerton,,,,
ocd-division/country:gb/part:eng/ward:e05014284,Hunmanby & Sherburn,,,,
ocd-division/country:gb/part:eng/ward:e05014285,Hutton Rudby & Osmotherley,,,,
ocd-division/country:gb/part:eng/ward:e05014286,"Killinghall, Hampsthwaite & Saltergate",,,,
ocd-division/country:gb/part:eng/ward:e05014287,Kirkbymoorside & Dales,,,,
ocd-division/country:gb/part:eng/ward:e05014288,Knaresborough East,,,,
ocd-division/country:gb/part:eng/ward:e05014289,Knaresborough West,,,,
ocd-division/country:gb/part:eng/ward:e05014290,Leyburn & Middleham,,,,
ocd-division/country:gb/part:eng/ward:e05014291,Malton,,,,
ocd-division/country:gb/part:eng/ward:e05014292,Masham & Fountains,,,,
ocd-division/country:gb/part:eng/ward:e05014293,Monk Fryston & South Milford,,,,
ocd-division/country:gb/part:eng/ward:e05014294,Mid Craven,,,,
ocd-division/country:gb/part:eng/ward:e05014295,Morton-on-Swale & Appleton Wiske,,,,
ocd-division/country:gb/part:eng/ward:e05014296,Newby,,,,
ocd-division/country:gb/part:eng/ward:e05014297,North Richmondshire,,,,
ocd-division/country:gb/part:eng/ward:e05014298,Northallerton North & Brompton,,,,
ocd-division/country:gb/part:eng/ward:e05014299,Northallerton South,,,,
ocd-division/country:gb/part:eng/ward:e05014300,Norton,,,,
ocd-division/country:gb/part:eng/ward:e05014301,Northstead,,,,
ocd-division/country:gb/part:eng/ward:e05014302,Oatlands & Pannal,,,,
ocd-division/country:gb/part:eng/ward:e05014303,Osgoldcross,,,,
ocd-division/country:gb/part:eng/ward:e05014304,Ouseburn,,,,
ocd-division/country:gb/part:eng/ward:e05014305,Pateley Bridge & Nidderdale,,,,
ocd-division/country:gb/part:eng/ward:e05014306,Pickering,,,,
ocd-division/country:gb/part:eng/ward:e05014307,Richmond,,,,
ocd-division/country:gb/part:eng/ward:e05014308,Ripon Minster & Moorside,,,,
ocd-division/country:gb/part:eng/ward:e05014309,Ripon Ure Bank & Spa,,,,
ocd-division/country:gb/part:eng/ward:e05014310,Romanby,,,,
ocd-division/country:gb/part:eng/ward:e05014311,Scalby & the Coast,,,,
ocd-division/country:gb/part:eng/ward:e05014312,Scotton & Lower Wensleydale,,,,
ocd-division/country:gb/part:eng/ward:e05014313,Seamer,,,,
ocd-division/country:gb/part:eng/ward:e05014314,Selby East,,,,
ocd-division/country:gb/part:eng/ward:e05014315,Selby West,,,,
ocd-division/country:gb/part:eng/ward:e05014316,Settle & Penyghent,,,,
ocd-division/country:gb/part:eng/ward:e05014317,Sherburn in Elmet,,,,
ocd-division/country:gb/part:eng/ward:e05014318,Sheriff Hutton & Derwent,,,,
ocd-division/country:gb/part:eng/ward:e05014319,Skipton East & South,,,,
ocd-division/country:gb/part:eng/ward:e05014320,Skipton North & Embsay-with-Eastby,,,,
ocd-division/country:gb/part:eng/ward:e05014321,Skipton West & West Craven,,,,
ocd-division/country:gb/part:eng/ward:e05014322,Sowerby & Topcliffe,,,,
ocd-division/country:gb/part:eng/ward:e05014323,Spofforth with Lower Wharfedale & Tockwith,,,,
ocd-division/country:gb/part:eng/ward:e05014324,"Stray, Woodlands & Hookstone",,,,
ocd-division/country:gb/part:eng/ward:e05014325,Stokesley,,,,
ocd-division/country:gb/part:eng/ward:e05014326,Tadcaster,,,,
ocd-division/country:gb/part:eng/ward:e05014327,Thirsk,,,,
ocd-division/country:gb/part:eng/ward:e05014328,Thornton Dale & Wolds,,,,
ocd-division/country:gb/part:eng/ward:e05014329,Thorpe Willoughby & Hambleton,,,,
ocd-division/country:gb/part:eng/ward:e05014330,Upper Dales,,,,
ocd-division/country:gb/part:eng/ward:e05014331,Valley Gardens & Central Harrogate,,,,
ocd-division/country:gb/part:eng/ward:e05014332,Washburn & Birstwith,,,,
ocd-division/country:gb/part:eng/ward:e05014333,Wathvale & Bishop Monkton,,,,
ocd-division/country:gb/part:eng/ward:e05014334,Weaponness & Ramshill,,,,
ocd-division/country:gb/part:eng/ward:e05014335,Wharfedale,,,,
ocd-division/country:gb/part:eng/ward:e05014336,Whitby Streonshalh,,,,
ocd-division/country:gb/part:eng/ward:e05014337,Whitby West,,,,
ocd-division/country:gb/part:eng/ward:e05014338,Woodlands,,,,
ocd-division/country:gb/part:eng/ward:e05014339,Bishop's Hull & Taunton West,,,,
ocd-division/country:gb/part:eng/ward:e05014340,Blackdown & Neroche,,,,
ocd-division/country:gb/part:eng/ward:e05014341,Blackmoor Vale,,,,
ocd-division/country:gb/part:eng/ward:e05014342,Brent,,,,
ocd-division/country:gb/part:eng/ward:e05014343,Bridgwater East & Bawdrip,,,,
ocd-division/country:gb/part:eng/ward:e05014344,Bridgwater North & Central,,,,
ocd-division/country:gb/part:eng/ward:e05014345,Bridgwater South,,,,
ocd-division/country:gb/part:eng/ward:e05014346,Bridgwater West,,,,
ocd-division/country:gb/part:eng/ward:e05014347,Brympton,,,,
ocd-division/country:gb/part:eng/ward:e05014348,Burnham on Sea North,,,,
ocd-division/country:gb/part:eng/ward:e05014349,Cannington,,,,
ocd-division/country:gb/part:eng/ward:e05014350,Castle Cary,,,,
ocd-division/country:gb/part:eng/ward:e05014351,Chard North,,,,
ocd-division/country:gb/part:eng/ward:e05014352,Chard South,,,,
ocd-division/country:gb/part:eng/ward:e05014353,Cheddar,,,,
ocd-division/country:gb/part:eng/ward:e05014354,Coker,,,,
ocd-division/country:gb/part:eng/ward:e05014355,Comeytrowe & Trull,,,,
ocd-division/country:gb/part:eng/ward:e05014356,Crewkerne,,,,
ocd-division/country:gb/part:eng/ward:e05014357,Curry Rivel & Langport,,,,
ocd-division/country:gb/part:eng/ward:e05014358,Dulverton & Exmoor,,,,
ocd-division/country:gb/part:eng/ward:e05014359,Dunster,,,,
ocd-division/country:gb/part:eng/ward:e05014360,Frome East,,,,
ocd-division/country:gb/part:eng/ward:e05014361,Frome North,,,,
ocd-division/country:gb/part:eng/ward:e05014362,Frome West,,,,
ocd-division/country:gb/part:eng/ward:e05014363,Glastonbury,,,,
ocd-division/country:gb/part:eng/ward:e05014364,Highbridge & Burnham South,,,,
ocd-division/country:gb/part:eng/ward:e05014365,Huntspill,,,,
ocd-division/country:gb/part:eng/ward:e05014366,Ilminster,,,,
ocd-division/country:gb/part:eng/ward:e05014367,King Alfred,,,,
ocd-division/country:gb/part:eng/ward:e05014368,Lydeard,,,,
ocd-division/country:gb/part:eng/ward:e05014369,Martock,,,,
ocd-division/country:gb/part:eng/ward:e05014370,Mendip Central and East,,,,
ocd-division/country:gb/part:eng/ward:e05014371,Mendip Hills,,,,
ocd-division/country:gb/part:eng/ward:e05014372,Mendip South,,,,
ocd-division/country:gb/part:eng/ward:e05014373,Mendip West,,,,
ocd-division/country:gb/part:eng/ward:e05014374,Minehead,,,,
ocd-division/country:gb/part:eng/ward:e05014375,Monkton & North Curry,,,,
ocd-division/country:gb/part:eng/ward:e05014376,North Petherton,,,,
ocd-division/country:gb/part:eng/ward:e05014377,Rowbarton & Staplegrove,,,,
ocd-division/country:gb/part:eng/ward:e05014378,Shepton Mallet,,,,
ocd-division/country:gb/part:eng/ward:e05014379,Somerton,,,,
ocd-division/country:gb/part:eng/ward:e05014380,South Petherton & Islemoor,,,,
ocd-division/country:gb/part:eng/ward:e05014381,Street,,,,
ocd-division/country:gb/part:eng/ward:e05014382,Taunton East,,,,
ocd-division/country:gb/part:eng/ward:e05014383,Taunton North,,,,
ocd-division/country:gb/part:eng/ward:e05014384,Taunton South,,,,
ocd-division/country:gb/part:eng/ward:e05014385,Upper Tone,,,,
ocd-division/country:gb/part:eng/ward:e05014386,Watchet & Stogursey,,,,
ocd-division/country:gb/part:eng/ward:e05014387,Wellington,,,,
ocd-division/country:gb/part:eng/ward:e05014388,Wells,,,,
ocd-division/country:gb/part:eng/ward:e05014389,Wincanton & Bruton,,,,
ocd-division/country:gb/part:eng/ward:e05014390,Yeovil Central,,,,
ocd-division/country:gb/part:eng/ward:e05014391,Yeovil East,,,,
ocd-division/country:gb/part:eng/ward:e05014392,Yeovil South,,,,
ocd-division/country:gb/part:eng/ward:e05014393,Yeovil West,,,,
ocd-division/country:gb/part:eng/ward:e05014394,Ampthill,,,,
ocd-division/country:gb/part:eng/ward:e05014395,Arlesey & Fairfield,,,,
ocd-division/country:gb/part:eng/ward:e05014396,Aspley & Woburn,,,,
ocd-division/country:gb/part:eng/ward:e05014397,Barton-le-Clay & Silsoe,,,,
ocd-division/country:gb/part:eng/ward:e05014398,Biggleswade East,,,,
ocd-division/country:gb/part:eng/ward:e05014399,Biggleswade West,,,,
ocd-division/country:gb/part:eng/ward:e05014400,Caddington,,,,
ocd-division/country:gb/part:eng/ward:e05014401,"Clifton, Henlow & Langford",,,,
ocd-division/country:gb/part:eng/ward:e05014402,Cranfield & Marston Moretaine,,,,
ocd-division/country:gb/part:eng/ward:e05014403,Dunstable Central,,,,
ocd-division/country:gb/part:eng/ward:e05014404,Dunstable East,,,,
ocd-division/country:gb/part:eng/ward:e05014405,Dunstable North,,,,
ocd-division/country:gb/part:eng/ward:e05014406,Dunstable South,,,,
ocd-division/country:gb/part:eng/ward:e05014407,Dunstable West,,,,
ocd-division/country:gb/part:eng/ward:e05014408,Eaton Bray,,,,
ocd-division/country:gb/part:eng/ward:e05014409,Flitwick,,,,
ocd-division/country:gb/part:eng/ward:e05014410,Heath & Reach,,,,
ocd-division/country:gb/part:eng/ward:e05014411,Houghton Conquest & Haynes,,,,
ocd-division/country:gb/part:eng/ward:e05014412,Houghton Regis East,,,,
ocd-division/country:gb/part:eng/ward:e05014413,Houghton Regis West,,,,
ocd-division/country:gb/part:eng/ward:e05014414,Leighton-Linslade North,,,,
ocd-division/country:gb/part:eng/ward:e05014415,Leighton-Linslade South,,,,
ocd-division/country:gb/part:eng/ward:e05014416,Leighton-Linslade West,,,,
ocd-division/country:gb/part:eng/ward:e05014417,Meppershall & Shillington,,,,
ocd-division/country:gb/part:eng/ward:e05014418,Northill,,,,
ocd-division/country:gb/part:eng/ward:e05014419,Potton,,,,
ocd-division/country:gb/part:eng/ward:e05014420,Sandy,,,,
ocd-division/country:gb/part:eng/ward:e05014421,Shefford,,,,
ocd-division/country:gb/part:eng/ward:e05014422,Stotfold,,,,
ocd-division/country:gb/part:eng/ward:e05014423,Toddington,,,,
ocd-division/country:gb/part:eng/ward:e05014424,"Westoning, Flitton & Greenfield",,,,
ocd-division/country:gb/part:eng/ward:e05014425,"Ashby de la Launde, Digby & Scopwick",,,,
ocd-division/country:gb/part:eng/ward:e05014426,Bassingham Rural,,,,
ocd-division/country:gb/part:eng/ward:e05014427,Billinghay Rural,,,,
ocd-division/country:gb/part:eng/ward:e05014428,Bracebridge Heath,,,,
ocd-division/country:gb/part:eng/ward:e05014429,Branston,,,,
ocd-division/country:gb/part:eng/ward:e05014430,"Cranwell, Leasingham & Wilsford",,,,
ocd-division/country:gb/part:eng/ward:e05014431,Heckington Rural,,,,
ocd-division/country:gb/part:eng/ward:e05014432,Heighington & Washingborough,,,,
ocd-division/country:gb/part:eng/ward:e05014433,Helpringham & Osbournby,,,,
ocd-division/country:gb/part:eng/ward:e05014434,Hykeham Central,,,,
ocd-division/country:gb/part:eng/ward:e05014435,Hykeham Fosse,,,,
ocd-division/country:gb/part:eng/ward:e05014436,Hykeham Memorial,,,,
ocd-division/country:gb/part:eng/ward:e05014437,Kirkby la Thorpe & South Kyme,,,,
ocd-division/country:gb/part:eng/ward:e05014438,Metheringham Rural,,,,
ocd-division/country:gb/part:eng/ward:e05014439,Navenby & Brant Broughton,,,,
ocd-division/country:gb/part:eng/ward:e05014440,Ruskington,,,,
ocd-division/country:gb/part:eng/ward:e05014441,Skellingthorpe & Eagle,,,,
ocd-division/country:gb/part:eng/ward:e05014442,Sleaford Castle,,,,
ocd-division/country:gb/part:eng/ward:e05014443,Sleaford Holdingham,,,,
ocd-division/country:gb/part:eng/ward:e05014444,Sleaford Navigation,,,,
ocd-division/country:gb/part:eng/ward:e05014445,Sleaford Quarrington & Mareham,,,,
ocd-division/country:gb/part:eng/ward:e05014446,Sleaford Westholme,,,,
ocd-division/country:gb/part:eng/ward:e05014447,Waddington Rural,,,,
ocd-division/country:gb/part:eng/ward:e05014448,Witham St Hughs & Swinderby,,,,
ocd-division/country:gb/part:eng/ward:e05014449,All Saints,,,,
ocd-division/country:gb/part:eng/ward:e05014450,Chatham Central & Brompton,,,,
ocd-division/country:gb/part:eng/ward:e05014451,"Cuxton, Halling & Riverside",,,,
ocd-division/country:gb/part:eng/ward:e05014452,Fort Horsted,,,,
ocd-division/country:gb/part:eng/ward:e05014453,Fort Pitt,,,,
ocd-division/country:gb/part:eng/ward:e05014454,Gillingham North,,,,
ocd-division/country:gb/part:eng/ward:e05014455,Gillingham South,,,,
ocd-division/country:gb/part:eng/ward:e05014456,Hempstead & Wigmore,,,,
ocd-division/country:gb/part:eng/ward:e05014457,Hoo St Werburgh & High Halstow,,,,
ocd-division/country:gb/part:eng/ward:e05014458,Lordswood & Walderslade,,,,
ocd-division/country:gb/part:eng/ward:e05014459,Luton,,,,
ocd-division/country:gb/part:eng/ward:e05014460,Princes Park,,,,
ocd-division/country:gb/part:eng/ward:e05014461,Rainham North,,,,
ocd-division/country:gb/part:eng/ward:e05014462,Rainham South East,,,,
ocd-division/country:gb/part:eng/ward:e05014463,Rainham South West,,,,
ocd-division/country:gb/part:eng/ward:e05014464,Rochester East & Warren Wood,,,,
ocd-division/country:gb/part:eng/ward:e05014465,Rochester West & Borstal,,,,
ocd-division/country:gb/part:eng/ward:e05014466,St Mary's Island,,,,
ocd-division/country:gb/part:eng/ward:e05014467,Strood North & Frindsbury,,,,
ocd-division/country:gb/part:eng/ward:e05014468,Strood Rural,,,,
ocd-division/country:gb/part:eng/ward:e05014469,Strood West,,,,
ocd-division/country:gb/part:eng/ward:e05014470,Twydall,,,,
ocd-division/country:gb/part:eng/ward:e05014471,Watling,,,,
ocd-division/country:gb/part:eng/ward:e05014472,Wayfield & Weeds Wood,,,,
ocd-division/country:gb/part:eng/ward:e05014473,Anglesey,,,,
ocd-division/country:gb/part:eng/ward:e05014474,Bagots & Needwood,,,,
ocd-division/country:gb/part:eng/ward:e05014475,Blythe,,,,
ocd-division/country:gb/part:eng/ward:e05014476,Branston,,,,
ocd-division/country:gb/part:eng/ward:e05014477,Brizlincote,,,,
ocd-division/country:gb/part:eng/ward:e05014478,Burton & Eton,,,,
ocd-division/country:gb/part:eng/ward:e05014479,Crown,,,,
ocd-division/country:gb/part:eng/ward:e05014480,Dove,,,,
ocd-division/country:gb/part:eng/ward:e05014481,Heath,,,,
ocd-division/country:gb/part:eng/ward:e05014482,Horninglow & Outwoods,,,,
ocd-division/country:gb/part:eng/ward:e05014483,Shobnall,,,,
ocd-division/country:gb/part:eng/ward:e05014484,Stapenhill,,,,
ocd-division/country:gb/part:eng/ward:e05014485,Stramshall & Weaver,,,,
ocd-division/country:gb/part:eng/ward:e05014486,Stretton,,,,
ocd-division/country:gb/part:eng/ward:e05014487,Town,,,,
ocd-division/country:gb/part:eng/ward:e05014488,Winshill,,,,
ocd-division/country:gb/part:eng/ward:e05014489,Great Dunmow North,,,,
ocd-division/country:gb/part:eng/ward:e05014490,Thaxted & the Eastons,,,,
ocd-division/country:gb/part:eng/ward:e05014491,Biddenham,,,,
ocd-division/country:gb/part:eng/ward:e05014492,Brickhill,,,,
ocd-division/country:gb/part:eng/ward:e05014493,Bromham,,,,
ocd-division/country:gb/part:eng/ward:e05014494,Castle & Newnham,,,,
ocd-division/country:gb/part:eng/ward:e05014495,Cauldwell,,,,
ocd-division/country:gb/part:eng/ward:e05014496,Clapham & Oakley,,,,
ocd-division/country:gb/part:eng/ward:e05014497,De Parys,,,,
ocd-division/country:gb/part:eng/ward:e05014498,Goldington,,,,
ocd-division/country:gb/part:eng/ward:e05014499,Great Barford,,,,
ocd-division/country:gb/part:eng/ward:e05014500,Great Denham,,,,
ocd-division/country:gb/part:eng/ward:e05014501,Greyfriars,,,,
ocd-division/country:gb/part:eng/ward:e05014502,Harpur,,,,
ocd-division/country:gb/part:eng/ward:e05014503,Harrold,,,,
ocd-division/country:gb/part:eng/ward:e05014504,Kempston Central & East,,,,
ocd-division/country:gb/part:eng/ward:e05014505,Kempston North,,,,
ocd-division/country:gb/part:eng/ward:e05014506,Kempston South,,,,
ocd-division/country:gb/part:eng/ward:e05014507,Kempston West,,,,
ocd-division/country:gb/part:eng/ward:e05014508,Kingsbrook,,,,
ocd-division/country:gb/part:eng/ward:e05014509,Putnoe,,,,
ocd-division/country:gb/part:eng/ward:e05014510,Queens Park,,,,
ocd-division/country:gb/part:eng/ward:e05014511,Renhold & Ravensden,,,,
ocd-division/country:gb/part:eng/ward:e05014512,Riseley,,,,
ocd-division/country:gb/part:eng/ward:e05014513,Riverfield,,,,
ocd-division/country:gb/part:eng/ward:e05014514,Sharnbrook,,,,
ocd-division/country:gb/part:eng/ward:e05014515,Shortstown,,,,
ocd-division/country:gb/part:eng/ward:e05014516,Wixams & Wilstead,,,,
ocd-division/country:gb/part:eng/ward:e05014517,Wootton & Kempston Rural,,,,
ocd-division/country:gb/part:eng/ward:e05014518,Wyboston,,,,
ocd-division/country:gb/part:eng/ward:e05014519,Ashton Hurst,,,,
ocd-division/country:gb/part:eng/ward:e05014520,Ashton St Michael's,,,,
ocd-division/country:gb/part:eng/ward:e05014521,Ashton Waterloo,,,,
ocd-division/country:gb/part:eng/ward:e05014522,Audenshaw,,,,
ocd-division/country:gb/part:eng/ward:e05014523,Denton North East,,,,
ocd-division/country:gb/part:eng/ward:e05014524,Denton South,,,,
ocd-division/country:gb/part:eng/ward:e05014525,Denton West,,,,
ocd-division/country:gb/part:eng/ward:e05014526,Droylsden East,,,,
ocd-division/country:gb/part:eng/ward:e05014527,Droylsden West,,,,
ocd-division/country:gb/part:eng/ward:e05014528,Dukinfield,,,,
ocd-division/country:gb/part:eng/ward:e05014529,Dukinfield Stalybridge,,,,
ocd-division/country:gb/part:eng/ward:e05014530,Hyde Godley,,,,
ocd-division/country:gb/part:eng/ward:e05014531,Hyde Newton,,,,
ocd-division/country:gb/part:eng/ward:e05014532,Hyde Werneth,,,,
ocd-division/country:gb/part:eng/ward:e05014533,Longdendale,,,,
ocd-division/country:gb/part:eng/ward:e05014534,Mossley,,,,
ocd-division/country:gb/part:eng/ward:e05014535,St Peter's,,,,
ocd-division/country:gb/part:eng/ward:e05014536,Stalybridge North,,,,
ocd-division/country:gb/part:eng/ward:e05014537,Stalybridge South,,,,
ocd-division/country:gb/part:eng/ward:e05014538,Ansdell & Fairhaven,,,,
ocd-division/country:gb/part:eng/ward:e05014539,Ashton,,,,
ocd-division/country:gb/part:eng/ward:e05014540,Carnegie,,,,
ocd-division/country:gb/part:eng/ward:e05014541,Freckleton Village,,,,
ocd-division/country:gb/part:eng/ward:e05014542,Heyhouses,,,,
ocd-division/country:gb/part:eng/ward:e05014543,Kilgrimol,,,,
ocd-division/country:gb/part:eng/ward:e05014544,Kilnhouse,,,,
ocd-division/country:gb/part:eng/ward:e05014545,Kirkham,,,,
ocd-division/country:gb/part:eng/ward:e05014546,Lytham East,,,,
ocd-division/country:gb/part:eng/ward:e05014547,Lytham West,,,,
ocd-division/country:gb/part:eng/ward:e05014548,Medlar-with-Wesham,,,,
ocd-division/country:gb/part:eng/ward:e05014549,Park,,,,
ocd-division/country:gb/part:eng/ward:e05014550,Rural East Fylde,,,,
ocd-division/country:gb/part:eng/ward:e05014551,Rural North Fylde,,,,
ocd-division/country:gb/part:eng/ward:e05014552,Staining,,,,
ocd-division/country:gb/part:eng/ward:e05014553,Warton,,,,
ocd-division/country:gb/part:eng/ward:e05014554,Wrea Green with Westby,,,,
ocd-division/country:gb/part:eng/ward:e05014555,Abbey Hulton,,,,
ocd-division/country:gb/part:eng/ward:e05014556,"Baddeley, Milton & Norton",,,,
ocd-division/country:gb/part:eng/ward:e05014557,Basford & Hartshill,,,,
ocd-division/country:gb/part:eng/ward:e05014558,"Bentilee, Ubberley & Townsend",,,,
ocd-division/country:gb/part:eng/ward:e05014559,Birches Head & Northwood,,,,
ocd-division/country:gb/part:eng/ward:e05014560,Blurton,,,,
ocd-division/country:gb/part:eng/ward:e05014561,Boothen,,,,
ocd-division/country:gb/part:eng/ward:e05014562,Bradeley & Chell Heath,,,,
ocd-division/country:gb/part:eng/ward:e05014563,Bucknall & Eaton Park,,,,
ocd-division/country:gb/part:eng/ward:e05014564,Burslem,,,,
ocd-division/country:gb/part:eng/ward:e05014565,Burslem Park,,,,
ocd-division/country:gb/part:eng/ward:e05014566,Dresden & Florence,,,,
ocd-division/country:gb/part:eng/ward:e05014567,Etruria & Hanley,,,,
ocd-division/country:gb/part:eng/ward:e05014568,Fenton East,,,,
ocd-division/country:gb/part:eng/ward:e05014569,Fenton West & Mount Pleasant,,,,
ocd-division/country:gb/part:eng/ward:e05014570,Ford Green & Smallthorne,,,,
ocd-division/country:gb/part:eng/ward:e05014571,Goldenhill & Sandyford,,,,
ocd-division/country:gb/part:eng/ward:e05014572,Great Chell & Packmoor,,,,
ocd-division/country:gb/part:eng/ward:e05014573,"Hanford, Newstead & Trentham",,,,
ocd-division/country:gb/part:eng/ward:e05014574,"Hanley Park, Joiner's Square & Shelton",,,,
ocd-division/country:gb/part:eng/ward:e05014575,Hartshill Park & Stoke,,,,
ocd-division/country:gb/part:eng/ward:e05014576,Hollybush,,,,
ocd-division/country:gb/part:eng/ward:e05014577,Lightwood North & Normacot,,,,
ocd-division/country:gb/part:eng/ward:e05014578,Little Chell & Stanfield,,,,
ocd-division/country:gb/part:eng/ward:e05014579,Longton & Meir Hay South,,,,
ocd-division/country:gb/part:eng/ward:e05014580,"Meir Hay North, Parkhall & Weston Coyney",,,,
ocd-division/country:gb/part:eng/ward:e05014581,Meir North,,,,
ocd-division/country:gb/part:eng/ward:e05014582,Meir Park,,,,
ocd-division/country:gb/part:eng/ward:e05014583,Meir South,,,,
ocd-division/country:gb/part:eng/ward:e05014584,Moorcroft & Sneyd Green,,,,
ocd-division/country:gb/part:eng/ward:e05014585,Penkhull & Springfields,,,,
ocd-division/country:gb/part:eng/ward:e05014586,Sandford Hill,,,,
ocd-division/country:gb/part:eng/ward:e05014587,Trent Vale & Oak Hill,,,,
ocd-division/country:gb/part:eng/ward:e05014588,Tunstall,,,,
ocd-division/country:gb/part:eng/ward:e05014589,Ashbourne North,,,,
ocd-division/country:gb/part:eng/ward:e05014590,Ashbourne South,,,,
ocd-division/country:gb/part:eng/ward:e05014591,Bakewell,,,,
ocd-division/country:gb/part:eng/ward:e05014592,Bonsall & Winster,,,,
ocd-division/country:gb/part:eng/ward:e05014593,Bradwell,,,,
ocd-division/country:gb/part:eng/ward:e05014594,Brailsford,,,,
ocd-division/country:gb/part:eng/ward:e05014595,Calver & Longstone,,,,
ocd-division/country:gb/part:eng/ward:e05014596,Chatsworth,,,,
ocd-division/country:gb/part:eng/ward:e05014597,Cromford & Matlock Bath,,,,
ocd-division/country:gb/part:eng/ward:e05014598,Darley Dale,,,,
ocd-division/country:gb/part:eng/ward:e05014599,"Dovedale, Parwich & Brassington",,,,
ocd-division/country:gb/part:eng/ward:e05014600,Doveridge & Sudbury,,,,
ocd-division/country:gb/part:eng/ward:e05014601,Hartington & Taddington,,,,
ocd-division/country:gb/part:eng/ward:e05014602,Hathersage,,,,
ocd-division/country:gb/part:eng/ward:e05014603,Hulland,,,,
ocd-division/country:gb/part:eng/ward:e05014604,Matlock East & Tansley,,,,
ocd-division/country:gb/part:eng/ward:e05014605,Matlock West,,,,
ocd-division/country:gb/part:eng/ward:e05014606,Norbury,,,,
ocd-division/country:gb/part:eng/ward:e05014607,Tideswell,,,,
ocd-division/country:gb/part:eng/ward:e05014608,Wirksworth,,,,
ocd-division/country:gb/part:eng/ward:e05014609,Youlgrave,,,,
ocd-division/country:gb/part:eng/ward:e05014610,Bancroft,,,,
ocd-division/country:gb/part:eng/ward:e05014611,Berry Hill,,,,
ocd-division/country:gb/part:eng/ward:e05014612,Brick Kiln,,,,
ocd-division/country:gb/part:eng/ward:e05014613,Carr Bank,,,,
ocd-division/country:gb/part:eng/ward:e05014614,Central,,,,
ocd-division/country:gb/part:eng/ward:e05014615,Eakring,,,,
ocd-division/country:gb/part:eng/ward:e05014616,Grange Farm,,,,
ocd-division/country:gb/part:eng/ward:e05014617,Holly Forest Town,,,,
ocd-division/country:gb/part:eng/ward:e05014618,Hornby,,,,
ocd-division/country:gb/part:eng/ward:e05014619,Kings Walk,,,,
ocd-division/country:gb/part:eng/ward:e05014620,Kingsway Forest Town,,,,
ocd-division/country:gb/part:eng/ward:e05014621,Lindhurst,,,,
ocd-division/country:gb/part:eng/ward:e05014622,Ling Forest,,,,
ocd-division/country:gb/part:eng/ward:e05014623,Manor,,,,
ocd-division/country:gb/part:eng/ward:e05014624,Market Warsop,,,,
ocd-division/country:gb/part:eng/ward:e05014625,Maun Valley Forest Town,,,,
ocd-division/country:gb/part:eng/ward:e05014626,Meden,,,,
ocd-division/country:gb/part:eng/ward:e05014627,Mill Lane,,,,
ocd-division/country:gb/part:eng/ward:e05014628,Netherfield,,,,
ocd-division/country:gb/part:eng/ward:e05014629,Newlands Forest Town,,,,
ocd-division/country:gb/part:eng/ward:e05014630,Oak Tree,,,,
ocd-division/country:gb/part:eng/ward:e05014631,Oakham,,,,
ocd-division/country:gb/part:eng/ward:e05014632,Park Hall,,,,
ocd-division/country:gb/part:eng/ward:e05014633,Penniment,,,,
ocd-division/country:gb/part:eng/ward:e05014634,Pleasley,,,,
ocd-division/country:gb/part:eng/ward:e05014635,Racecourse,,,,
ocd-division/country:gb/part:eng/ward:e05014636,Rock Hill,,,,
ocd-division/country:gb/part:eng/ward:e05014637,Rufford,,,,
ocd-division/country:gb/part:eng/ward:e05014638,Sherwood,,,,
ocd-division/country:gb/part:eng/ward:e05014639,Southwell,,,,
ocd-division/country:gb/part:eng/ward:e05014640,Thompsons,,,,
ocd-division/country:gb/part:eng/ward:e05014641,Vale,,,,
ocd-division/country:gb/part:eng/ward:e05014642,Wainwright,,,,
ocd-division/country:gb/part:eng/ward:e05014643,Warsop Carrs,,,,
ocd-division/country:gb/part:eng/ward:e05014644,West Bank,,,,
ocd-division/country:gb/part:eng/ward:e05014645,Yeoman Hill,,,,
ocd-division/country:gb/part:eng/ward:e05014646,Alexandra,,,,
ocd-division/country:gb/part:eng/ward:e05014647,Chadderton Central,,,,
ocd-division/country:gb/part:eng/ward:e05014648,Chadderton North,,,,
ocd-division/country:gb/part:eng/ward:e05014649,Chadderton South,,,,
ocd-division/country:gb/part:eng/ward:e05014650,Coldhurst,,,,
ocd-division/country:gb/part:eng/ward:e05014651,Crompton,,,,
ocd-division/country:gb/part:eng/ward:e05014652,Failsworth East,,,,
ocd-division/country:gb/part:eng/ward:e05014653,Failsworth West,,,,
ocd-division/country:gb/part:eng/ward:e05014654,Hollinwood,,,,
ocd-division/country:gb/part:eng/ward:e05014655,Medlock Vale,,,,
ocd-division/country:gb/part:eng/ward:e05014656,Royton North,,,,
ocd-division/country:gb/part:eng/ward:e05014657,Royton South,,,,
ocd-division/country:gb/part:eng/ward:e05014658,Saddleworth North,,,,
ocd-division/country:gb/part:eng/ward:e05014659,Saddleworth South,,,,
ocd-division/country:gb/part:eng/ward:e05014660,Saddleworth West & Lees,,,,
ocd-division/country:gb/part:eng/ward:e05014661,Shaw,,,,
ocd-division/country:gb/part:eng/ward:e05014662,St James',,,,
ocd-division/country:gb/part:eng/ward:e05014663,St Mary's,,,,
ocd-division/country:gb/part:eng/ward:e05014664,Waterhead,,,,
ocd-division/country:gb/part:eng/ward:e05014665,Werneth,,,,
ocd-division/country:gb/part:eng/ward:e05014666,Anstey,,,,
ocd-division/country:gb/part:eng/ward:e05014667,Barrow upon Soar,,,,
ocd-division/country:gb/part:eng/ward:e05014668,Birstall East & Wanlip,,,,
ocd-division/country:gb/part:eng/ward:e05014669,Birstall West,,,,
ocd-division/country:gb/part:eng/ward:e05014670,"Dishley, Hathern & Thorpe Acre",,,,
ocd-division/country:gb/part:eng/ward:e05014671,Forest Bradgate,,,,
ocd-division/country:gb/part:eng/ward:e05014672,Loughborough Ashby,,,,
ocd-division/country:gb/part:eng/ward:e05014673,Loughborough East,,,,
ocd-division/country:gb/part:eng/ward:e05014674,Loughborough Nanpantan,,,,
ocd-division/country:gb/part:eng/ward:e05014675,Loughborough Outwoods & Shelthorpe,,,,
ocd-division/country:gb/part:eng/ward:e05014676,Loughborough Southfields,,,,
ocd-division/country:gb/part:eng/ward:e05014677,Loughborough Storer,,,,
ocd-division/country:gb/part:eng/ward:e05014678,Loughborough Woodthorpe,,,,
ocd-division/country:gb/part:eng/ward:e05014679,Mountsorrel,,,,
ocd-division/country:gb/part:eng/ward:e05014680,Quorn & Mountsorrel Castle,,,,
ocd-division/country:gb/part:eng/ward:e05014681,Rothley Brook,,,,
ocd-division/country:gb/part:eng/ward:e05014682,Shepshed East,,,,
ocd-division/country:gb/part:eng/ward:e05014683,Shepshed West,,,,
ocd-division/country:gb/part:eng/ward:e05014684,Sileby & Seagrave,,,,
ocd-division/country:gb/part:eng/ward:e05014685,South Charnwood,,,,
ocd-division/country:gb/part:eng/ward:e05014686,Syston,,,,
ocd-division/country:gb/part:eng/ward:e05014687,The Wolds,,,,
ocd-division/country:gb/part:eng/ward:e05014688,Thurmaston,,,,
ocd-division/country:gb/part:eng/ward:e05014689,Wreake Valley,,,,
ocd-division/country:gb/part:eng/ward:e05014690,Alfreton,,,,
ocd-division/country:gb/part:eng/ward:e05014691,Alport & South West Parishes,,,,
ocd-division/country:gb/part:eng/ward:e05014692,Belper East,,,,
ocd-division/country:gb/part:eng/ward:e05014693,Belper North,,,,
ocd-division/country:gb/part:eng/ward:e05014694,Belper South,,,,
ocd-division/country:gb/part:eng/ward:e05014695,"Codnor, Langley Mill & Aldercar",,,,
ocd-division/country:gb/part:eng/ward:e05014696,Crich & South Wingfield,,,,
ocd-division/country:gb/part:eng/ward:e05014697,Duffield & Quarndon,,,,
ocd-division/country:gb/part:eng/ward:e05014698,Heage & Ambergate,,,,
ocd-division/country:gb/part:eng/ward:e05014699,Heanor East,,,,
ocd-division/country:gb/part:eng/ward:e05014700,Heanor West & Loscoe,,,,
ocd-division/country:gb/part:eng/ward:e05014701,Ironville & Riddings,,,,
ocd-division/country:gb/part:eng/ward:e05014702,"Kilburn, Denby, Holbrook & Horsley",,,,
ocd-division/country:gb/part:eng/ward:e05014703,Ripley,,,,
ocd-division/country:gb/part:eng/ward:e05014704,Ripley & Marehay,,,,
ocd-division/country:gb/part:eng/ward:e05014705,"Smalley, Shipley & Horsley Woodhouse",,,,
ocd-division/country:gb/part:eng/ward:e05014706,Somercotes,,,,
ocd-division/country:gb/part:eng/ward:e05014707,Swanwick,,,,
ocd-division/country:gb/part:eng/ward:e05014708,"Ardingly, Balcombe & Turners Hill",,,,
ocd-division/country:gb/part:eng/ward:e05014709,Ashurst Wood & East Grinstead South,,,,
ocd-division/country:gb/part:eng/ward:e05014710,Burgess Hill Dunstall,,,,
ocd-division/country:gb/part:eng/ward:e05014711,Burgess Hill Franklands,,,,
ocd-division/country:gb/part:eng/ward:e05014712,Burgess Hill Leylands,,,,
ocd-division/country:gb/part:eng/ward:e05014713,Burgess Hill Meeds & Hammonds,,,,
ocd-division/country:gb/part:eng/ward:e05014714,Burgess Hill St Andrews,,,,
ocd-division/country:gb/part:eng/ward:e05014715,Burgess Hill Victoria,,,,
ocd-division/country:gb/part:eng/ward:e05014716,Copthorne & Worth,,,,
ocd-division/country:gb/part:eng/ward:e05014717,Crawley Down,,,,
ocd-division/country:gb/part:eng/ward:e05014718,"Cuckfield, Bolney & Ansty",,,,
ocd-division/country:gb/part:eng/ward:e05014719,Downland Villages,,,,
ocd-division/country:gb/part:eng/ward:e05014720,East Grinstead Ashplats,,,,
ocd-division/country:gb/part:eng/ward:e05014721,East Grinstead Baldwins,,,,
ocd-division/country:gb/part:eng/ward:e05014722,East Grinstead Herontye,,,,
ocd-division/country:gb/part:eng/ward:e05014723,East Grinstead Imberhorne,,,,
ocd-division/country:gb/part:eng/ward:e05014724,East Grinstead Town,,,,
ocd-division/country:gb/part:eng/ward:e05014725,Handcross & Pease Pottage,,,,
ocd-division/country:gb/part:eng/ward:e05014726,Hassocks,,,,
ocd-division/country:gb/part:eng/ward:e05014727,Haywards Heath Ashenground,,,,
ocd-division/country:gb/part:eng/ward:e05014728,Haywards Heath Bentswood & Heath,,,,
ocd-division/country:gb/part:eng/ward:e05014729,Haywards Heath Franklands,,,,
ocd-division/country:gb/part:eng/ward:e05014730,Haywards Heath Lucastes & Bolnore,,,,
ocd-division/country:gb/part:eng/ward:e05014731,Haywards Heath North,,,,
ocd-division/country:gb/part:eng/ward:e05014732,Hurstpierpoint,,,,
ocd-division/country:gb/part:eng/ward:e05014733,Lindfield,,,,
ocd-division/country:gb/part:eng/ward:e05014734,Lindfield Rural & High Weald,,,,
ocd-division/country:gb/part:eng/ward:e05014735,Barnfield,,,,
ocd-division/country:gb/part:eng/ward:e05014736,Beech Hill,,,,
ocd-division/country:gb/part:eng/ward:e05014737,Biscot,,,,
ocd-division/country:gb/part:eng/ward:e05014738,Bramingham,,,,
ocd-division/country:gb/part:eng/ward:e05014739,Central,,,,
ocd-division/country:gb/part:eng/ward:e05014740,Challney,,,,
ocd-division/country:gb/part:eng/ward:e05014741,Dallow,,,,
ocd-division/country:gb/part:eng/ward:e05014742,Farley,,,,
ocd-division/country:gb/part:eng/ward:e05014743,High Town,,,,
ocd-division/country:gb/part:eng/ward:e05014744,Leagrave,,,,
ocd-division/country:gb/part:eng/ward:e05014745,Lewsey,,,,
ocd-division/country:gb/part:eng/ward:e05014746,Northwell,,,,
ocd-division/country:gb/part:eng/ward:e05014747,Poets,,,,
ocd-division/country:gb/part:eng/ward:e05014748,Round Green,,,,
ocd-division/country:gb/part:eng/ward:e05014749,Saints,,,,
ocd-division/country:gb/part:eng/ward:e05014750,South,,,,
ocd-division/country:gb/part:eng/ward:e05014751,Stopsley,,,,
ocd-division/country:gb/part:eng/ward:e05014752,Sundon Park,,,,
ocd-division/country:gb/part:eng/ward:e05014753,Vauxhall,,,,
ocd-division/country:gb/part:eng/ward:e05014754,Wigmore,,,,
ocd-division/country:gb/part:eng/ward:e05014755,Binfield North & Warfield West,,,,
ocd-division/country:gb/part:eng/ward:e05014756,Binfield South & Jennett's Park,,,,
ocd-division/country:gb/part:eng/ward:e05014757,Bullbrook,,,,
ocd-division/country:gb/part:eng/ward:e05014759,Easthampstead & Wildridings,,,,
ocd-division/country:gb/part:eng/ward:e05014760,Great Hollands,,,,
ocd-division/country:gb/part:eng/ward:e05014761,Hanworth,,,,
ocd-division/country:gb/part:eng/ward:e05014763,Owlsmoor & College Town,,,,
ocd-division/country:gb/part:eng/ward:e05014764,Priestwood & Garth,,,,
ocd-division/country:gb/part:eng/ward:e05014767,Town Centre & The Parks,,,,
ocd-division/country:gb/part:eng/ward:e05014770,"Ashley, Bashley & Fernhill",,,,
ocd-division/country:gb/part:eng/ward:e05014771,"Ashurst, Bramshaw, Copythorne & Netley Marsh",,,,
ocd-division/country:gb/part:eng/ward:e05014772,Ballard,,,,
ocd-division/country:gb/part:eng/ward:e05014773,Barton & Becton,,,,
ocd-division/country:gb/part:eng/ward:e05014774,"Bransgore, Burley, Sopley & Ringwood East",,,,
ocd-division/country:gb/part:eng/ward:e05014775,Brockenhurst & Denny Lodge,,,,
ocd-division/country:gb/part:eng/ward:e05014776,Dibden & Dibden Purlieu,,,,
ocd-division/country:gb/part:eng/ward:e05014777,Downlands & Forest North,,,,
ocd-division/country:gb/part:eng/ward:e05014778,"Fawley, Blackfield, Calshot & Langley",,,,
ocd-division/country:gb/part:eng/ward:e05014779,"Fordingbridge, Godshill & Hyde",,,,
ocd-division/country:gb/part:eng/ward:e05014780,Forest & Solent,,,,
ocd-division/country:gb/part:eng/ward:e05014781,"Hardley, Holbury & North Blackfield",,,,
ocd-division/country:gb/part:eng/ward:e05014782,Hythe Central,,,,
ocd-division/country:gb/part:eng/ward:e05014783,Hythe South,,,,
ocd-division/country:gb/part:eng/ward:e05014784,Lymington,,,,
ocd-division/country:gb/part:eng/ward:e05014785,Lyndhurst & Minstead,,,,
ocd-division/country:gb/part:eng/ward:e05014786,Marchwood & Eling,,,,
ocd-division/country:gb/part:eng/ward:e05014787,Milford & Hordle,,,,
ocd-division/country:gb/part:eng/ward:e05014788,Milton,,,,
ocd-division/country:gb/part:eng/ward:e05014789,Pennington,,,,
ocd-division/country:gb/part:eng/ward:e05014790,Ringwood North & Ellingham,,,,
ocd-division/country:gb/part:eng/ward:e05014791,Ringwood South,,,,
ocd-division/country:gb/part:eng/ward:e05014792,Sway,,,,
ocd-division/country:gb/part:eng/ward:e05014793,Totton Central,,,,
ocd-division/country:gb/part:eng/ward:e05014794,Totton North,,,,
ocd-division/country:gb/part:eng/ward:e05014795,Totton South,,,,
ocd-division/country:gb/part:eng/ward:e05014796,Bradninch,,,,
ocd-division/country:gb/part:eng/ward:e05014797,Cadbury,,,,
ocd-division/country:gb/part:eng/ward:e05014798,Canonsleigh,,,,
ocd-division/country:gb/part:eng/ward:e05014799,Clare & Shuttern,,,,
ocd-division/country:gb/part:eng/ward:e05014800,Crediton Boniface,,,,
ocd-division/country:gb/part:eng/ward:e05014801,Crediton Lawrence,,,,
ocd-division/country:gb/part:eng/ward:e05014802,Cullompton Padbrook,,,,
ocd-division/country:gb/part:eng/ward:e05014803,Cullompton St Andrews,,,,
ocd-division/country:gb/part:eng/ward:e05014804,Cullompton Vale,,,,
ocd-division/country:gb/part:eng/ward:e05014805,Halberton,,,,
ocd-division/country:gb/part:eng/ward:e05014806,Lower Culm,,,,
ocd-division/country:gb/part:eng/ward:e05014807,Sandford & Creedy,,,,
ocd-division/country:gb/part:eng/ward:e05014808,Silverton,,,,
ocd-division/country:gb/part:eng/ward:e05014809,Taw Vale,,,,
ocd-division/country:gb/part:eng/ward:e05014810,Tiverton Castle,,,,
ocd-division/country:gb/part:eng/ward:e05014811,Tiverton Cranmore,,,,
ocd-division/country:gb/part:eng/ward:e05014812,Tiverton Lowman,,,,
ocd-division/country:gb/part:eng/ward:e05014813,Tiverton Westexe,,,,
ocd-division/country:gb/part:eng/ward:e05014814,Upper Culm,,,,
ocd-division/country:gb/part:eng/ward:e05014815,Upper Yeo & Taw,,,,
ocd-division/country:gb/part:eng/ward:e05014816,Way,,,,
ocd-division/country:gb/part:eng/ward:e05014817,Yeo,,,,
ocd-division/country:gb/part:eng/ward:e05014818,Astley Bridge,,,,
ocd-division/country:gb/part:eng/ward:e05014819,Bradshaw,,,,
ocd-division/country:gb/part:eng/ward:e05014820,Breightmet,,,,
ocd-division/country:gb/part:eng/ward:e05014821,Bromley Cross,,,,
ocd-division/country:gb/part:eng/ward:e05014822,Farnworth North,,,,
ocd-division/country:gb/part:eng/ward:e05014823,Farnworth South,,,,
ocd-division/country:gb/part:eng/ward:e05014824,Great Lever,,,,
ocd-division/country:gb/part:eng/ward:e05014825,Halliwell,,,,
ocd-division/country:gb/part:eng/ward:e05014826,"Heaton, Lostock & Chew Moor",,,,
ocd-division/country:gb/part:eng/ward:e05014827,Horwich North,,,,
ocd-division/country:gb/part:eng/ward:e05014828,Horwich South & Blackrod,,,,
ocd-division/country:gb/part:eng/ward:e05014829,Hulton,,,,
ocd-division/country:gb/part:eng/ward:e05014830,Kearsley,,,,
ocd-division/country:gb/part:eng/ward:e05014831,Little Lever & Darcy Lever,,,,
ocd-division/country:gb/part:eng/ward:e05014832,Queens Park & Central,,,,
ocd-division/country:gb/part:eng/ward:e05014833,Rumworth,,,,
ocd-division/country:gb/part:eng/ward:e05014834,Smithills,,,,
ocd-division/country:gb/part:eng/ward:e05014835,Tonge with the Haulgh,,,,
ocd-division/country:gb/part:eng/ward:e05014836,Westhoughton North & Hunger Hill,,,,
ocd-division/country:gb/part:eng/ward:e05014837,Westhoughton South,,,,
ocd-division/country:gb/part:eng/ward:e05014838,Bilston North,,,,
ocd-division/country:gb/part:eng/ward:e05014839,Bilston South,,,,
ocd-division/country:gb/part:eng/ward:e05014840,Blakenhall,,,,
ocd-division/country:gb/part:eng/ward:e05014841,Bushbury North,,,,
ocd-division/country:gb/part:eng/ward:e05014842,Bushbury South & Low Hill,,,,
ocd-division/country:gb/part:eng/ward:e05014843,East Park,,,,
ocd-division/country:gb/part:eng/ward:e05014844,Ettingshall North,,,,
ocd-division/country:gb/part:eng/ward:e05014845,Ettingshall South & Spring Vale,,,,
ocd-division/country:gb/part:eng/ward:e05014846,Fallings Park,,,,
ocd-division/country:gb/part:eng/ward:e05014847,Graiseley,,,,
ocd-division/country:gb/part:eng/ward:e05014848,Heath Town,,,,
ocd-division/country:gb/part:eng/ward:e05014849,Merry Hill,,,,
ocd-division/country:gb/part:eng/ward:e05014850,Oxley,,,,
ocd-division/country:gb/part:eng/ward:e05014851,Park,,,,
ocd-division/country:gb/part:eng/ward:e05014852,Penn,,,,
ocd-division/country:gb/part:eng/ward:e05014853,St Peters,,,,
ocd-division/country:gb/part:eng/ward:e05014854,Tettenhall Regis,,,,
ocd-division/country:gb/part:eng/ward:e05014855,Tettenhall Wightwick,,,,
ocd-division/country:gb/part:eng/ward:e05014856,Wednesfield North,,,,
ocd-division/country:gb/part:eng/ward:e05014857,Wednesfield South,,,,
ocd-division/country:gb/part:eng/ward:e05014858,Billingham Central,,,,
ocd-division/country:gb/part:eng/ward:e05014859,Billingham East,,,,
ocd-division/country:gb/part:eng/ward:e05014860,Billingham North,,,,
ocd-division/country:gb/part:eng/ward:e05014861,Billingham South,,,,
ocd-division/country:gb/part:eng/ward:e05014862,Billingham West & Wolviston,,,,
ocd-division/country:gb/part:eng/ward:e05014863,Bishopsgarth & Elm Tree,,,,
ocd-division/country:gb/part:eng/ward:e05014864,Eaglescliffe East,,,,
ocd-division/country:gb/part:eng/ward:e05014865,Eaglescliffe West,,,,
ocd-division/country:gb/part:eng/ward:e05014866,Fairfield,,,,
ocd-division/country:gb/part:eng/ward:e05014867,Grangefield,,,,
ocd-division/country:gb/part:eng/ward:e05014868,Hardwick & Salters Lane,,,,
ocd-division/country:gb/part:eng/ward:e05014869,Hartburn,,,,
ocd-division/country:gb/part:eng/ward:e05014870,Ingleby Barwick North,,,,
ocd-division/country:gb/part:eng/ward:e05014871,Ingleby Barwick South,,,,
ocd-division/country:gb/part:eng/ward:e05014872,Mandale & Victoria,,,,
ocd-division/country:gb/part:eng/ward:e05014873,Newtown,,,,
ocd-division/country:gb/part:eng/ward:e05014874,Northern Parishes,,,,
ocd-division/country:gb/part:eng/ward:e05014875,Norton Central,,,,
ocd-division/country:gb/part:eng/ward:e05014876,Norton North,,,,
ocd-division/country:gb/part:eng/ward:e05014877,Norton South,,,,
ocd-division/country:gb/part:eng/ward:e05014878,Ropner,,,,
ocd-division/country:gb/part:eng/ward:e05014879,Roseworth,,,,
ocd-division/country:gb/part:eng/ward:e05014880,Southern Villages,,,,
ocd-division/country:gb/part:eng/ward:e05014881,Stainsby Hill,,,,
ocd-division/country:gb/part:eng/ward:e05014882,Stockton Town Centre,,,,
ocd-division/country:gb/part:eng/ward:e05014883,Village,,,,
ocd-division/country:gb/part:eng/ward:e05014884,Yarm,,,,
ocd-division/country:gb/part:eng/ward:e05014885,Bare,,,,
ocd-division/country:gb/part:eng/ward:e05014886,Bolton & Slyne,,,,
ocd-division/country:gb/part:eng/ward:e05014887,Bowerham,,,,
ocd-division/country:gb/part:eng/ward:e05014888,Bulk,,,,
ocd-division/country:gb/part:eng/ward:e05014889,Carnforth & Millhead,,,,
ocd-division/country:gb/part:eng/ward:e05014890,Castle,,,,
ocd-division/country:gb/part:eng/ward:e05014891,Ellel,,,,
ocd-division/country:gb/part:eng/ward:e05014892,Halton-with-Aughton & Kellet,,,,
ocd-division/country:gb/part:eng/ward:e05014893,Heysham Central,,,,
ocd-division/country:gb/part:eng/ward:e05014894,Heysham North,,,,
ocd-division/country:gb/part:eng/ward:e05014895,Heysham South,,,,
ocd-division/country:gb/part:eng/ward:e05014896,John O'Gaunt,,,,
ocd-division/country:gb/part:eng/ward:e05014897,Lower Lune Valley,,,,
ocd-division/country:gb/part:eng/ward:e05014898,Marsh,,,,
ocd-division/country:gb/part:eng/ward:e05014899,Overton,,,,
ocd-division/country:gb/part:eng/ward:e05014900,Poulton,,,,
ocd-division/country:gb/part:eng/ward:e05014901,Scale Hall,,,,
ocd-division/country:gb/part:eng/ward:e05014902,Scotforth East,,,,
ocd-division/country:gb/part:eng/ward:e05014903,Scotforth West,,,,
ocd-division/country:gb/part:eng/ward:e05014904,Silverdale,,,,
ocd-division/country:gb/part:eng/ward:e05014905,Skerton,,,,
ocd-division/country:gb/part:eng/ward:e05014906,Torrisholme,,,,
ocd-division/country:gb/part:eng/ward:e05014907,University,,,,
ocd-division/country:gb/part:eng/ward:e05014908,Upper Lune Valley,,,,
ocd-division/country:gb/part:eng/ward:e05014909,Warton,,,,
ocd-division/country:gb/part:eng/ward:e05014910,West End,,,,
ocd-division/country:gb/part:eng/ward:e05014911,Westgate,,,,
ocd-division/country:gb/part:eng/ward:e05014912,Chalk,,,,
ocd-division/country:gb/part:eng/ward:e05014913,Coldharbour & Perry Street,,,,
ocd-division/country:gb/part:eng/ward:e05014914,Denton,,,,
ocd-division/country:gb/part:eng/ward:e05014915,Higham & Shorne,,,,
ocd-division/country:gb/part:eng/ward:e05014916,"Istead Rise, Cobham & Luddesdown",,,,
ocd-division/country:gb/part:eng/ward:e05014917,Meopham North,,,,
ocd-division/country:gb/part:eng/ward:e05014918,Meopham South & Vigo,,,,
ocd-division/country:gb/part:eng/ward:e05014919,Northfleet & Springhead,,,,
ocd-division/country:gb/part:eng/ward:e05014920,Painters Ash,,,,
ocd-division/country:gb/part:eng/ward:e05014921,Pelham,,,,
ocd-division/country:gb/part:eng/ward:e05014922,Riverview Park,,,,
ocd-division/country:gb/part:eng/ward:e05014923,Rosherville,,,,
ocd-division/country:gb/part:eng/ward:e05014924,Singlewell,,,,
ocd-division/country:gb/part:eng/ward:e05014925,Town,,,,
ocd-division/country:gb/part:eng/ward:e05014926,Westcourt,,,,
ocd-division/country:gb/part:eng/ward:e05014927,Whitehill & Windmill Hill,,,,
ocd-division/country:gb/part:eng/ward:e05014928,Woodlands,,,,
ocd-division/country:gb/part:eng/ward:e05014929,Aughton & Holborn,,,,
ocd-division/country:gb/part:eng/ward:e05014930,Burscough Bridge & Rufford,,,,
ocd-division/country:gb/part:eng/ward:e05014931,Burscough Town,,,,
ocd-division/country:gb/part:eng/ward:e05014932,North Meols & Hesketh Bank,,,,
ocd-division/country:gb/part:eng/ward:e05014933,Old Skelmersdale,,,,
ocd-division/country:gb/part:eng/ward:e05014934,Ormskirk East,,,,
ocd-division/country:gb/part:eng/ward:e05014935,Ormskirk West,,,,
ocd-division/country:gb/part:eng/ward:e05014936,Rural North East,,,,
ocd-division/country:gb/part:eng/ward:e05014937,Rural South,,,,
ocd-division/country:gb/part:eng/ward:e05014938,Rural West,,,,
ocd-division/country:gb/part:eng/ward:e05014939,Skelmersdale North,,,,
ocd-division/country:gb/part:eng/ward:e05014940,Skelmersdale South,,,,
ocd-division/country:gb/part:eng/ward:e05014941,Tanhouse & Skelmersdale Town Centre,,,,
ocd-division/country:gb/part:eng/ward:e05014942,Tarleton Village,,,,
ocd-division/country:gb/part:eng/ward:e05014943,Up Holland,,,,
ocd-division/country:gb/part:eng/ward:e05014944,Ash South,,,,
ocd-division/country:gb/part:eng/ward:e05014945,Ash Vale,,,,
ocd-division/country:gb/part:eng/ward:e05014946,Ash Wharf,,,,
ocd-division/country:gb/part:eng/ward:e05014947,Bellfields & Slyfield,,,,
ocd-division/country:gb/part:eng/ward:e05014948,Burpham,,,,
ocd-division/country:gb/part:eng/ward:e05014949,Castle,,,,
ocd-division/country:gb/part:eng/ward:e05014950,Clandon & Horsley,,,,
ocd-division/country:gb/part:eng/ward:e05014951,Effingham,,,,
ocd-division/country:gb/part:eng/ward:e05014952,Merrow,,,,
ocd-division/country:gb/part:eng/ward:e05014953,Normandy & Pirbright,,,,
ocd-division/country:gb/part:eng/ward:e05014954,Onslow,,,,
ocd-division/country:gb/part:eng/ward:e05014955,Pilgrims,,,,
ocd-division/country:gb/part:eng/ward:e05014956,Send & Lovelace,,,,
ocd-division/country:gb/part:eng/ward:e05014957,Shalford,,,,
ocd-division/country:gb/part:eng/ward:e05014958,St Nicolas,,,,
ocd-division/country:gb/part:eng/ward:e05014959,Stoke,,,,
ocd-division/country:gb/part:eng/ward:e05014960,Stoughton North,,,,
ocd-division/country:gb/part:eng/ward:e05014961,Stoughton South,,,,
ocd-division/country:gb/part:eng/ward:e05014962,Tillingbourne,,,,
ocd-division/country:gb/part:eng/ward:e05014963,Westborough,,,,
ocd-division/country:gb/part:eng/ward:e05014964,Worplesdon,,,,
ocd-division/country:gb/part:eng/ward:e05014965,Abbey,,,,
ocd-division/country:gb/part:eng/ward:e05014966,Bingham North,,,,
ocd-division/country:gb/part:eng/ward:e05014967,Bingham South,,,,
ocd-division/country:gb/part:eng/ward:e05014968,Bunny,,,,
ocd-division/country:gb/part:eng/ward:e05014969,Compton Acres,,,,
ocd-division/country:gb/part:eng/ward:e05014970,Cotgrave,,,,
ocd-division/country:gb/part:eng/ward:e05014971,Cranmer,,,,
ocd-division/country:gb/part:eng/ward:e05014972,Cropwell,,,,
ocd-division/country:gb/part:eng/ward:e05014973,East Bridgford,,,,
ocd-division/country:gb/part:eng/ward:e05014974,Edwalton,,,,
ocd-division/country:gb/part:eng/ward:e05014975,Gamston,,,,
ocd-division/country:gb/part:eng/ward:e05014976,Gotham,,,,
ocd-division/country:gb/part:eng/ward:e05014977,Keyworth & Wolds,,,,
ocd-division/country:gb/part:eng/ward:e05014978,Lady Bay,,,,
ocd-division/country:gb/part:eng/ward:e05014979,Leake,,,,
ocd-division/country:gb/part:eng/ward:e05014980,Lutterell,,,,
ocd-division/country:gb/part:eng/ward:e05014981,Musters,,,,
ocd-division/country:gb/part:eng/ward:e05014982,Nevile & Langar,,,,
ocd-division/country:gb/part:eng/ward:e05014983,Newton,,,,
ocd-division/country:gb/part:eng/ward:e05014984,Radcliffe on Trent,,,,
ocd-division/country:gb/part:eng/ward:e05014985,Ruddington,,,,
ocd-division/country:gb/part:eng/ward:e05014986,Soar Valley,,,,
ocd-division/country:gb/part:eng/ward:e05014987,Tollerton,,,,
ocd-division/country:gb/part:eng/ward:e05014988,Trent Bridge,,,,
ocd-division/country:gb/part:eng/ward:e05014989,Abram,,,,
ocd-division/country:gb/part:eng/ward:e05014990,Ashton-in-Makerfield South,,,,
ocd-division/country:gb/part:eng/ward:e05014991,"Aspull, New Springs & Whelley",,,,
ocd-division/country:gb/part:eng/ward:e05014992,Astley,,,,
ocd-division/country:gb/part:eng/ward:e05014993,Atherton North,,,,
ocd-division/country:gb/part:eng/ward:e05014994,Atherton South & Lilford,,,,
ocd-division/country:gb/part:eng/ward:e05014995,Bryn with Ashton-in-Makerfield North,,,,
ocd-division/country:gb/part:eng/ward:e05014996,Douglas,,,,
ocd-division/country:gb/part:eng/ward:e05014997,Golborne & Lowton West,,,,
ocd-division/country:gb/part:eng/ward:e05014998,Hindley,,,,
ocd-division/country:gb/part:eng/ward:e05014999,Hindley Green,,,,
ocd-division/country:gb/part:eng/ward:e05015000,Ince,,,,
ocd-division/country:gb/part:eng/ward:e05015001,Leigh Central & Higher Folds,,,,
ocd-division/country:gb/part:eng/ward:e05015002,Leigh South,,,,
ocd-division/country:gb/part:eng/ward:e05015003,Leigh West,,,,
ocd-division/country:gb/part:eng/ward:e05015004,Lowton East,,,,
ocd-division/country:gb/part:eng/ward:e05015005,Orrell,,,,
ocd-division/country:gb/part:eng/ward:e05015006,Pemberton,,,,
ocd-division/country:gb/part:eng/ward:e05015007,Shevington with Lower Ground & Moor,,,,
ocd-division/country:gb/part:eng/ward:e05015008,Standish with Langtree,,,,
ocd-division/country:gb/part:eng/ward:e05015009,Tyldesley & Mosley Common,,,,
ocd-division/country:gb/part:eng/ward:e05015010,Wigan Central,,,,
ocd-division/country:gb/part:eng/ward:e05015011,Wigan West,,,,
ocd-division/country:gb/part:eng/ward:e05015012,Winstanley,,,,
ocd-division/country:gb/part:eng/ward:e05015013,Worsley Mesnes,,,,
ocd-division/country:gb/part:eng/ward:e05015014,Bramhall North,,,,
ocd-division/country:gb/part:eng/ward:e05015015,Bramhall South & Woodford,,,,
ocd-division/country:gb/part:eng/ward:e05015016,Bredbury & Woodley,,,,
ocd-division/country:gb/part:eng/ward:e05015017,Bredbury Green & Romiley,,,,
ocd-division/country:gb/part:eng/ward:e05015018,Brinnington & Stockport Central,,,,
ocd-division/country:gb/part:eng/ward:e05015019,Cheadle East & Cheadle Hulme North,,,,
ocd-division/country:gb/part:eng/ward:e05015020,Cheadle Hulme South,,,,
ocd-division/country:gb/part:eng/ward:e05015021,Cheadle West & Gatley,,,,
ocd-division/country:gb/part:eng/ward:e05015022,Davenport & Cale Green,,,,
ocd-division/country:gb/part:eng/ward:e05015023,Edgeley,,,,
ocd-division/country:gb/part:eng/ward:e05015024,Hazel Grove,,,,
ocd-division/country:gb/part:eng/ward:e05015025,Heald Green,,,,
ocd-division/country:gb/part:eng/ward:e05015026,Heatons North,,,,
ocd-division/country:gb/part:eng/ward:e05015027,Heatons South,,,,
ocd-division/country:gb/part:eng/ward:e05015028,Manor,,,,
ocd-division/country:gb/part:eng/ward:e05015029,Marple North,,,,
ocd-division/country:gb/part:eng/ward:e05015030,Marple South & High Lane,,,,
ocd-division/country:gb/part:eng/ward:e05015031,Norbury & Woodsmoor,,,,
ocd-division/country:gb/part:eng/ward:e05015032,Offerton,,,,
ocd-division/country:gb/part:eng/ward:e05015033,Reddish North,,,,
ocd-division/country:gb/part:eng/ward:e05015034,Reddish South,,,,
ocd-division/country:gb/part:eng/ward:e05015035,Aylesford North & North Downs,,,,
ocd-division/country:gb/part:eng/ward:e05015036,Aylesford South & Ditton,,,,
ocd-division/country:gb/part:eng/ward:e05015037,"Birling, Leybourne & Ryarsh",,,,
ocd-division/country:gb/part:eng/ward:e05015038,Borough Green & Platt,,,,
ocd-division/country:gb/part:eng/ward:e05015039,Bourne,,,,
ocd-division/country:gb/part:eng/ward:e05015040,Cage Green & Angel,,,,
ocd-division/country:gb/part:eng/ward:e05015041,"East and West Peckham, Mereworth & Wateringbury",,,,
ocd-division/country:gb/part:eng/ward:e05015042,"East Malling, West Malling & Offham",,,,
ocd-division/country:gb/part:eng/ward:e05015043,Higham,,,,
ocd-division/country:gb/part:eng/ward:e05015044,Hildenborough,,,,
ocd-division/country:gb/part:eng/ward:e05015045,Judd,,,,
ocd-division/country:gb/part:eng/ward:e05015046,Kings Hill,,,,
ocd-division/country:gb/part:eng/ward:e05015047,Larkfield,,,,
ocd-division/country:gb/part:eng/ward:e05015048,Pilgrims with Ightham,,,,
ocd-division/country:gb/part:eng/ward:e05015049,Snodland East & Ham Hill,,,,
ocd-division/country:gb/part:eng/ward:e05015050,Snodland West & Holborough Lakes,,,,
ocd-division/country:gb/part:eng/ward:e05015051,Trench,,,,
ocd-division/country:gb/part:eng/ward:e05015052,Vauxhall,,,,
ocd-division/country:gb/part:eng/ward:e05015053,Walderslade,,,,
ocd-division/country:gb/part:eng/ward:e05015054,Bilbrook,,,,
ocd-division/country:gb/part:eng/ward:e05015055,"Brewood, Coven & Blymhill",,,,
ocd-division/country:gb/part:eng/ward:e05015056,Cheslyn Hay Village,,,,
ocd-division/country:gb/part:eng/ward:e05015057,Codsall,,,,
ocd-division/country:gb/part:eng/ward:e05015058,Essington,,,,
ocd-division/country:gb/part:eng/ward:e05015059,"Featherstone, Sharehill & Saredon",,,,
ocd-division/country:gb/part:eng/ward:e05015060,Great Wyrley Landywood,,,,
ocd-division/country:gb/part:eng/ward:e05015061,Great Wyrley Town,,,,
ocd-division/country:gb/part:eng/ward:e05015062,Himley & Swindon,,,,
ocd-division/country:gb/part:eng/ward:e05015063,Huntington & Hatherton,,,,
ocd-division/country:gb/part:eng/ward:e05015064,Kinver & Enville,,,,
ocd-division/country:gb/part:eng/ward:e05015065,"Lapley, Stretton & Wheaton Aston",,,,
ocd-division/country:gb/part:eng/ward:e05015066,"Pattingham, Trysull, Bobbington & Lower Penn",,,,
ocd-division/country:gb/part:eng/ward:e05015067,Penkridge North & Acton Trussell,,,,
ocd-division/country:gb/part:eng/ward:e05015068,Penkridge South & Gailey,,,,
ocd-division/country:gb/part:eng/ward:e05015069,Perton East,,,,
ocd-division/country:gb/part:eng/ward:e05015070,Perton Lakeside,,,,
ocd-division/country:gb/part:eng/ward:e05015071,Perton Wrottesley,,,,
ocd-division/country:gb/part:eng/ward:e05015072,Wombourne North,,,,
ocd-division/country:gb/part:eng/ward:e05015073,Wombourne South,,,,
ocd-division/country:gb/part:eng/ward:e05015074,Ashby Central,,,,
ocd-division/country:gb/part:eng/ward:e05015075,Ashby Lakeside,,,,
ocd-division/country:gb/part:eng/ward:e05015076,Axholme Central,,,,
ocd-division/country:gb/part:eng/ward:e05015077,Axholme North,,,,
ocd-division/country:gb/part:eng/ward:e05015078,Axholme South,,,,
ocd-division/country:gb/part:eng/ward:e05015079,Barton,,,,
ocd-division/country:gb/part:eng/ward:e05015080,Bottesford,,,,
ocd-division/country:gb/part:eng/ward:e05015081,Brigg & Wolds,,,,
ocd-division/country:gb/part:eng/ward:e05015082,Broughton & Scawby,,,,
ocd-division/country:gb/part:eng/ward:e05015083,Brumby,,,,
ocd-division/country:gb/part:eng/ward:e05015084,Burringham & Gunness,,,,
ocd-division/country:gb/part:eng/ward:e05015085,Burton upon Stather & Winterton,,,,
ocd-division/country:gb/part:eng/ward:e05015086,Crosby & Park,,,,
ocd-division/country:gb/part:eng/ward:e05015087,Ferry,,,,
ocd-division/country:gb/part:eng/ward:e05015088,Frodingham,,,,
ocd-division/country:gb/part:eng/ward:e05015089,Kingsway with Lincoln Gardens,,,,
ocd-division/country:gb/part:eng/ward:e05015090,Messingham,,,,
ocd-division/country:gb/part:eng/ward:e05015091,Ridge,,,,
ocd-division/country:gb/part:eng/ward:e05015092,Town,,,,
ocd-division/country:gb/part:eng/ward:e05015093,Auriol,,,,
ocd-division/country:gb/part:eng/ward:e05015094,College,,,,
ocd-division/country:gb/part:eng/ward:e05015095,Court,,,,
ocd-division/country:gb/part:eng/ward:e05015096,Cuddington,,,,
ocd-division/country:gb/part:eng/ward:e05015097,Ewell Court,,,,
ocd-division/country:gb/part:eng/ward:e05015098,Ewell Village,,,,
ocd-division/country:gb/part:eng/ward:e05015099,Horton,,,,
ocd-division/country:gb/part:eng/ward:e05015100,Nonsuch,,,,
ocd-division/country:gb/part:eng/ward:e05015101,Ruxley,,,,
ocd-division/country:gb/part:eng/ward:e05015102,Stamford,,,,
ocd-division/country:gb/part:eng/ward:e05015103,Stoneleigh,,,,
ocd-division/country:gb/part:eng/ward:e05015104,Town,,,,
ocd-division/country:gb/part:eng/ward:e05015105,West Ewell,,,,
ocd-division/country:gb/part:eng/ward:e05015106,Woodcote & Langley Vale,,,,
ocd-division/country:gb/part:eng/ward:e05015107,Alcester East,,,,
ocd-division/country:gb/part:eng/ward:e05015108,Alcester West,,,,
ocd-division/country:gb/part:eng/ward:e05015109,Bidford East,,,,
ocd-division/country:gb/part:eng/ward:e05015110,Bidford West,,,,
ocd-division/country:gb/part:eng/ward:e05015111,"Bishop's Itchington, Fenny Compton & Napton",,,,
ocd-division/country:gb/part:eng/ward:e05015112,Brailes & Compton,,,,
ocd-division/country:gb/part:eng/ward:e05015113,Claverdon & Snitterfield,,,,
ocd-division/country:gb/part:eng/ward:e05015114,"Gaydon, Kineton & Upper Lighthorne",,,,
ocd-division/country:gb/part:eng/ward:e05015115,Harbury,,,,
ocd-division/country:gb/part:eng/ward:e05015116,Henley-in-Arden,,,,
ocd-division/country:gb/part:eng/ward:e05015117,Kinwarton,,,,
ocd-division/country:gb/part:eng/ward:e05015118,Long Marston,,,,
ocd-division/country:gb/part:eng/ward:e05015119,Quinton,,,,
ocd-division/country:gb/part:eng/ward:e05015120,Salford Priors & Alcester Rural,,,,
ocd-division/country:gb/part:eng/ward:e05015121,Shipston North,,,,
ocd-division/country:gb/part:eng/ward:e05015122,Shipston South,,,,
ocd-division/country:gb/part:eng/ward:e05015123,"Southam East, Central & Stockton",,,,
ocd-division/country:gb/part:eng/ward:e05015124,Southam North & Long Itchington,,,,
ocd-division/country:gb/part:eng/ward:e05015125,Southam South,,,,
ocd-division/country:gb/part:eng/ward:e05015126,Southam West,,,,
ocd-division/country:gb/part:eng/ward:e05015127,Stratford Avenue,,,,
ocd-division/country:gb/part:eng/ward:e05015128,Stratford Bishopton,,,,
ocd-division/country:gb/part:eng/ward:e05015129,Stratford Clopton,,,,
ocd-division/country:gb/part:eng/ward:e05015130,Stratford Guildhall & Bridgetown,,,,
ocd-division/country:gb/part:eng/ward:e05015131,Stratford Hathaway,,,,
ocd-division/country:gb/part:eng/ward:e05015132,Stratford Orchard Hill,,,,
ocd-division/country:gb/part:eng/ward:e05015133,Stratford Shottery,,,,
ocd-division/country:gb/part:eng/ward:e05015134,Stratford Tiddington,,,,
ocd-division/country:gb/part:eng/ward:e05015135,Stratford Welcombe,,,,
ocd-division/country:gb/part:eng/ward:e05015136,Studley North,,,,
ocd-division/country:gb/part:eng/ward:e05015137,Studley South,,,,
ocd-division/country:gb/part:eng/ward:e05015138,Tanworth-in-Arden,,,,
ocd-division/country:gb/part:eng/ward:e05015139,Tredington,,,,
ocd-division/country:gb/part:eng/ward:e05015140,Tysoe,,,,
ocd-division/country:gb/part:eng/ward:e05015141,Welford-on-Avon,,,,
ocd-division/country:gb/part:eng/ward:e05015142,Wellesbourne East & Rural,,,,
ocd-division/country:gb/part:eng/ward:e05015143,Wellesbourne North & Rural,,,,
ocd-division/country:gb/part:eng/ward:e05015144,Wellesbourne South,,,,
ocd-division/country:gb/part:eng/ward:e05015145,Wootton Wawen,,,,
ocd-division/country:gb/part:eng/ward:e05015146,"Alfold, Dunsfold & Hascombe",,,,
ocd-division/country:gb/part:eng/ward:e05015147,Bramley & Wonersh,,,,
ocd-division/country:gb/part:eng/ward:e05015148,Chiddingfold,,,,
ocd-division/country:gb/part:eng/ward:e05015149,Cranleigh East,,,,
ocd-division/country:gb/part:eng/ward:e05015150,Cranleigh West,,,,
ocd-division/country:gb/part:eng/ward:e05015151,Elstead & Peper Harow,,,,
ocd-division/country:gb/part:eng/ward:e05015152,Ewhurst & Ellens Green,,,,
ocd-division/country:gb/part:eng/ward:e05015153,Farnham Bourne,,,,
ocd-division/country:gb/part:eng/ward:e05015154,Farnham Castle,,,,
ocd-division/country:gb/part:eng/ward:e05015155,Farnham Firgrove,,,,
ocd-division/country:gb/part:eng/ward:e05015156,Farnham Heath End,,,,
ocd-division/country:gb/part:eng/ward:e05015157,Farnham Moor Park,,,,
ocd-division/country:gb/part:eng/ward:e05015158,Farnham North West,,,,
ocd-division/country:gb/part:eng/ward:e05015159,Farnham Rowledge,,,,
ocd-division/country:gb/part:eng/ward:e05015160,Farnham Weybourne,,,,
ocd-division/country:gb/part:eng/ward:e05015161,Godalming Binscombe & Charterhouse,,,,
ocd-division/country:gb/part:eng/ward:e05015162,Godalming Central & Ockford,,,,
ocd-division/country:gb/part:eng/ward:e05015163,Godalming Farncombe & Catteshall,,,,
ocd-division/country:gb/part:eng/ward:e05015164,Godalming Holloway,,,,
ocd-division/country:gb/part:eng/ward:e05015165,Haslemere East,,,,
ocd-division/country:gb/part:eng/ward:e05015166,Haslemere West,,,,
ocd-division/country:gb/part:eng/ward:e05015167,Hindhead & Beacon Hill,,,,
ocd-division/country:gb/part:eng/ward:e05015168,Milford & Witley,,,,
ocd-division/country:gb/part:eng/ward:e05015169,Western Commons,,,,
ocd-division/country:gb/part:eng/ward:e05015170,Brampton East & Boythorpe,,,,
ocd-division/country:gb/part:eng/ward:e05015171,Brampton West & Loundsley Green,,,,
ocd-division/country:gb/part:eng/ward:e05015172,Brimington North,,,,
ocd-division/country:gb/part:eng/ward:e05015173,Brimington South,,,,
ocd-division/country:gb/part:eng/ward:e05015174,Brockwell,,,,
ocd-division/country:gb/part:eng/ward:e05015175,Dunston,,,,
ocd-division/country:gb/part:eng/ward:e05015176,Hasland,,,,
ocd-division/country:gb/part:eng/ward:e05015177,Linacre,,,,
ocd-division/country:gb/part:eng/ward:e05015178,Rother,,,,
ocd-division/country:gb/part:eng/ward:e05015179,Spire,,,,
ocd-division/country:gb/part:eng/ward:e05015180,Staveley Central,,,,
ocd-division/country:gb/part:eng/ward:e05015181,Staveley North,,,,
ocd-division/country:gb/part:eng/ward:e05015182,Staveley South,,,,
ocd-division/country:gb/part:eng/ward:e05015183,Walton,,,,
ocd-division/country:gb/part:eng/ward:e05015184,Whittington,,,,
ocd-division/country:gb/part:eng/ward:e05015185,Whittington Moor,,,,
ocd-division/country:gb/part:eng/ward:e05015186,Anchorsholme,,,,
ocd-division/country:gb/part:eng/ward:e05015187,Bispham,,,,
ocd-division/country:gb/part:eng/ward:e05015188,Bloomfield,,,,
ocd-division/country:gb/part:eng/ward:e05015189,Brunswick,,,,
ocd-division/country:gb/part:eng/ward:e05015190,Claremont,,,,
ocd-division/country:gb/part:eng/ward:e05015191,Clifton,,,,
ocd-division/country:gb/part:eng/ward:e05015192,Greenlands,,,,
ocd-division/country:gb/part:eng/ward:e05015193,Hawes Side,,,,
ocd-division/country:gb/part:eng/ward:e05015194,Highfield,,,,
ocd-division/country:gb/part:eng/ward:e05015195,Ingthorpe,,,,
ocd-division/country:gb/part:eng/ward:e05015196,Layton,,,,
ocd-division/country:gb/part:eng/ward:e05015197,Marton,,,,
ocd-division/country:gb/part:eng/ward:e05015198,Norbreck,,,,
ocd-division/country:gb/part:eng/ward:e05015199,Park,,,,
ocd-division/country:gb/part:eng/ward:e05015200,Squires Gate,,,,
ocd-division/country:gb/part:eng/ward:e05015201,Stanley,,,,
ocd-division/country:gb/part:eng/ward:e05015202,Talbot,,,,
ocd-division/country:gb/part:eng/ward:e05015203,Tyldesley,,,,
ocd-division/country:gb/part:eng/ward:e05015204,Victoria,,,,
ocd-division/country:gb/part:eng/ward:e05015205,Warbreck,,,,
ocd-division/country:gb/part:eng/ward:e05015206,Waterloo,,,,
ocd-division/country:gb/part:eng/ward:e05015207,Admaston & Bratton,,,,
ocd-division/country:gb/part:eng/ward:e05015208,Apley Castle,,,,
ocd-division/country:gb/part:eng/ward:e05015209,Arleston & College,,,,
ocd-division/country:gb/part:eng/ward:e05015210,Brookside,,,,
ocd-division/country:gb/part:eng/ward:e05015211,Church Aston & Lilleshall,,,,
ocd-division/country:gb/part:eng/ward:e05015212,Dawley & Aqueduct,,,,
ocd-division/country:gb/part:eng/ward:e05015213,Donnington,,,,
ocd-division/country:gb/part:eng/ward:e05015214,Edgmond,,,,
ocd-division/country:gb/part:eng/ward:e05015215,Ercall,,,,
ocd-division/country:gb/part:eng/ward:e05015216,Ercall Magna,,,,
ocd-division/country:gb/part:eng/ward:e05015217,Hadley & Leegomery,,,,
ocd-division/country:gb/part:eng/ward:e05015218,Haygate & Park,,,,
ocd-division/country:gb/part:eng/ward:e05015219,Horsehay & Lightmoor,,,,
ocd-division/country:gb/part:eng/ward:e05015220,Ironbridge Gorge,,,,
ocd-division/country:gb/part:eng/ward:e05015221,Ketley,,,,
ocd-division/country:gb/part:eng/ward:e05015222,Lawley,,,,
ocd-division/country:gb/part:eng/ward:e05015223,Madeley & Sutton Hill,,,,
ocd-division/country:gb/part:eng/ward:e05015224,Malinslee & Dawley Bank,,,,
ocd-division/country:gb/part:eng/ward:e05015225,Muxton,,,,
ocd-division/country:gb/part:eng/ward:e05015226,Newport East,,,,
ocd-division/country:gb/part:eng/ward:e05015227,Newport North,,,,
ocd-division/country:gb/part:eng/ward:e05015228,Newport South,,,,
ocd-division/country:gb/part:eng/ward:e05015229,Newport West,,,,
ocd-division/country:gb/part:eng/ward:e05015230,Oakengates & Ketley Bank,,,,
ocd-division/country:gb/part:eng/ward:e05015231,Overdale & The Rock,,,,
ocd-division/country:gb/part:eng/ward:e05015232,Priorslee,,,,
ocd-division/country:gb/part:eng/ward:e05015233,Shawbirch & Dothill,,,,
ocd-division/country:gb/part:eng/ward:e05015234,St Georges,,,,
ocd-division/country:gb/part:eng/ward:e05015235,The Nedge,,,,
ocd-division/country:gb/part:eng/ward:e05015236,Woodside,,,,
ocd-division/country:gb/part:eng/ward:e05015237,Wrockwardine,,,,
ocd-division/country:gb/part:eng/ward:e05015238,Wrockwardine Wood & Trench,,,,
ocd-division/country:gb/part:eng/ward:e05015239,Altrincham,,,,
ocd-division/country:gb/part:eng/ward:e05015240,Ashton upon Mersey,,,,
ocd-division/country:gb/part:eng/ward:e05015241,Bowdon,,,,
ocd-division/country:gb/part:eng/ward:e05015242,Broadheath,,,,
ocd-division/country:gb/part:eng/ward:e05015243,Brooklands,,,,
ocd-division/country:gb/part:eng/ward:e05015244,Bucklow-St Martins,,,,
ocd-division/country:gb/part:eng/ward:e05015245,Davyhulme,,,,
ocd-division/country:gb/part:eng/ward:e05015246,Flixton,,,,
ocd-division/country:gb/part:eng/ward:e05015247,Gorse Hill & Cornbrook,,,,
ocd-division/country:gb/part:eng/ward:e05015248,Hale,,,,
ocd-division/country:gb/part:eng/ward:e05015249,Hale Barns & Timperley South,,,,
ocd-division/country:gb/part:eng/ward:e05015250,Longford,,,,
ocd-division/country:gb/part:eng/ward:e05015251,Lostock & Barton,,,,
ocd-division/country:gb/part:eng/ward:e05015252,Manor,,,,
ocd-division/country:gb/part:eng/ward:e05015253,Old Trafford,,,,
ocd-division/country:gb/part:eng/ward:e05015254,Sale Central,,,,
ocd-division/country:gb/part:eng/ward:e05015255,Sale Moor,,,,
ocd-division/country:gb/part:eng/ward:e05015256,Stretford & Humphrey Park,,,,
ocd-division/country:gb/part:eng/ward:e05015257,Timperley Central,,,,
ocd-division/country:gb/part:eng/ward:e05015258,Timperley North,,,,
ocd-division/country:gb/part:eng/ward:e05015259,Urmston,,,,
ocd-division/country:gb/part:eng/ward:e05015260,Blaby,,,,
ocd-division/country:gb/part:eng/ward:e05015261,Braunstone Millfield,,,,
ocd-division/country:gb/part:eng/ward:e05015262,Braunstone Ravenhurst,,,,
ocd-division/country:gb/part:eng/ward:e05015263,Cosby & South Whetstone,,,,
ocd-division/country:gb/part:eng/ward:e05015264,Countesthorpe,,,,
ocd-division/country:gb/part:eng/ward:e05015265,Enderby,,,,
ocd-division/country:gb/part:eng/ward:e05015266,Fosse Highcross,,,,
ocd-division/country:gb/part:eng/ward:e05015267,Fosse Normanton,,,,
ocd-division/country:gb/part:eng/ward:e05015268,Fosse Stoney Cove,,,,
ocd-division/country:gb/part:eng/ward:e05015269,Glen Parva,,,,
ocd-division/country:gb/part:eng/ward:e05015270,Glenfield Ellis,,,,
ocd-division/country:gb/part:eng/ward:e05015271,Glenfield Faire,,,,
ocd-division/country:gb/part:eng/ward:e05015272,Kirby Muxloe,,,,
ocd-division/country:gb/part:eng/ward:e05015273,Leicester Forest & Lubbesthorpe,,,,
ocd-division/country:gb/part:eng/ward:e05015274,Narborough & Littlethorpe,,,,
ocd-division/country:gb/part:eng/ward:e05015275,North Whetstone,,,,
ocd-division/country:gb/part:eng/ward:e05015276,Thorpe Astley & St Mary's,,,,
ocd-division/country:gb/part:eng/ward:e05015277,Aigburth,,,,
ocd-division/country:gb/part:eng/ward:e05015278,Allerton,,,,
ocd-division/country:gb/part:eng/ward:e05015279,Anfield,,,,
ocd-division/country:gb/part:eng/ward:e05015280,Arundel,,,,
ocd-division/country:gb/part:eng/ward:e05015281,Belle Vale,,,,
ocd-division/country:gb/part:eng/ward:e05015282,Broadgreen,,,,
ocd-division/country:gb/part:eng/ward:e05015283,Brownlow Hill,,,,
ocd-division/country:gb/part:eng/ward:e05015284,Calderstones,,,,
ocd-division/country:gb/part:eng/ward:e05015285,Canning,,,,
ocd-division/country:gb/part:eng/ward:e05015286,Childwall,,,,
ocd-division/country:gb/part:eng/ward:e05015287,Church,,,,
ocd-division/country:gb/part:eng/ward:e05015288,City Centre North,,,,
ocd-division/country:gb/part:eng/ward:e05015289,City Centre South,,,,
ocd-division/country:gb/part:eng/ward:e05015290,Clubmoor East,,,,
ocd-division/country:gb/part:eng/ward:e05015291,Clubmoor West,,,,
ocd-division/country:gb/part:eng/ward:e05015292,County,,,,
ocd-division/country:gb/part:eng/ward:e05015293,Croxteth,,,,
ocd-division/country:gb/part:eng/ward:e05015294,Croxteth Country Park,,,,
ocd-division/country:gb/part:eng/ward:e05015295,Dingle,,,,
ocd-division/country:gb/part:eng/ward:e05015296,Edge Hill,,,,
ocd-division/country:gb/part:eng/ward:e05015297,Everton East,,,,
ocd-division/country:gb/part:eng/ward:e05015298,Everton North,,,,
ocd-division/country:gb/part:eng/ward:e05015299,Everton West,,,,
ocd-division/country:gb/part:eng/ward:e05015300,Fazakerley East,,,,
ocd-division/country:gb/part:eng/ward:e05015301,Fazakerley North,,,,
ocd-division/country:gb/part:eng/ward:e05015302,Fazakerley West,,,,
ocd-division/country:gb/part:eng/ward:e05015303,Festival Gardens,,,,
ocd-division/country:gb/part:eng/ward:e05015304,Garston,,,,
ocd-division/country:gb/part:eng/ward:e05015305,Gateacre,,,,
ocd-division/country:gb/part:eng/ward:e05015306,Grassendale & Cressington,,,,
ocd-division/country:gb/part:eng/ward:e05015307,Greenbank Park,,,,
ocd-division/country:gb/part:eng/ward:e05015308,Kensington & Fairfield,,,,
ocd-division/country:gb/part:eng/ward:e05015309,Kirkdale East,,,,
ocd-division/country:gb/part:eng/ward:e05015310,Kirkdale West,,,,
ocd-division/country:gb/part:eng/ward:e05015311,Knotty Ash & Dovecot Park,,,,
ocd-division/country:gb/part:eng/ward:e05015312,Mossley Hill,,,,
ocd-division/country:gb/part:eng/ward:e05015313,Much Woolton & Hunts Cross,,,,
ocd-division/country:gb/part:eng/ward:e05015314,Norris Green,,,,
ocd-division/country:gb/part:eng/ward:e05015315,Old Swan East,,,,
ocd-division/country:gb/part:eng/ward:e05015316,Old Swan West,,,,
ocd-division/country:gb/part:eng/ward:e05015317,Orrell Park,,,,
ocd-division/country:gb/part:eng/ward:e05015318,Penny Lane,,,,
ocd-division/country:gb/part:eng/ward:e05015319,Princes Park,,,,
ocd-division/country:gb/part:eng/ward:e05015320,Sandfield Park,,,,
ocd-division/country:gb/part:eng/ward:e05015321,Sefton Park,,,,
ocd-division/country:gb/part:eng/ward:e05015322,Smithdown,,,,
ocd-division/country:gb/part:eng/ward:e05015323,Speke,,,,
ocd-division/country:gb/part:eng/ward:e05015324,Springwood,,,,
ocd-division/country:gb/part:eng/ward:e05015325,St Michaels,,,,
ocd-division/country:gb/part:eng/ward:e05015326,Stoneycroft,,,,
ocd-division/country:gb/part:eng/ward:e05015327,Toxteth,,,,
ocd-division/country:gb/part:eng/ward:e05015328,Tuebrook Breckside Park,,,,
ocd-division/country:gb/part:eng/ward:e05015329,Tuebrook Larkhill,,,,
ocd-division/country:gb/part:eng/ward:e05015330,Vauxhall,,,,
ocd-division/country:gb/part:eng/ward:e05015331,Walton,,,,
ocd-division/country:gb/part:eng/ward:e05015332,Waterfront North,,,,
ocd-division/country:gb/part:eng/ward:e05015333,Waterfront South,,,,
ocd-division/country:gb/part:eng/ward:e05015334,Wavertree Garden Suburb,,,,
ocd-division/country:gb/part:eng/ward:e05015335,Wavertree Village,,,,
ocd-division/country:gb/part:eng/ward:e05015336,West Derby Deysbrook,,,,
ocd-division/country:gb/part:eng/ward:e05015337,West Derby Leyfield,,,,
ocd-division/country:gb/part:eng/ward:e05015338,West Derby Muirhead,,,,
ocd-division/country:gb/part:eng/ward:e05015339,Woolton Village,,,,
ocd-division/country:gb/part:eng/ward:e05015340,Yew Tree,,,,
ocd-division/country:gb/part:eng/ward:e05015341,Ashtead Lanes & Common,,,,
ocd-division/country:gb/part:eng/ward:e05015342,Ashtead Park,,,,
ocd-division/country:gb/part:eng/ward:e05015343,Bookham East & Eastwick Park,,,,
ocd-division/country:gb/part:eng/ward:e05015344,Bookham West,,,,
ocd-division/country:gb/part:eng/ward:e05015345,"Brockham, Betchworth, Buckland, Box Hill & Headley",,,,
ocd-division/country:gb/part:eng/ward:e05015346,"Capel, Leigh, Newdigate & Charlwood",,,,
ocd-division/country:gb/part:eng/ward:e05015347,Dorking North,,,,
ocd-division/country:gb/part:eng/ward:e05015348,Dorking South,,,,
ocd-division/country:gb/part:eng/ward:e05015349,Fetcham,,,,
ocd-division/country:gb/part:eng/ward:e05015350,Holmwoods & Beare Green,,,,
ocd-division/country:gb/part:eng/ward:e05015351,Leatherhead North,,,,
ocd-division/country:gb/part:eng/ward:e05015352,Leatherhead South,,,,
ocd-division/country:gb/part:eng/ward:e05015353,"Mickleham, Westcott & Okewood",,,,
ocd-division/country:gb/part:eng/ward:e05015354,"Aston, Datchworth & Walkern",,,,
ocd-division/country:gb/part:eng/ward:e05015355,Bishop's Stortford All Saints,,,,
ocd-division/country:gb/part:eng/ward:e05015356,Bishop's Stortford Central,,,,
ocd-division/country:gb/part:eng/ward:e05015357,Bishop's Stortford North,,,,
ocd-division/country:gb/part:eng/ward:e05015358,Bishop's Stortford Parsonage,,,,
ocd-division/country:gb/part:eng/ward:e05015359,Bishop's Stortford South,,,,
ocd-division/country:gb/part:eng/ward:e05015360,Bishop's Stortford Thorley Manor,,,,
ocd-division/country:gb/part:eng/ward:e05015361,Braughing & Standon,,,,
ocd-division/country:gb/part:eng/ward:e05015362,Buntingford,,,,
ocd-division/country:gb/part:eng/ward:e05015363,Great Amwell & Stansteads,,,,
ocd-division/country:gb/part:eng/ward:e05015364,Hertford Bengeo,,,,
ocd-division/country:gb/part:eng/ward:e05015365,Hertford Castle,,,,
ocd-division/country:gb/part:eng/ward:e05015366,Hertford Heath & Brickendon,,,,
ocd-division/country:gb/part:eng/ward:e05015367,Hertford Kingsmead,,,,
ocd-division/country:gb/part:eng/ward:e05015368,Hertford Rural,,,,
ocd-division/country:gb/part:eng/ward:e05015369,Hertford Sele,,,,
ocd-division/country:gb/part:eng/ward:e05015370,Hunsdon,,,,
ocd-division/country:gb/part:eng/ward:e05015371,Little Hadham & The Pelhams,,,,
ocd-division/country:gb/part:eng/ward:e05015372,Much Hadham,,,,
ocd-division/country:gb/part:eng/ward:e05015373,Sawbridgeworth,,,,
ocd-division/country:gb/part:eng/ward:e05015374,The Mundens,,,,
ocd-division/country:gb/part:eng/ward:e05015375,Ware Priory,,,,
ocd-division/country:gb/part:eng/ward:e05015376,Ware Rural,,,,
ocd-division/country:gb/part:eng/ward:e05015377,Ware St Mary's,,,,
ocd-division/country:gb/part:eng/ward:e05015378,Ware Trinity,,,,
ocd-division/country:gb/part:eng/ward:e05015379,Watton-at-Stone,,,,
ocd-division/country:gb/part:eng/ward:e05015380,"Alfrick, Leigh & Rushwick",,,,
ocd-division/country:gb/part:eng/ward:e05015381,Baldwin,,,,
ocd-division/country:gb/part:eng/ward:e05015382,Barnards Green,,,,
ocd-division/country:gb/part:eng/ward:e05015383,Broadheath,,,,
ocd-division/country:gb/part:eng/ward:e05015384,"Castlemorton, Welland & Wells",,,,
ocd-division/country:gb/part:eng/ward:e05015385,Great Malvern,,,,
ocd-division/country:gb/part:eng/ward:e05015386,Hallow & Holt,,,,
ocd-division/country:gb/part:eng/ward:e05015387,Kempsey,,,,
ocd-division/country:gb/part:eng/ward:e05015388,Lindridge,,,,
ocd-division/country:gb/part:eng/ward:e05015389,Link,,,,
ocd-division/country:gb/part:eng/ward:e05015390,Longdon,,,,
ocd-division/country:gb/part:eng/ward:e05015391,Martley,,,,
ocd-division/country:gb/part:eng/ward:e05015392,Pickersleigh,,,,
ocd-division/country:gb/part:eng/ward:e05015393,Powick & the Hanleys,,,,
ocd-division/country:gb/part:eng/ward:e05015394,Tenbury,,,,
ocd-division/country:gb/part:eng/ward:e05015395,Upper Howsell,,,,
ocd-division/country:gb/part:eng/ward:e05015396,Upton & Ripple,,,,
ocd-division/country:gb/part:eng/ward:e05015397,West,,,,
ocd-division/country:gb/part:eng/ward:e05015398,Brunswick & Adelaide,,,,
ocd-division/country:gb/part:eng/ward:e05015399,Central Hove,,,,
ocd-division/country:gb/part:eng/ward:e05015400,Coldean & Stanmer,,,,
ocd-division/country:gb/part:eng/ward:e05015401,Goldsmid,,,,
ocd-division/country:gb/part:eng/ward:e05015402,Hangleton & Knoll,,,,
ocd-division/country:gb/part:eng/ward:e05015403,Hanover & Elm Grove,,,,
ocd-division/country:gb/part:eng/ward:e05015404,Hollingdean & Fiveways,,,,
ocd-division/country:gb/part:eng/ward:e05015405,Kemptown,,,,
ocd-division/country:gb/part:eng/ward:e05015406,Moulsecoomb & Bevendean,,,,
ocd-division/country:gb/part:eng/ward:e05015407,North Portslade,,,,
ocd-division/country:gb/part:eng/ward:e05015408,Patcham & Hollingbury,,,,
ocd-division/country:gb/part:eng/ward:e05015409,Preston Park,,,,
ocd-division/country:gb/part:eng/ward:e05015410,Queen's Park,,,,
ocd-division/country:gb/part:eng/ward:e05015411,Regency,,,,
ocd-division/country:gb/part:eng/ward:e05015412,Rottingdean & West Saltdean,,,,
ocd-division/country:gb/part:eng/ward:e05015413,Round Hill,,,,
ocd-division/country:gb/part:eng/ward:e05015414,South Portslade,,,,
ocd-division/country:gb/part:eng/ward:e05015415,West Hill & North Laine,,,,
ocd-division/country:gb/part:eng/ward:e05015416,Westbourne & Poets' Corner,,,,
ocd-division/country:gb/part:eng/ward:e05015417,Westdene & Hove Park,,,,
ocd-division/country:gb/part:eng/ward:e05015418,Whitehawk & Marina,,,,
ocd-division/country:gb/part:eng/ward:e05015419,Wish,,,,
ocd-division/country:gb/part:eng/ward:e05015420,Woodingdean,,,,
ocd-division/country:gb/part:eng/ward:e05015421,Chatteris North & Manea,,,,
ocd-division/country:gb/part:eng/ward:e05015422,Chatteris South,,,,
ocd-division/country:gb/part:eng/ward:e05015423,Doddington & Wimblington,,,,
ocd-division/country:gb/part:eng/ward:e05015424,Elm & Christchurch,,,,
ocd-division/country:gb/part:eng/ward:e05015425,Leverington & Wisbech Rural,,,,
ocd-division/country:gb/part:eng/ward:e05015426,March East,,,,
ocd-division/country:gb/part:eng/ward:e05015427,March North,,,,
ocd-division/country:gb/part:eng/ward:e05015428,March South,,,,
ocd-division/country:gb/part:eng/ward:e05015429,March West & Benwick,,,,
ocd-division/country:gb/part:eng/ward:e05015430,Parson Drove & Wisbech St Mary,,,,
ocd-division/country:gb/part:eng/ward:e05015431,Whittlesey East & Villages,,,,
ocd-division/country:gb/part:eng/ward:e05015432,Whittlesey Lattersey,,,,
ocd-division/country:gb/part:eng/ward:e05015433,Whittlesey North West,,,,
ocd-division/country:gb/part:eng/ward:e05015434,Whittlesey South,,,,
ocd-division/country:gb/part:eng/ward:e05015435,Wisbech North,,,,
ocd-division/country:gb/part:eng/ward:e05015436,Wisbech Riverside,,,,
ocd-division/country:gb/part:eng/ward:e05015437,Wisbech South,,,,
ocd-division/country:gb/part:eng/ward:e05015438,Wisbech Walsoken & Waterlees,,,,
ocd-division/country:gb/part:eng/ward:e05015439,Badsey & Aldington,,,,
ocd-division/country:gb/part:eng/ward:e05015440,Bengeworth,,,,
ocd-division/country:gb/part:eng/ward:e05015441,Bowbrook,,,,
ocd-division/country:gb/part:eng/ward:e05015442,Bredon,,,,
ocd-division/country:gb/part:eng/ward:e05015443,Bredon Hill,,,,
ocd-division/country:gb/part:eng/ward:e05015444,Bretforton & Offenham,,,,
ocd-division/country:gb/part:eng/ward:e05015445,"Broadway, Sedgeberrow & Childswickham",,,,
ocd-division/country:gb/part:eng/ward:e05015446,Dodderhill,,,,
ocd-division/country:gb/part:eng/ward:e05015447,"Drakes Broughton, Norton & Whittington",,,,
ocd-division/country:gb/part:eng/ward:e05015448,Droitwich East,,,,
ocd-division/country:gb/part:eng/ward:e05015449,Droitwich South East,,,,
ocd-division/country:gb/part:eng/ward:e05015450,Droitwich South West,,,,
ocd-division/country:gb/part:eng/ward:e05015451,Droitwich West,,,,
ocd-division/country:gb/part:eng/ward:e05015452,Eckington,,,,
ocd-division/country:gb/part:eng/ward:e05015453,Evesham North,,,,
ocd-division/country:gb/part:eng/ward:e05015454,Evesham South,,,,
ocd-division/country:gb/part:eng/ward:e05015455,Fladbury,,,,
ocd-division/country:gb/part:eng/ward:e05015456,Hampton,,,,
ocd-division/country:gb/part:eng/ward:e05015457,Hartlebury,,,,
ocd-division/country:gb/part:eng/ward:e05015458,Harvington & Norton,,,,
ocd-division/country:gb/part:eng/ward:e05015459,"Honeybourne, Pebworth & The Littletons",,,,
ocd-division/country:gb/part:eng/ward:e05015460,Inkberrow,,,,
ocd-division/country:gb/part:eng/ward:e05015461,North Claines & Salwarpe,,,,
ocd-division/country:gb/part:eng/ward:e05015462,Ombersley,,,,
ocd-division/country:gb/part:eng/ward:e05015463,Pershore,,,,
ocd-division/country:gb/part:eng/ward:e05015464,Pinvin,,,,
ocd-division/country:gb/part:eng/ward:e05015465,Upton Snodsbury,,,,
ocd-division/country:gb/part:eng/ward:e05015466,Ebbsfleet,,,,
ocd-division/country:gb/part:eng/ward:e05015467,Swanscombe,,,,
ocd-division/country:gb/part:eng/ward:e05015468,Marton East,,,,
ocd-division/country:gb/part:eng/ward:e05015469,Nunthorpe,,,,
ocd-division/country:gb/part:eng/ward:e05015470,Goat Hall,,,,
ocd-division/country:gb/part:eng/ward:e05015471,Great Baddow East,,,,
ocd-division/country:gb/part:eng/ward:e05015472,Great Baddow West,,,,
ocd-division/country:gb/part:eng/ward:e05015473,Moulsham and Central,,,,
ocd-division/country:gb/part:eng/ward:e05015474,Pocklington Provincial,,,,
ocd-division/country:gb/part:eng/ward:e05015475,Wolds Weighton,,,,
ocd-division/country:gb/part:eng/ward:e05015476,Carlton,,,,
ocd-division/country:gb/part:eng/ward:e05015477,Worksop North East,,,,
ocd-division/country:gb/part:eng/ward:e05015478,Downs West,,,,
ocd-division/country:gb/part:eng/ward:e05015479,Goat Lees,,,,
ocd-division/country:gb/part:eng/ward:e05015480,Badgeworth,,,,
ocd-division/country:gb/part:eng/ward:e05015481,Churchdown Brookfield with Hucclecote,,,,
ocd-division/country:gb/part:eng/ward:e05015482,Churchdown St John's,,,,
ocd-division/country:gb/part:eng/ward:e05015483,Cleeve Grange,,,,
ocd-division/country:gb/part:eng/ward:e05015484,Cleeve Hill,,,,
ocd-division/country:gb/part:eng/ward:e05015485,Innsworth,,,,
ocd-division/country:gb/part:eng/ward:e05015486,Isbourne,,,,
ocd-division/country:gb/part:eng/ward:e05015487,Tewkesbury East,,,,
ocd-division/country:gb/part:eng/ward:e05015488,Bottisham,,,,
ocd-division/country:gb/part:eng/ward:e05015489,Woodditton,,,,
ocd-division/country:gb/part:eng/ward:e05015490,Banister & Polygon,,,,
ocd-division/country:gb/part:eng/ward:e05015491,Bargate,,,,
ocd-division/country:gb/part:eng/ward:e05015492,Bassett,,,,
ocd-division/country:gb/part:eng/ward:e05015493,Bevois,,,,
ocd-division/country:gb/part:eng/ward:e05015494,Bitterne Park,,,,
ocd-division/country:gb/part:eng/ward:e05015495,Coxford,,,,
ocd-division/country:gb/part:eng/ward:e05015496,Freemantle,,,,
ocd-division/country:gb/part:eng/ward:e05015497,Harefield,,,,
ocd-division/country:gb/part:eng/ward:e05015498,Millbrook,,,,
ocd-division/country:gb/part:eng/ward:e05015499,Peartree,,,,
ocd-division/country:gb/part:eng/ward:e05015500,Portswood,,,,
ocd-division/country:gb/part:eng/ward:e05015501,Redbridge,,,,
ocd-division/country:gb/part:eng/ward:e05015502,Shirley,,,,
ocd-division/country:gb/part:eng/ward:e05015503,Sholing,,,,
ocd-division/country:gb/part:eng/ward:e05015504,Swaythling,,,,
ocd-division/country:gb/part:eng/ward:e05015505,Thornhill,,,,
ocd-division/country:gb/part:eng/ward:e05015506,Woolston,,,,
ocd-division/country:gb/part:eng/ward:e05015507,Abbey,,,,
ocd-division/country:gb/part:eng/ward:e05015508,Allestree,,,,
ocd-division/country:gb/part:eng/ward:e05015509,Alvaston North,,,,
ocd-division/country:gb/part:eng/ward:e05015510,Alvaston South,,,,
ocd-division/country:gb/part:eng/ward:e05015511,Arboretum,,,,
ocd-division/country:gb/part:eng/ward:e05015512,Blagreaves,,,,
ocd-division/country:gb/part:eng/ward:e05015513,Chaddesden East,,,,
ocd-division/country:gb/part:eng/ward:e05015514,Chaddesden North,,,,
ocd-division/country:gb/part:eng/ward:e05015515,Chaddesden West,,,,
ocd-division/country:gb/part:eng/ward:e05015516,Chellaston & Shelton Lock,,,,
ocd-division/country:gb/part:eng/ward:e05015517,Darley,,,,
ocd-division/country:gb/part:eng/ward:e05015518,Littleover,,,,
ocd-division/country:gb/part:eng/ward:e05015519,Mackworth & New Zealand,,,,
ocd-division/country:gb/part:eng/ward:e05015520,Mickleover,,,,
ocd-division/country:gb/part:eng/ward:e05015521,Normanton,,,,
ocd-division/country:gb/part:eng/ward:e05015522,Oakwood,,,,
ocd-division/country:gb/part:eng/ward:e05015523,Sinfin & Osmaston,,,,
ocd-division/country:gb/part:eng/ward:e05015524,Spondon,,,,
ocd-division/country:gb/part:eng/ward:e05015525,Baylis & Salt Hill,,,,
ocd-division/country:gb/part:eng/ward:e05015526,Britwell,,,,
ocd-division/country:gb/part:eng/ward:e05015527,Chalvey,,,,
ocd-division/country:gb/part:eng/ward:e05015528,Cippenham Green,,,,
ocd-division/country:gb/part:eng/ward:e05015529,Cippenham Manor,,,,
ocd-division/country:gb/part:eng/ward:e05015530,Cippenham Village,,,,
ocd-division/country:gb/part:eng/ward:e05015531,Colnbrook & Poyle,,,,
ocd-division/country:gb/part:eng/ward:e05015532,Elliman,,,,
ocd-division/country:gb/part:eng/ward:e05015533,Farnham,,,,
ocd-division/country:gb/part:eng/ward:e05015534,Haymill,,,,
ocd-division/country:gb/part:eng/ward:e05015535,Herschel Park,,,,
ocd-division/country:gb/part:eng/ward:e05015536,Langley Foxborough,,,,
ocd-division/country:gb/part:eng/ward:e05015537,Langley Marish,,,,
ocd-division/country:gb/part:eng/ward:e05015538,Langley Meads,,,,
ocd-division/country:gb/part:eng/ward:e05015539,Langley St Mary's,,,,
ocd-division/country:gb/part:eng/ward:e05015540,Manor Park & Stoke,,,,
ocd-division/country:gb/part:eng/ward:e05015541,Northborough & Lynch Hill Valley,,,,
ocd-division/country:gb/part:eng/ward:e05015542,Slough Central,,,,
ocd-division/country:gb/part:eng/ward:e05015543,Upton,,,,
ocd-division/country:gb/part:eng/ward:e05015544,Upton Lea,,,,
ocd-division/country:gb/part:eng/ward:e05015545,Wexham Court,,,,
ocd-division/country:gb/part:eng/ward:e05015546,Barnoldswick,,,,
ocd-division/country:gb/part:eng/ward:e05015547,Earby & Coates,,,,
ocd-division/country:gb/part:eng/ward:e05015548,Aldeburgh & Leiston,,,,
ocd-division/country:gb/part:eng/ward:e05015549,Martlesham & Purdis Farm,,,,
ocd-division/country:gb/part:eng/ward:e05015550,Melton,,,,
ocd-division/country:gb/part:eng/ward:e05015551,Orwell & Villages,,,,
ocd-division/country:gb/part:eng/ward:e05015552,Saxmundham,,,,
ocd-division/country:gb/part:eng/ward:e05015553,Woodbridge,,,,
ocd-division/country:gb/part:eng/ward:e05015554,Chedworth & Churn Valley,,,,
ocd-division/country:gb/part:eng/ward:e05015555,Ermin,,,,
ocd-division/country:gb/part:eng/ward:e05015556,Sandywell,,,,
ocd-division/country:gb/part:eng/ward:e05015557,Stratton,,,,
ocd-division/country:gb/part:eng/ward:e05015558,Henley-on-Thames,,,,
ocd-division/country:gb/part:eng/ward:e05015559,Woodcote & Rotherfield,,,,
ocd-division/country:gb/part:eng/ward:e05015560,Coltishall,,,,
ocd-division/country:gb/part:eng/ward:e05015561,Spixworth with St Faiths,,,,
ocd-division/country:gb/part:eng/ward:e05015562,Botley & Sunningwell,,,,
ocd-division/country:gb/part:eng/ward:e05015563,Kennington & Radley,,,,
ocd-division/country:gb/part:eng/ward:e05015564,"Awsworth, Cossall & Trowell",,,,
ocd-division/country:gb/part:eng/ward:e05015565,Bramcote,,,,
ocd-division/country:gb/part:eng/ward:e05015566,Greasley,,,,
ocd-division/country:gb/part:eng/ward:e05015567,Kimberley,,,,
ocd-division/country:gb/part:eng/ward:e05015568,Nuthall East & Strelley,,,,
ocd-division/country:gb/part:eng/ward:e05015569,Stapleford North,,,,
ocd-division/country:gb/part:eng/ward:e05015570,Stapleford South East,,,,
ocd-division/country:gb/part:eng/ward:e05015571,Crowthorne,,,,
ocd-division/country:gb/part:eng/ward:e05015572,Harmans Water & Crown Wood,,,,
ocd-division/country:gb/part:eng/ward:e05015573,Sandhurst,,,,
ocd-division/country:gb/part:eng/ward:e05015574,Swinley Forest,,,,
ocd-division/country:gb/part:eng/ward:e05015575,Whitegrove,,,,
ocd-division/country:gb/part:eng/ward:e05015576,Winkfield & Warfield East,,,,
ocd-division/country:gb/part:eng/ward:e05015577,Iceni,,,,
ocd-division/country:gb/part:eng/ward:e05015578,Manor,,,,
ocd-division/country:gb/part:eng/ward:e05015579,Moreton Hall,,,,
ocd-division/country:gb/part:eng/ward:e05015580,Rougham,,,,
ocd-division/country:gb/part:eng/ward:e05015581,Bedhampton,,,,
ocd-division/country:gb/part:eng/ward:e05015582,Cowplain,,,,
ocd-division/country:gb/part:eng/ward:e05015583,Emsworth,,,,
ocd-division/country:gb/part:eng/ward:e05015584,Hart Plain,,,,
ocd-division/country:gb/part:eng/ward:e05015585,Havant St Faith's,,,,
ocd-division/country:gb/part:eng/ward:e05015586,Hayling East,,,,
ocd-division/country:gb/part:eng/ward:e05015587,Hayling West,,,,
ocd-division/country:gb/part:eng/ward:e05015588,Leigh Park Central & West Leigh,,,,
ocd-division/country:gb/part:eng/ward:e05015589,Leigh Park Hermitage,,,,
ocd-division/country:gb/part:eng/ward:e05015590,Purbrook,,,,
ocd-division/country:gb/part:eng/ward:e05015591,Stakes,,,,
ocd-division/country:gb/part:eng/ward:e05015592,Waterloo,,,,
ocd-division/country:gb/part:eng/ward:e05015593,Allington & Bridge,,,,
ocd-division/country:gb/part:eng/ward:e05015594,Barming Heath & Teston,,,,
ocd-division/country:gb/part:eng/ward:e05015595,Bearsted & Downswood,,,,
ocd-division/country:gb/part:eng/ward:e05015596,Boughton Monchelsea & Chart Sutton,,,,
ocd-division/country:gb/part:eng/ward:e05015597,Boxley Downs,,,,
ocd-division/country:gb/part:eng/ward:e05015598,Coxheath & Farleigh,,,,
ocd-division/country:gb/part:eng/ward:e05015599,Fant & Oakwood,,,,
ocd-division/country:gb/part:eng/ward:e05015600,Grove Green & Vinters Park,,,,
ocd-division/country:gb/part:eng/ward:e05015601,"Harrietsham, Lenham & North Downs",,,,
ocd-division/country:gb/part:eng/ward:e05015602,Headcorn & Sutton Valence,,,,
ocd-division/country:gb/part:eng/ward:e05015603,High Street,,,,
ocd-division/country:gb/part:eng/ward:e05015604,Leeds & Langley,,,,
ocd-division/country:gb/part:eng/ward:e05015605,Loose & Linton,,,,
ocd-division/country:gb/part:eng/ward:e05015606,Marden & Yalding,,,,
ocd-division/country:gb/part:eng/ward:e05015607,Palace Wood,,,,
ocd-division/country:gb/part:eng/ward:e05015608,Park Wood & Mangravet,,,,
ocd-division/country:gb/part:eng/ward:e05015609,Penenden Heath,,,,
ocd-division/country:gb/part:eng/ward:e05015610,Ringlestone,,,,
ocd-division/country:gb/part:eng/ward:e05015611,Senacre,,,,
ocd-division/country:gb/part:eng/ward:e05015612,Shepway,,,,
ocd-division/country:gb/part:eng/ward:e05015613,Staplehurst,,,,
ocd-division/country:gb/part:eng/ward:e05015614,Tovil,,,,
ocd-division/country:gb/part:eng/ward:e05015615,Astwood Bank & Feckenham,,,,
ocd-division/country:gb/part:eng/ward:e05015616,Batchley & Brockhill,,,,
ocd-division/country:gb/part:eng/ward:e05015617,Central,,,,
ocd-division/country:gb/part:eng/ward:e05015618,Greenlands & Lakeside,,,,
ocd-division/country:gb/part:eng/ward:e05015619,Headless Cross & Oakenshaw,,,,
ocd-division/country:gb/part:eng/ward:e05015620,Matchborough & Woodrow,,,,
ocd-division/country:gb/part:eng/ward:e05015621,North,,,,
ocd-division/country:gb/part:eng/ward:e05015622,Webheath & Callow Hill,,,,
ocd-division/country:gb/part:eng/ward:e05015623,Winyates,,,,
ocd-division/country:gb/part:eng/ward:e05015624,Almond Hill,,,,
ocd-division/country:gb/part:eng/ward:e05015625,Bandley Hill & Poplars,,,,
ocd-division/country:gb/part:eng/ward:e05015626,Bedwell,,,,
ocd-division/country:gb/part:eng/ward:e05015627,Chells,,,,
ocd-division/country:gb/part:eng/ward:e05015628,Longmeadow,,,,
ocd-division/country:gb/part:eng/ward:e05015629,Manor,,,,
ocd-division/country:gb/part:eng/ward:e05015630,Martins Wood,,,,
ocd-division/country:gb/part:eng/ward:e05015631,Old Town,,,,
ocd-division/country:gb/part:eng/ward:e05015632,Roebuck,,,,
ocd-division/country:gb/part:eng/ward:e05015633,Shephall,,,,
ocd-division/country:gb/part:eng/ward:e05015634,St Nicholas,,,,
ocd-division/country:gb/part:eng/ward:e05015635,Symonds Green,,,,
ocd-division/country:gb/part:eng/ward:e05015636,Woodfield,,,,
ocd-division/country:gb/part:eng/ward:e05015637,Billericay East,,,,
ocd-division/country:gb/part:eng/ward:e05015638,Billericay West,,,,
ocd-division/country:gb/part:eng/ward:e05015639,Burstead,,,,
ocd-division/country:gb/part:eng/ward:e05015640,Castledon & Crouch,,,,
ocd-division/country:gb/part:eng/ward:e05015641,Fryerns,,,,
ocd-division/country:gb/part:eng/ward:e05015642,Laindon Park,,,,
ocd-division/country:gb/part:eng/ward:e05015643,Langdon Hills,,,,
ocd-division/country:gb/part:eng/ward:e05015644,Lee Chapel North,,,,
ocd-division/country:gb/part:eng/ward:e05015645,Nethermayne,,,,
ocd-division/country:gb/part:eng/ward:e05015646,Pitsea North West,,,,
ocd-division/country:gb/part:eng/ward:e05015647,Pitsea South East,,,,
ocd-division/country:gb/part:eng/ward:e05015648,St Martin's,,,,
ocd-division/country:gb/part:eng/ward:e05015649,Wickford North,,,,
ocd-division/country:gb/part:eng/ward:e05015650,Wickford Park,,,,
ocd-division/country:gb/part:eng/ward:e05015651,Blackmore & Doddinghurst,,,,
ocd-division/country:gb/part:eng/ward:e05015652,Brentwood North,,,,
ocd-division/country:gb/part:eng/ward:e05015653,Brentwood South,,,,
ocd-division/country:gb/part:eng/ward:e05015654,Brentwood West,,,,
ocd-division/country:gb/part:eng/ward:e05015655,"Brizes, Stondon Massey & South Weald",,,,
ocd-division/country:gb/part:eng/ward:e05015656,"Herongate, Ingrave & West Horndon",,,,
ocd-division/country:gb/part:eng/ward:e05015657,Hutton East,,,,
ocd-division/country:gb/part:eng/ward:e05015658,Hutton North,,,,
ocd-division/country:gb/part:eng/ward:e05015659,Hutton South,,,,
ocd-division/country:gb/part:eng/ward:e05015660,"Ingatestone, Fryerning & Mountnessing",,,,
ocd-division/country:gb/part:eng/ward:e05015661,Pilgrims Hatch,,,,
ocd-division/country:gb/part:eng/ward:e05015662,Shenfield,,,,
ocd-division/country:gb/part:eng/ward:e05015663,Warley,,,,
ocd-division/country:gb/part:eng/ward:e05015664,Avenue,,,,
ocd-division/country:gb/part:eng/ward:e05015665,Fareham Park,,,,
ocd-division/country:gb/part:eng/ward:e05015666,Fareham Town,,,,
ocd-division/country:gb/part:eng/ward:e05015667,Fort Fareham,,,,
ocd-division/country:gb/part:eng/ward:e05015668,Hill Head,,,,
ocd-division/country:gb/part:eng/ward:e05015669,Hook-with-Warsash,,,,
ocd-division/country:gb/part:eng/ward:e05015670,Locks Heath,,,,
ocd-division/country:gb/part:eng/ward:e05015671,Park Gate,,,,
ocd-division/country:gb/part:eng/ward:e05015672,Portchester Castle,,,,
ocd-division/country:gb/part:eng/ward:e05015673,Portchester Wicor,,,,
ocd-division/country:gb/part:eng/ward:e05015674,Sarisbury & Whiteley,,,,
ocd-division/country:gb/part:eng/ward:e05015675,Stubbington,,,,
ocd-division/country:gb/part:eng/ward:e05015676,Titchfield,,,,
ocd-division/country:gb/part:eng/ward:e05015677,Titchfield Common,,,,
ocd-division/country:gb/part:eng/ward:e05015678,Uplands & Funtley,,,,
ocd-division/country:gb/part:eng/ward:e05015679,Wallington & Downend,,,,
ocd-division/country:gb/part:eng/ward:e05015680,Bush Fair,,,,
ocd-division/country:gb/part:eng/ward:e05015681,Church Langley North & Newhall,,,,
ocd-division/country:gb/part:eng/ward:e05015682,Church Langley South & Potter Street,,,,
ocd-division/country:gb/part:eng/ward:e05015683,Great Parndon,,,,
ocd-division/country:gb/part:eng/ward:e05015684,Latton Bush & Stewards,,,,
ocd-division/country:gb/part:eng/ward:e05015685,Little Parndon & Town Centre,,,,
ocd-division/country:gb/part:eng/ward:e05015686,Mark Hall,,,,
ocd-division/country:gb/part:eng/ward:e05015687,Netteswell,,,,
ocd-division/country:gb/part:eng/ward:e05015688,Old Harlow,,,,
ocd-division/country:gb/part:eng/ward:e05015689,Passmores,,,,
ocd-division/country:gb/part:eng/ward:e05015690,Sumners & Kingsmoor,,,,
ocd-division/country:gb/part:eng/ward:e05015691,Appleton,,,,
ocd-division/country:gb/part:eng/ward:e05015692,Canvey Island Central,,,,
ocd-division/country:gb/part:eng/ward:e05015693,Canvey Island East,,,,
ocd-division/country:gb/part:eng/ward:e05015694,Canvey Island North,,,,
ocd-division/country:gb/part:eng/ward:e05015695,Canvey Island South,,,,
ocd-division/country:gb/part:eng/ward:e05015696,Canvey Island Winter Gardens,,,,
ocd-division/country:gb/part:eng/ward:e05015697,Hadleigh St James,,,,
ocd-division/country:gb/part:eng/ward:e05015698,St George's,,,,
ocd-division/country:gb/part:eng/ward:e05015699,St Mary's,,,,
ocd-division/country:gb/part:eng/ward:e05015700,St Michael's,,,,
ocd-division/country:gb/part:eng/ward:e05015701,Tarpots,,,,
ocd-division/country:gb/part:eng/ward:e05015702,Thundersley North,,,,
ocd-division/country:gb/part:eng/ward:e05015703,Thundersley South,,,,
ocd-division/country:gb/part:eng/ward:e05015704,All Saints,,,,
ocd-division/country:gb/part:eng/ward:e05015705,Battledown,,,,
ocd-division/country:gb/part:eng/ward:e05015706,"Benhall, the Reddings & Fiddler's Green",,,,
ocd-division/country:gb/part:eng/ward:e05015707,Charlton Kings,,,,
ocd-division/country:gb/part:eng/ward:e05015708,Charlton Park,,,,
ocd-division/country:gb/part:eng/ward:e05015709,College,,,,
ocd-division/country:gb/part:eng/ward:e05015710,Hesters Way,,,,
ocd-division/country:gb/part:eng/ward:e05015711,Lansdown,,,,
ocd-division/country:gb/part:eng/ward:e05015712,Leckhampton,,,,
ocd-division/country:gb/part:eng/ward:e05015713,Oakley,,,,
ocd-division/country:gb/part:eng/ward:e05015714,Park,,,,
ocd-division/country:gb/part:eng/ward:e05015715,Pittville,,,,
ocd-division/country:gb/part:eng/ward:e05015716,Prestbury,,,,
ocd-division/country:gb/part:eng/ward:e05015717,Springbank,,,,
ocd-division/country:gb/part:eng/ward:e05015718,St Mark's,,,,
ocd-division/country:gb/part:eng/ward:e05015719,St Paul's,,,,
ocd-division/country:gb/part:eng/ward:e05015720,St Peter's,,,,
ocd-division/country:gb/part:eng/ward:e05015721,Swindon Village,,,,
ocd-division/country:gb/part:eng/ward:e05015722,Up Hatherley,,,,
ocd-division/country:gb/part:eng/ward:e05015723,Warden Hill,,,,
ocd-division/country:gb/part:eng/ward:e05015724,Buckhurst Hill East & Whitebridge,,,,
ocd-division/country:gb/part:eng/ward:e05015725,Buckhurst Hill West,,,,
ocd-division/country:gb/part:eng/ward:e05015726,Chigwell with Lambourne,,,,
ocd-division/country:gb/part:eng/ward:e05015727,Epping East,,,,
ocd-division/country:gb/part:eng/ward:e05015728,Epping West & Rural,,,,
ocd-division/country:gb/part:eng/ward:e05015729,Grange Hill,,,,
ocd-division/country:gb/part:eng/ward:e05015730,Loughton Fairmead,,,,
ocd-division/country:gb/part:eng/ward:e05015731,Loughton Forest,,,,
ocd-division/country:gb/part:eng/ward:e05015732,Loughton Roding,,,,
ocd-division/country:gb/part:eng/ward:e05015733,Loughton St John's,,,,
ocd-division/country:gb/part:eng/ward:e05015734,North Weald Bassett,,,,
ocd-division/country:gb/part:eng/ward:e05015735,Ongar,,,,
ocd-division/country:gb/part:eng/ward:e05015736,Roydon & Lower Nazeing,,,,
ocd-division/country:gb/part:eng/ward:e05015737,Rural East,,,,
ocd-division/country:gb/part:eng/ward:e05015738,Theydon Bois with Passingford,,,,
ocd-division/country:gb/part:eng/ward:e05015739,Waltham Abbey North,,,,
ocd-division/country:gb/part:eng/ward:e05015740,Waltham Abbey South & Rural,,,,
ocd-division/country:gb/part:eng/ward:e05015741,Waltham Abbey West,,,,
ocd-division/country:gb/part:eng/ward:e05015742,Brereton & Ravenhill,,,,
ocd-division/country:gb/part:eng/ward:e05015743,Chadsmoor,,,,
ocd-division/country:gb/part:eng/ward:e05015744,Cannock Longford & Bridgtown,,,,
ocd-division/country:gb/part:eng/ward:e05015745,Cannock Park & Old Fallow,,,,
ocd-division/country:gb/part:eng/ward:e05015746,Etching Hill & the Heath,,,,
ocd-division/country:gb/part:eng/ward:e05015747,Hawks Green with Rumer Hill,,,,
ocd-division/country:gb/part:eng/ward:e05015748,Heath Hayes & Wimblebury,,,,
ocd-division/country:gb/part:eng/ward:e05015749,Hednesford Green Heath,,,,
ocd-division/country:gb/part:eng/ward:e05015750,Hednesford Hills & Rawnsley,,,,
ocd-division/country:gb/part:eng/ward:e05015751,Hednesford Pye Green,,,,
ocd-division/country:gb/part:eng/ward:e05015752,Norton Canes,,,,
ocd-division/country:gb/part:eng/ward:e05015753,Western Springs,,,,
ocd-division/country:gb/part:eng/ward:e05015754,Arbury,,,,
ocd-division/country:gb/part:eng/ward:e05015755,Baldock East,,,,
ocd-division/country:gb/part:eng/ward:e05015756,Baldock West,,,,
ocd-division/country:gb/part:eng/ward:e05015757,Cadwell,,,,
ocd-division/country:gb/part:eng/ward:e05015758,Codicote & Kimpton,,,,
ocd-division/country:gb/part:eng/ward:e05015759,Ermine,,,,
ocd-division/country:gb/part:eng/ward:e05015760,"Graveley, St Ippolyts & Wymondley",,,,
ocd-division/country:gb/part:eng/ward:e05015761,Great Ashby,,,,
ocd-division/country:gb/part:eng/ward:e05015762,Hitchin Bearton,,,,
ocd-division/country:gb/part:eng/ward:e05015763,Hitchin Highbury,,,,
ocd-division/country:gb/part:eng/ward:e05015764,Hitchin Oughton,,,,
ocd-division/country:gb/part:eng/ward:e05015765,Hitchin Priory,,,,
ocd-division/country:gb/part:eng/ward:e05015766,Hitchin Walsworth,,,,
ocd-division/country:gb/part:eng/ward:e05015767,Hitchwood,,,,
ocd-division/country:gb/part:eng/ward:e05015768,Knebworth,,,,
ocd-division/country:gb/part:eng/ward:e05015769,Letchworth Grange,,,,
ocd-division/country:gb/part:eng/ward:e05015770,Letchworth Norton,,,,
ocd-division/country:gb/part:eng/ward:e05015771,Letchworth South East,,,,
ocd-division/country:gb/part:eng/ward:e05015772,Letchworth South West,,,,
ocd-division/country:gb/part:eng/ward:e05015773,Letchworth Wilbury,,,,
ocd-division/country:gb/part:eng/ward:e05015774,Offa,,,,
ocd-division/country:gb/part:eng/ward:e05015775,Royston Heath,,,,
ocd-division/country:gb/part:eng/ward:e05015776,Royston Meridian,,,,
ocd-division/country:gb/part:eng/ward:e05015777,Royston Palace,,,,
ocd-division/country:gb/part:eng/ward:e05015778,Weston & Sandon,,,,
ocd-division/country:gb/part:eng/ward:e05015779,Bridport,,,,
ocd-division/country:gb/part:eng/ward:e05015780,Chesil Bank,,,,
ocd-division/country:gb/part:eng/ward:e05015781,Eggardon,,,,
ocd-division/country:gb/part:eng/ward:e05015782,Marshwood Vale,,,,
ocd-division/country:gb/part:eng/ward:e05015783,Barkham & Arborfield,,,,
ocd-division/country:gb/part:eng/ward:e05015784,Bulmershe & Coronation,,,,
ocd-division/country:gb/part:eng/ward:e05015785,Emmbrook,,,,
ocd-division/country:gb/part:eng/ward:e05015786,Evendons,,,,
ocd-division/country:gb/part:eng/ward:e05015787,Finchampstead,,,,
ocd-division/country:gb/part:eng/ward:e05015788,Hawkedon,,,,
ocd-division/country:gb/part:eng/ward:e05015789,Hillside,,,,
ocd-division/country:gb/part:eng/ward:e05015790,Loddon,,,,
ocd-division/country:gb/part:eng/ward:e05015791,Maiden Erlegh & Whitegates,,,,
ocd-division/country:gb/part:eng/ward:e05015792,Norreys,,,,
ocd-division/country:gb/part:eng/ward:e05015793,Shinfield,,,,
ocd-division/country:gb/part:eng/ward:e05015794,South Lake,,,,
ocd-division/country:gb/part:eng/ward:e05015795,Spencers Wood & Swallowfield,,,,
ocd-division/country:gb/part:eng/ward:e05015796,Thames,,,,
ocd-division/country:gb/part:eng/ward:e05015797,"Twyford, Ruscombe & Hurst",,,,
ocd-division/country:gb/part:eng/ward:e05015798,Wescott,,,,
ocd-division/country:gb/part:eng/ward:e05015799,Winnersh,,,,
ocd-division/country:gb/part:eng/ward:e05015800,Wokingham Without,,,,
ocd-division/country:gb/part:eng/ward:e05015801,Marshalswick East & Jersey Farm,,,,
ocd-division/country:gb/part:eng/ward:e05015802,Marshalswick West,,,,
ocd-division/country:gb/part:eng/ward:e05015803,"Cranbrook, Sissinghurst & Frittenden",,,,
ocd-division/country:gb/part:eng/ward:e05015804,Culverden,,,,
ocd-division/country:gb/part:eng/ward:e05015805,Rural Tunbridge Wells,,,,
ocd-division/country:gb/part:eng/ward:e05015806,"Hawkhurst, Sandhurst & Benenden",,,,
ocd-division/country:gb/part:eng/ward:e05015807,High Brooms,,,,
ocd-division/country:gb/part:eng/ward:e05015808,Paddock Wood,,,,
ocd-division/country:gb/part:eng/ward:e05015809,Pantiles,,,,
ocd-division/country:gb/part:eng/ward:e05015810,Park,,,,
ocd-division/country:gb/part:eng/ward:e05015811,Pembury & Capel,,,,
ocd-division/country:gb/part:eng/ward:e05015812,Rusthall & Speldhurst,,,,
ocd-division/country:gb/part:eng/ward:e05015813,Sherwood,,,,
ocd-division/country:gb/part:eng/ward:e05015814,Southborough & Bidborough,,,,
ocd-division/country:gb/part:eng/ward:e05015815,St James',,,,
ocd-division/country:gb/part:eng/ward:e05015816,St John's,,,,
ocd-division/country:gb/part:eng/ward:e05015817,Bacup,,,,
ocd-division/country:gb/part:eng/ward:e05015818,Britannia & Lee Mill,,,,
ocd-division/country:gb/part:eng/ward:e05015819,Goodshaw & Cribden,,,,
ocd-division/country:gb/part:eng/ward:e05015820,Greenfield & Eden,,,,
ocd-division/country:gb/part:eng/ward:e05015821,Hareholme & Waterfoot,,,,
ocd-division/country:gb/part:eng/ward:e05015822,Haslingden,,,,
ocd-division/country:gb/part:eng/ward:e05015823,Helmshore,,,,
ocd-division/country:gb/part:eng/ward:e05015824,Longholme,,,,
ocd-division/country:gb/part:eng/ward:e05015825,Whitewell & Stacksteads,,,,
ocd-division/country:gb/part:eng/ward:e05015826,Whitworth,,,,
ocd-division/country:gb/part:eng/ward:e05015827,Arbury,,,,
ocd-division/country:gb/part:eng/ward:e05015828,Attleborough,,,,
ocd-division/country:gb/part:eng/ward:e05015829,Bede,,,,
ocd-division/country:gb/part:eng/ward:e05015830,Bulkington,,,,
ocd-division/country:gb/part:eng/ward:e05015831,Camp Hill,,,,
ocd-division/country:gb/part:eng/ward:e05015832,Chilvers Coton,,,,
ocd-division/country:gb/part:eng/ward:e05015833,Eastboro,,,,
ocd-division/country:gb/part:eng/ward:e05015834,Exhall,,,,
ocd-division/country:gb/part:eng/ward:e05015835,Galley Common,,,,
ocd-division/country:gb/part:eng/ward:e05015836,Heath,,,,
ocd-division/country:gb/part:eng/ward:e05015837,Milby,,,,
ocd-division/country:gb/part:eng/ward:e05015838,Poplar,,,,
ocd-division/country:gb/part:eng/ward:e05015839,Slough,,,,
ocd-division/country:gb/part:eng/ward:e05015840,St Mary's,,,,
ocd-division/country:gb/part:eng/ward:e05015841,St Nicolas,,,,
ocd-division/country:gb/part:eng/ward:e05015842,Stockingford East,,,,
ocd-division/country:gb/part:eng/ward:e05015843,Stockingford West,,,,
ocd-division/country:gb/part:eng/ward:e05015844,Weddington,,,,
ocd-division/country:gb/part:eng/ward:e05015845,Whitestone,,,,
ocd-division/country:gb/part:eng/ward:e05015846,Hardwicke,,,,
ocd-division/country:gb/part:eng/ward:e05015847,Severn,,,,
ocd-division/country:gb/part:eng/ward:e05015848,Stonehouse,,,,
ocd-division/country:gb/part:eng/ward:e05015849,Arboretum,,,,
ocd-division/country:gb/part:eng/ward:e05015850,Battenhall,,,,
ocd-division/country:gb/part:eng/ward:e05015851,Cathedral,,,,
ocd-division/country:gb/part:eng/ward:e05015852,Claines,,,,
ocd-division/country:gb/part:eng/ward:e05015853,Dines Green & Grove Farm,,,,
ocd-division/country:gb/part:eng/ward:e05015854,Fort Royal,,,,
ocd-division/country:gb/part:eng/ward:e05015855,Leopard Hill,,,,
ocd-division/country:gb/part:eng/ward:e05015856,Lower Wick & Pitmaston,,,,
ocd-division/country:gb/part:eng/ward:e05015857,Nunnery,,,,
ocd-division/country:gb/part:eng/ward:e05015858,Rainbow Hill,,,,
ocd-division/country:gb/part:eng/ward:e05015859,St Clement,,,,
ocd-division/country:gb/part:eng/ward:e05015860,St John's,,,,
ocd-division/country:gb/part:eng/ward:e05015861,St Nicholas,,,,
ocd-division/country:gb/part:eng/ward:e05015862,St Peter's Parish,,,,
ocd-division/country:gb/part:eng/ward:e05015863,St Stephen,,,,
ocd-division/country:gb/part:eng/ward:e05015864,Warndon & Elbury Park,,,,
ocd-division/country:gb/part:eng/ward:e05015865,Backworth & Holystone,,,,
ocd-division/country:gb/part:eng/ward:e05015866,Battle Hill,,,,
ocd-division/country:gb/part:eng/ward:e05015867,Camperdown,,,,
ocd-division/country:gb/part:eng/ward:e05015868,Chirton & Percy Main,,,,
ocd-division/country:gb/part:eng/ward:e05015869,Cullercoats & Whitley Bay South,,,,
ocd-division/country:gb/part:eng/ward:e05015870,Forest Hall,,,,
ocd-division/country:gb/part:eng/ward:e05015871,Howdon,,,,
ocd-division/country:gb/part:eng/ward:e05015872,Killingworth,,,,
ocd-division/country:gb/part:eng/ward:e05015873,Longbenton & Benton,,,,
ocd-division/country:gb/part:eng/ward:e05015874,Monkseaton,,,,
ocd-division/country:gb/part:eng/ward:e05015875,New York & Murton,,,,
ocd-division/country:gb/part:eng/ward:e05015876,North Shields,,,,
ocd-division/country:gb/part:eng/ward:e05015877,Preston with Preston Grange,,,,
ocd-division/country:gb/part:eng/ward:e05015878,Shiremoor,,,,
ocd-division/country:gb/part:eng/ward:e05015879,St Mary's,,,,
ocd-division/country:gb/part:eng/ward:e05015880,Tynemouth,,,,
ocd-division/country:gb/part:eng/ward:e05015881,Wallsend Central,,,,
ocd-division/country:gb/part:eng/ward:e05015882,Wallsend North,,,,
ocd-division/country:gb/part:eng/ward:e05015883,Weetslade,,,,
ocd-division/country:gb/part:eng/ward:e05015884,Whitley Bay North,,,,
ocd-division/country:gb/part:eng/ward:e05015885,Bletchingley & Nutfield,,,,
ocd-division/country:gb/part:eng/ward:e05015886,"Burstow, Horne & Outwood",,,,
ocd-division/country:gb/part:eng/ward:e05015887,Chaldon,,,,
ocd-division/country:gb/part:eng/ward:e05015888,Dormansland & Felbridge,,,,
ocd-division/country:gb/part:eng/ward:e05015889,Godstone,,,,
ocd-division/country:gb/part:eng/ward:e05015890,Harestone,,,,
ocd-division/country:gb/part:eng/ward:e05015891,Limpsfield,,,,
ocd-division/country:gb/part:eng/ward:e05015892,Lingfield & Crowhurst,,,,
ocd-division/country:gb/part:eng/ward:e05015893,Oxted North,,,,
ocd-division/country:gb/part:eng/ward:e05015894,Oxted South,,,,
ocd-division/country:gb/part:eng/ward:e05015895,Portley & Queens Park,,,,
ocd-division/country:gb/part:eng/ward:e05015896,Tatsfield & Titsey,,,,
ocd-division/country:gb/part:eng/ward:e05015897,Valley,,,,
ocd-division/country:gb/part:eng/ward:e05015898,Warlingham East & Chelsham & Farleigh,,,,
ocd-division/country:gb/part:eng/ward:e05015899,Warlingham West,,,,
ocd-division/country:gb/part:eng/ward:e05015900,Westway,,,,
ocd-division/country:gb/part:eng/ward:e05015901,Whyteleafe,,,,
ocd-division/country:gb/part:eng/ward:e05015902,Woldingham,,,,
ocd-division/country:gb/part:eng/ward:e05015903,Amblecote,,,,
ocd-division/country:gb/part:eng/ward:e05015904,Belle Vale,,,,
ocd-division/country:gb/part:eng/ward:e05015905,Brierley Hill & Wordsley South,,,,
ocd-division/country:gb/part:eng/ward:e05015906,Brockmoor & Pensnett,,,,
ocd-division/country:gb/part:eng/ward:e05015907,Castle & Priory,,,,
ocd-division/country:gb/part:eng/ward:e05015908,Coseley,,,,
ocd-division/country:gb/part:eng/ward:e05015909,Cradley North & Wollescote,,,,
ocd-division/country:gb/part:eng/ward:e05015910,Gornal,,,,
ocd-division/country:gb/part:eng/ward:e05015911,Halesowen North,,,,
ocd-division/country:gb/part:eng/ward:e05015912,Halesowen South,,,,
ocd-division/country:gb/part:eng/ward:e05015913,Hayley Green & Cradley South,,,,
ocd-division/country:gb/part:eng/ward:e05015914,Kingswinford North & Wall Heath,,,,
ocd-division/country:gb/part:eng/ward:e05015915,Kingswinford South,,,,
ocd-division/country:gb/part:eng/ward:e05015916,Lye & Stourbridge North,,,,
ocd-division/country:gb/part:eng/ward:e05015917,Netherton & Holly Hall,,,,
ocd-division/country:gb/part:eng/ward:e05015918,Norton,,,,
ocd-division/country:gb/part:eng/ward:e05015919,Pedmore & Stourbridge East,,,,
ocd-division/country:gb/part:eng/ward:e05015920,Quarry Bank & Dudley Wood,,,,
ocd-division/country:gb/part:eng/ward:e05015921,Sedgley,,,,
ocd-division/country:gb/part:eng/ward:e05015922,St. James's,,,,
ocd-division/country:gb/part:eng/ward:e05015923,St. Thomas's,,,,
ocd-division/country:gb/part:eng/ward:e05015924,Upper Gornal & Woodsetton,,,,
ocd-division/country:gb/part:eng/ward:e05015925,Wollaston & Stourbridge Town,,,,
ocd-division/country:gb/part:eng/ward:e05015926,Wordsley North,,,,
ocd-division/country:gb/part:nir/ward:n08000101,Abbey,,,,
ocd-division/country:gb/part:nir/ward:n08000102,Aldergrove,,,,
ocd-division/country:gb/part:nir/ward:n08000103,Antrim Centre,,,,
ocd-division/country:gb/part:nir/ward:n08000104,Ballyclare East,,,,
ocd-division/country:gb/part:nir/ward:n08000105,Ballyclare West,,,,
ocd-division/country:gb/part:nir/ward:n08000106,Ballyduff,,,,
ocd-division/country:gb/part:nir/ward:n08000107,Ballyhenry,,,,
ocd-division/country:gb/part:nir/ward:n08000108,Ballynure,,,,
ocd-division/country:gb/part:nir/ward:n08000109,Ballyrobert,,,,
ocd-division/country:gb/part:nir/ward:n08000110,Burnthill,,,,
ocd-division/country:gb/part:nir/ward:n08000111,Carnmoney,,,,
ocd-division/country:gb/part:nir/ward:n08000112,Carnmoney Hill,,,,
ocd-division/country:gb/part:nir/ward:n08000113,Clady,,,,
ocd-division/country:gb/part:nir/ward:n08000114,Collinbridge,,,,
ocd-division/country:gb/part:nir/ward:n08000115,Cranfield,,,,
ocd-division/country:gb/part:nir/ward:n08000116,Crumlin,,,,
ocd-division/country:gb/part:nir/ward:n08000117,Doagh,,,,
ocd-division/country:gb/part:nir/ward:n08000118,Fairview,,,,
ocd-division/country:gb/part:nir/ward:n08000119,Fountain Hill,,,,
ocd-division/country:gb/part:nir/ward:n08000120,Glebe,,,,
ocd-division/country:gb/part:nir/ward:n08000121,Glengormley,,,,
ocd-division/country:gb/part:nir/ward:n08000122,Greystone,,,,
ocd-division/country:gb/part:nir/ward:n08000123,Hightown,,,,
ocd-division/country:gb/part:nir/ward:n08000124,Jordanstown,,,,
ocd-division/country:gb/part:nir/ward:n08000125,Mallusk,,,,
ocd-division/country:gb/part:nir/ward:n08000126,Monkstown,,,,
ocd-division/country:gb/part:nir/ward:n08000127,Mossley,,,,
ocd-division/country:gb/part:nir/ward:n08000128,O'Neill,,,,
ocd-division/country:gb/part:nir/ward:n08000129,Parkgate,,,,
ocd-division/country:gb/part:nir/ward:n08000130,Randalstown,,,,
ocd-division/country:gb/part:nir/ward:n08000131,Rathcoole,,,,
ocd-division/country:gb/part:nir/ward:n08000132,Rostulla,,,,
ocd-division/country:gb/part:nir/ward:n08000133,Shilvodan,,,,
ocd-division/country:gb/part:nir/ward:n08000134,Springfarm,,,,
ocd-division/country:gb/part:nir/ward:n08000135,Steeple,,,,
ocd-division/country:gb/part:nir/ward:n08000136,Stiles,,,,
ocd-division/country:gb/part:nir/ward:n08000137,Templepatrick,,,,
ocd-division/country:gb/part:nir/ward:n08000138,Toome,,,,
ocd-division/country:gb/part:nir/ward:n08000139,Valley,,,,
ocd-division/country:gb/part:nir/ward:n08000140,Whitehouse,,,,
ocd-division/country:gb/part:nir/ward:n08000201,Aghagallon,,,,
ocd-division/country:gb/part:nir/ward:n08000202,Ballybay,,,,
ocd-division/country:gb/part:nir/ward:n08000203,Banbridge East,,,,
ocd-division/country:gb/part:nir/ward:n08000204,Banbridge North,,,,
ocd-division/country:gb/part:nir/ward:n08000205,Banbridge South,,,,
ocd-division/country:gb/part:nir/ward:n08000206,Banbridge West,,,,
ocd-division/country:gb/part:nir/ward:n08000207,Blackwatertown,,,,
ocd-division/country:gb/part:nir/ward:n08000208,Bleary,,,,
ocd-division/country:gb/part:nir/ward:n08000209,Brownlow,,,,
ocd-division/country:gb/part:nir/ward:n08000210,Cathedral,,,,
ocd-division/country:gb/part:nir/ward:n08000211,Corcrain,,,,
ocd-division/country:gb/part:nir/ward:n08000212,Craigavon Centre,,,,
ocd-division/country:gb/part:nir/ward:n08000213,Demesne,,,,
ocd-division/country:gb/part:nir/ward:n08000214,Derrytrasna,,,,
ocd-division/country:gb/part:nir/ward:n08000215,Donaghcloney,,,,
ocd-division/country:gb/part:nir/ward:n08000216,Dromore,,,,
ocd-division/country:gb/part:nir/ward:n08000217,Gilford,,,,
ocd-division/country:gb/part:nir/ward:n08000218,Gransha,,,,
ocd-division/country:gb/part:nir/ward:n08000219,Hamiltonsbawn,,,,
ocd-division/country:gb/part:nir/ward:n08000220,Keady,,,,
ocd-division/country:gb/part:nir/ward:n08000221,Kernan,,,,
ocd-division/country:gb/part:nir/ward:n08000222,Killycomain,,,,
ocd-division/country:gb/part:nir/ward:n08000223,Knocknashane,,,,
ocd-division/country:gb/part:nir/ward:n08000224,Lough Road,,,,
ocd-division/country:gb/part:nir/ward:n08000225,Loughbrickland,,,,
ocd-division/country:gb/part:nir/ward:n08000226,Loughgall,,,,
ocd-division/country:gb/part:nir/ward:n08000227,Magheralin,,,,
ocd-division/country:gb/part:nir/ward:n08000228,Mahon,,,,
ocd-division/country:gb/part:nir/ward:n08000229,Markethill,,,,
ocd-division/country:gb/part:nir/ward:n08000230,Mourneview,,,,
ocd-division/country:gb/part:nir/ward:n08000231,Navan,,,,
ocd-division/country:gb/part:nir/ward:n08000232,Parklake,,,,
ocd-division/country:gb/part:nir/ward:n08000233,Quilly,,,,
ocd-division/country:gb/part:nir/ward:n08000234,Rathfriland,,,,
ocd-division/country:gb/part:nir/ward:n08000235,Richhill,,,,
ocd-division/country:gb/part:nir/ward:n08000236,Seagahan,,,,
ocd-division/country:gb/part:nir/ward:n08000237,Shankill,,,,
ocd-division/country:gb/part:nir/ward:n08000238,Tandragee,,,,
ocd-division/country:gb/part:nir/ward:n08000239,The Birches,,,,
ocd-division/country:gb/part:nir/ward:n08000240,The Mall,,,,
ocd-division/country:gb/part:nir/ward:n08000241,Waringstown,,,,
ocd-division/country:gb/part:nir/ward:n08000301,Andersonstown,,,,
ocd-division/country:gb/part:nir/ward:n08000302,Ardoyne,,,,
ocd-division/country:gb/part:nir/ward:n08000303,Ballygomartin,,,,
ocd-division/country:gb/part:nir/ward:n08000304,Ballymacarrett,,,,
ocd-division/country:gb/part:nir/ward:n08000305,Ballymurphy,,,,
ocd-division/country:gb/part:nir/ward:n08000306,Ballysillan,,,,
ocd-division/country:gb/part:nir/ward:n08000307,Beechmount,,,,
ocd-division/country:gb/part:nir/ward:n08000308,Beersbridge,,,,
ocd-division/country:gb/part:nir/ward:n08000309,Bellevue,,,,
ocd-division/country:gb/part:nir/ward:n08000310,Belmont,,,,
ocd-division/country:gb/part:nir/ward:n08000311,Belvoir,,,,
ocd-division/country:gb/part:nir/ward:n08000312,Blackstaff,,,,
ocd-division/country:gb/part:nir/ward:n08000313,Bloomfield,,,,
ocd-division/country:gb/part:nir/ward:n08000314,Cavehill,,,,
ocd-division/country:gb/part:nir/ward:n08000315,Central,,,,
ocd-division/country:gb/part:nir/ward:n08000316,Chichester Park,,,,
ocd-division/country:gb/part:nir/ward:n08000317,Cliftonville,,,,
ocd-division/country:gb/part:nir/ward:n08000318,Clonard,,,,
ocd-division/country:gb/part:nir/ward:n08000319,Collin Glen,,,,
ocd-division/country:gb/part:nir/ward:n08000320,Connswater,,,,
ocd-division/country:gb/part:nir/ward:n08000321,Cregagh,,,,
ocd-division/country:gb/part:nir/ward:n08000322,Duncairn,,,,
ocd-division/country:gb/part:nir/ward:n08000323,Dunmurry,,,,
ocd-division/country:gb/part:nir/ward:n08000324,Falls,,,,
ocd-division/country:gb/part:nir/ward:n08000325,Falls Park,,,,
ocd-division/country:gb/part:nir/ward:n08000326,Finaghy,,,,
ocd-division/country:gb/part:nir/ward:n08000327,Forth River,,,,
ocd-division/country:gb/part:nir/ward:n08000328,Fortwilliam,,,,
ocd-division/country:gb/part:nir/ward:n08000329,Garnerville,,,,
ocd-division/country:gb/part:nir/ward:n08000330,Gilnahirk,,,,
ocd-division/country:gb/part:nir/ward:n08000331,Hillfoot,,,,
ocd-division/country:gb/part:nir/ward:n08000332,Innisfayle,,,,
ocd-division/country:gb/part:nir/ward:n08000333,Knock,,,,
ocd-division/country:gb/part:nir/ward:n08000334,Ladybrook,,,,
ocd-division/country:gb/part:nir/ward:n08000335,Lagmore,,,,
ocd-division/country:gb/part:nir/ward:n08000336,Legoniel,,,,
ocd-division/country:gb/part:nir/ward:n08000337,Malone,,,,
ocd-division/country:gb/part:nir/ward:n08000338,Merok,,,,
ocd-division/country:gb/part:nir/ward:n08000339,Musgrave,,,,
ocd-division/country:gb/part:nir/ward:n08000340,New Lodge,,,,
ocd-division/country:gb/part:nir/ward:n08000341,Orangefield,,,,
ocd-division/country:gb/part:nir/ward:n08000342,Ormeau,,,,
ocd-division/country:gb/part:nir/ward:n08000343,Poleglass,,,,
ocd-division/country:gb/part:nir/ward:n08000344,Ravenhill,,,,
ocd-division/country:gb/part:nir/ward:n08000345,Rosetta,,,,
ocd-division/country:gb/part:nir/ward:n08000346,Sandown,,,,
ocd-division/country:gb/part:nir/ward:n08000347,Shandon,,,,
ocd-division/country:gb/part:nir/ward:n08000348,Shankill,,,,
ocd-division/country:gb/part:nir/ward:n08000349,Shaw's Road,,,,
ocd-division/country:gb/part:nir/ward:n08000350,Stewartstown,,,,
ocd-division/country:gb/part:nir/ward:n08000351,Stormont,,,,
ocd-division/country:gb/part:nir/ward:n08000352,Stranmillis,,,,
ocd-division/country:gb/part:nir/ward:n08000353,Sydenham,,,,
ocd-division/country:gb/part:nir/ward:n08000354,Turf Lodge,,,,
ocd-division/country:gb/part:nir/ward:n08000355,Twinbrook,,,,
ocd-division/country:gb/part:nir/ward:n08000356,Upper Malone,,,,
ocd-division/country:gb/part:nir/ward:n08000357,Water Works,,,,
ocd-division/country:gb/part:nir/ward:n08000358,Windsor,,,,
ocd-division/country:gb/part:nir/ward:n08000359,Woodstock,,,,
ocd-division/country:gb/part:nir/ward:n08000360,Woodvale,,,,
ocd-division/country:gb/part:nir/ward:n08000401,Aghadowey,,,,
ocd-division/country:gb/part:nir/ward:n08000402,Altahullion,,,,
ocd-division/country:gb/part:nir/ward:n08000403,Atlantic,,,,
ocd-division/country:gb/part:nir/ward:n08000404,Ballycastle,,,,
ocd-division/country:gb/part:nir/ward:n08000405,Ballykelly,,,,
ocd-division/country:gb/part:nir/ward:n08000406,Ballymoney East,,,,
ocd-division/country:gb/part:nir/ward:n08000407,Ballymoney North,,,,
ocd-division/country:gb/part:nir/ward:n08000408,Ballymoney South,,,,
ocd-division/country:gb/part:nir/ward:n08000409,Castlerock,,,,
ocd-division/country:gb/part:nir/ward:n08000410,Churchland,,,,
ocd-division/country:gb/part:nir/ward:n08000411,Clogh Mills,,,,
ocd-division/country:gb/part:nir/ward:n08000412,Coolessan,,,,
ocd-division/country:gb/part:nir/ward:n08000413,Dervock,,,,
ocd-division/country:gb/part:nir/ward:n08000414,Drumsurn,,,,
ocd-division/country:gb/part:nir/ward:n08000415,Dundooan,,,,
ocd-division/country:gb/part:nir/ward:n08000416,Dungiven,,,,
ocd-division/country:gb/part:nir/ward:n08000417,Dunloy,,,,
ocd-division/country:gb/part:nir/ward:n08000418,Feeny,,,,
ocd-division/country:gb/part:nir/ward:n08000419,Garvagh,,,,
ocd-division/country:gb/part:nir/ward:n08000420,Giant's Causeway,,,,
ocd-division/country:gb/part:nir/ward:n08000421,Greysteel,,,,
ocd-division/country:gb/part:nir/ward:n08000422,Greystone,,,,
ocd-division/country:gb/part:nir/ward:n08000423,Hopefield,,,,
ocd-division/country:gb/part:nir/ward:n08000424,Kilrea,,,,
ocd-division/country:gb/part:nir/ward:n08000425,Kinbane,,,,
ocd-division/country:gb/part:nir/ward:n08000426,Loughguile and Stranocum,,,,
ocd-division/country:gb/part:nir/ward:n08000427,Lurigethan,,,,
ocd-division/country:gb/part:nir/ward:n08000428,Macosquin,,,,
ocd-division/country:gb/part:nir/ward:n08000429,Magilligan,,,,
ocd-division/country:gb/part:nir/ward:n08000430,Mountsandel,,,,
ocd-division/country:gb/part:nir/ward:n08000431,Portrush and Dunluce,,,,
ocd-division/country:gb/part:nir/ward:n08000432,Portstewart,,,,
ocd-division/country:gb/part:nir/ward:n08000433,Quarry,,,,
ocd-division/country:gb/part:nir/ward:n08000434,Rasharkin,,,,
ocd-division/country:gb/part:nir/ward:n08000435,Roeside,,,,
ocd-division/country:gb/part:nir/ward:n08000436,Route,,,,
ocd-division/country:gb/part:nir/ward:n08000437,Torr Head and Rathlin,,,,
ocd-division/country:gb/part:nir/ward:n08000438,University,,,,
ocd-division/country:gb/part:nir/ward:n08000439,Waterside,,,,
ocd-division/country:gb/part:nir/ward:n08000440,Windy Hall,,,,
ocd-division/country:gb/part:nir/ward:n08000501,Artigarvan,,,,
ocd-division/country:gb/part:nir/ward:n08000502,Ballycolman,,,,
ocd-division/country:gb/part:nir/ward:n08000503,Ballymagroarty,,,,
ocd-division/country:gb/part:nir/ward:n08000504,Brandywell,,,,
ocd-division/country:gb/part:nir/ward:n08000505,Carn Hill,,,,
ocd-division/country:gb/part:nir/ward:n08000506,Castlederg,,,,
ocd-division/country:gb/part:nir/ward:n08000507,Caw,,,,
ocd-division/country:gb/part:nir/ward:n08000508,City Walls,,,,
ocd-division/country:gb/part:nir/ward:n08000509,Claudy,,,,
ocd-division/country:gb/part:nir/ward:n08000510,Clondermot,,,,
ocd-division/country:gb/part:nir/ward:n08000511,Creggan,,,,
ocd-division/country:gb/part:nir/ward:n08000512,Creggan South,,,,
ocd-division/country:gb/part:nir/ward:n08000513,Culmore,,,,
ocd-division/country:gb/part:nir/ward:n08000514,Drumahoe,,,,
ocd-division/country:gb/part:nir/ward:n08000515,Dunnamanagh,,,,
ocd-division/country:gb/part:nir/ward:n08000516,Ebrington,,,,
ocd-division/country:gb/part:nir/ward:n08000517,Eglinton,,,,
ocd-division/country:gb/part:nir/ward:n08000518,Enagh,,,,
ocd-division/country:gb/part:nir/ward:n08000519,Finn,,,,
ocd-division/country:gb/part:nir/ward:n08000520,Foyle Springs,,,,
ocd-division/country:gb/part:nir/ward:n08000521,Galliagh,,,,
ocd-division/country:gb/part:nir/ward:n08000522,Glenderg,,,,
ocd-division/country:gb/part:nir/ward:n08000523,Glenelly Valley,,,,
ocd-division/country:gb/part:nir/ward:n08000524,Kilfennan,,,,
ocd-division/country:gb/part:nir/ward:n08000525,Lisnagelvin,,,,
ocd-division/country:gb/part:nir/ward:n08000526,Madam's Bank,,,,
ocd-division/country:gb/part:nir/ward:n08000527,New Buildings,,,,
ocd-division/country:gb/part:nir/ward:n08000528,Newtownstewart,,,,
ocd-division/country:gb/part:nir/ward:n08000529,Northland,,,,
ocd-division/country:gb/part:nir/ward:n08000530,Park,,,,
ocd-division/country:gb/part:nir/ward:n08000531,Shantallow,,,,
ocd-division/country:gb/part:nir/ward:n08000532,Shantallow East,,,,
ocd-division/country:gb/part:nir/ward:n08000533,Sheriff's Mountain,,,,
ocd-division/country:gb/part:nir/ward:n08000534,Sion Mills,,,,
ocd-division/country:gb/part:nir/ward:n08000535,Skeoge,,,,
ocd-division/country:gb/part:nir/ward:n08000536,Slievekirk,,,,
ocd-division/country:gb/part:nir/ward:n08000537,Springtown,,,,
ocd-division/country:gb/part:nir/ward:n08000538,Strabane North,,,,
ocd-division/country:gb/part:nir/ward:n08000539,Strabane West,,,,
ocd-division/country:gb/part:nir/ward:n08000540,Victoria,,,,
ocd-division/country:gb/part:nir/ward:n08000601,Ballinamallard,,,,
ocd-division/country:gb/part:nir/ward:n08000602,Belcoo and Garrison,,,,
ocd-division/country:gb/part:nir/ward:n08000603,Belleek and Boa,,,,
ocd-division/country:gb/part:nir/ward:n08000604,Beragh,,,,
ocd-division/country:gb/part:nir/ward:n08000605,"Boho, Cleenish and Letterbreen",,,,
ocd-division/country:gb/part:nir/ward:n08000606,Brookeborough,,,,
ocd-division/country:gb/part:nir/ward:n08000607,Camowen,,,,
ocd-division/country:gb/part:nir/ward:n08000608,Castlecoole,,,,
ocd-division/country:gb/part:nir/ward:n08000609,Coolnagard,,,,
ocd-division/country:gb/part:nir/ward:n08000610,Dergmoney,,,,
ocd-division/country:gb/part:nir/ward:n08000611,Derrygonnelly,,,,
ocd-division/country:gb/part:nir/ward:n08000612,Derrylin,,,,
ocd-division/country:gb/part:nir/ward:n08000613,Donagh,,,,
ocd-division/country:gb/part:nir/ward:n08000614,Dromore,,,,
ocd-division/country:gb/part:nir/ward:n08000615,Drumnakilly,,,,
ocd-division/country:gb/part:nir/ward:n08000616,Drumquin,,,,
ocd-division/country:gb/part:nir/ward:n08000617,Ederney and Kesh,,,,
ocd-division/country:gb/part:nir/ward:n08000618,Erne,,,,
ocd-division/country:gb/part:nir/ward:n08000619,Fairy Water,,,,
ocd-division/country:gb/part:nir/ward:n08000620,Fintona,,,,
ocd-division/country:gb/part:nir/ward:n08000621,Florence Court and Kinawley,,,,
ocd-division/country:gb/part:nir/ward:n08000622,Gortin,,,,
ocd-division/country:gb/part:nir/ward:n08000623,Gortrush,,,,
ocd-division/country:gb/part:nir/ward:n08000624,Irvinestown,,,,
ocd-division/country:gb/part:nir/ward:n08000625,Killyclogher,,,,
ocd-division/country:gb/part:nir/ward:n08000626,Lisbellaw,,,,
ocd-division/country:gb/part:nir/ward:n08000627,Lisnarrick,,,,
ocd-division/country:gb/part:nir/ward:n08000628,Lisnaskea,,,,
ocd-division/country:gb/part:nir/ward:n08000629,Maguiresbridge,,,,
ocd-division/country:gb/part:nir/ward:n08000630,Newtownbutler,,,,
ocd-division/country:gb/part:nir/ward:n08000631,Newtownsaville,,,,
ocd-division/country:gb/part:nir/ward:n08000632,Owenkillew,,,,
ocd-division/country:gb/part:nir/ward:n08000633,Portora,,,,
ocd-division/country:gb/part:nir/ward:n08000634,Rosslea,,,,
ocd-division/country:gb/part:nir/ward:n08000635,Rossorry,,,,
ocd-division/country:gb/part:nir/ward:n08000636,Sixmilecross,,,,
ocd-division/country:gb/part:nir/ward:n08000637,Strule,,,,
ocd-division/country:gb/part:nir/ward:n08000638,Tempo,,,,
ocd-division/country:gb/part:nir/ward:n08000639,Termon,,,,
ocd-division/country:gb/part:nir/ward:n08000640,Trillick,,,,
ocd-division/country:gb/part:nir/ward:n08000701,Ballinderry,,,,
ocd-division/country:gb/part:nir/ward:n08000702,Ballyhanwood,,,,
ocd-division/country:gb/part:nir/ward:n08000703,Ballymacash,,,,
ocd-division/country:gb/part:nir/ward:n08000704,Ballymacbrennan,,,,
ocd-division/country:gb/part:nir/ward:n08000705,Ballymacoss,,,,
ocd-division/country:gb/part:nir/ward:n08000706,Beechill,,,,
ocd-division/country:gb/part:nir/ward:n08000707,Blaris,,,,
ocd-division/country:gb/part:nir/ward:n08000708,Cairnshill,,,,
ocd-division/country:gb/part:nir/ward:n08000709,Carrowreagh,,,,
ocd-division/country:gb/part:nir/ward:n08000710,Carryduff East,,,,
ocd-division/country:gb/part:nir/ward:n08000711,Carryduff West,,,,
ocd-division/country:gb/part:nir/ward:n08000712,Derryaghy,,,,
ocd-division/country:gb/part:nir/ward:n08000713,Dromara,,,,
ocd-division/country:gb/part:nir/ward:n08000714,Drumbo,,,,
ocd-division/country:gb/part:nir/ward:n08000715,Dundonald,,,,
ocd-division/country:gb/part:nir/ward:n08000716,Enler,,,,
ocd-division/country:gb/part:nir/ward:n08000717,Galwally,,,,
ocd-division/country:gb/part:nir/ward:n08000718,Glenavy,,,,
ocd-division/country:gb/part:nir/ward:n08000719,Graham's Bridge,,,,
ocd-division/country:gb/part:nir/ward:n08000720,Harmony Hill,,,,
ocd-division/country:gb/part:nir/ward:n08000721,Hilden,,,,
ocd-division/country:gb/part:nir/ward:n08000722,Hillhall,,,,
ocd-division/country:gb/part:nir/ward:n08000723,Hillsborough,,,,
ocd-division/country:gb/part:nir/ward:n08000724,Knockbracken,,,,
ocd-division/country:gb/part:nir/ward:n08000725,Knockmore,,,,
ocd-division/country:gb/part:nir/ward:n08000726,Lagan,,,,
ocd-division/country:gb/part:nir/ward:n08000727,Lagan Valley,,,,
ocd-division/country:gb/part:nir/ward:n08000728,Lambeg,,,,
ocd-division/country:gb/part:nir/ward:n08000729,Lisnagarvey,,,,
ocd-division/country:gb/part:nir/ward:n08000730,Maghaberry,,,,
ocd-division/country:gb/part:nir/ward:n08000731,Magheralave,,,,
ocd-division/country:gb/part:nir/ward:n08000732,Maze,,,,
ocd-division/country:gb/part:nir/ward:n08000733,Moira,,,,
ocd-division/country:gb/part:nir/ward:n08000734,Moneyreagh,,,,
ocd-division/country:gb/part:nir/ward:n08000735,Newtownbreda,,,,
ocd-division/country:gb/part:nir/ward:n08000736,Old Warren,,,,
ocd-division/country:gb/part:nir/ward:n08000737,Ravernet,,,,
ocd-division/country:gb/part:nir/ward:n08000738,Stonyford,,,,
ocd-division/country:gb/part:nir/ward:n08000739,Wallace Park,,,,
ocd-division/country:gb/part:nir/ward:n08000740,White Mountain,,,,
ocd-division/country:gb/part:nir/ward:n08000801,Academy,,,,
ocd-division/country:gb/part:nir/ward:n08000802,Ahoghill,,,,
ocd-division/country:gb/part:nir/ward:n08000803,Ardeevin,,,,
ocd-division/country:gb/part:nir/ward:n08000804,Ballee and Harryville,,,,
ocd-division/country:gb/part:nir/ward:n08000805,Ballycarry and Glynn,,,,
ocd-division/country:gb/part:nir/ward:n08000806,Ballykeel,,,,
ocd-division/country:gb/part:nir/ward:n08000807,Boneybefore,,,,
ocd-division/country:gb/part:nir/ward:n08000808,Braidwater,,,,
ocd-division/country:gb/part:nir/ward:n08000809,Broughshane,,,,
ocd-division/country:gb/part:nir/ward:n08000810,Burleigh Hill,,,,
ocd-division/country:gb/part:nir/ward:n08000811,Cairncastle,,,,
ocd-division/country:gb/part:nir/ward:n08000812,Carnlough and Glenarm,,,,
ocd-division/country:gb/part:nir/ward:n08000813,Castle,,,,
ocd-division/country:gb/part:nir/ward:n08000814,Castle Demesne,,,,
ocd-division/country:gb/part:nir/ward:n08000815,Craigyhill,,,,
ocd-division/country:gb/part:nir/ward:n08000816,Cullybackey,,,,
ocd-division/country:gb/part:nir/ward:n08000817,Curran and Inver,,,,
ocd-division/country:gb/part:nir/ward:n08000818,Fair Green,,,,
ocd-division/country:gb/part:nir/ward:n08000819,Galgorm,,,,
ocd-division/country:gb/part:nir/ward:n08000820,Gardenmore,,,,
ocd-division/country:gb/part:nir/ward:n08000821,Glenravel,,,,
ocd-division/country:gb/part:nir/ward:n08000822,Glenwhirry,,,,
ocd-division/country:gb/part:nir/ward:n08000823,Gortalee,,,,
ocd-division/country:gb/part:nir/ward:n08000824,Grange,,,,
ocd-division/country:gb/part:nir/ward:n08000825,Greenisland,,,,
ocd-division/country:gb/part:nir/ward:n08000826,Islandmagee,,,,
ocd-division/country:gb/part:nir/ward:n08000827,Kells,,,,
ocd-division/country:gb/part:nir/ward:n08000828,Kilroot,,,,
ocd-division/country:gb/part:nir/ward:n08000829,Kilwaughter,,,,
ocd-division/country:gb/part:nir/ward:n08000830,Kirkinriola,,,,
ocd-division/country:gb/part:nir/ward:n08000831,Love Lane,,,,
ocd-division/country:gb/part:nir/ward:n08000832,Maine,,,,
ocd-division/country:gb/part:nir/ward:n08000833,Park,,,,
ocd-division/country:gb/part:nir/ward:n08000834,Portglenone,,,,
ocd-division/country:gb/part:nir/ward:n08000835,Slemish,,,,
ocd-division/country:gb/part:nir/ward:n08000836,Sunnylands,,,,
ocd-division/country:gb/part:nir/ward:n08000837,The Maidens,,,,
ocd-division/country:gb/part:nir/ward:n08000838,Victoria,,,,
ocd-division/country:gb/part:nir/ward:n08000839,Whitehead South,,,,
ocd-division/country:gb/part:nir/ward:n08000840,Woodburn,,,,
ocd-division/country:gb/part:nir/ward:n08000901,Ardboe,,,,
ocd-division/country:gb/part:nir/ward:n08000902,Augher and Clogher,,,,
ocd-division/country:gb/part:nir/ward:n08000903,Aughnacloy,,,,
ocd-division/country:gb/part:nir/ward:n08000904,Ballygawley,,,,
ocd-division/country:gb/part:nir/ward:n08000905,Ballymaguigan,,,,
ocd-division/country:gb/part:nir/ward:n08000906,Ballysaggart,,,,
ocd-division/country:gb/part:nir/ward:n08000907,Bellaghy,,,,
ocd-division/country:gb/part:nir/ward:n08000908,Caledon,,,,
ocd-division/country:gb/part:nir/ward:n08000909,Castlecaulfield,,,,
ocd-division/country:gb/part:nir/ward:n08000910,Castledawson,,,,
ocd-division/country:gb/part:nir/ward:n08000911,Coagh,,,,
ocd-division/country:gb/part:nir/ward:n08000912,Coalisland North,,,,
ocd-division/country:gb/part:nir/ward:n08000913,Coalisland South,,,,
ocd-division/country:gb/part:nir/ward:n08000914,Cookstown East,,,,
ocd-division/country:gb/part:nir/ward:n08000915,Cookstown South,,,,
ocd-division/country:gb/part:nir/ward:n08000916,Cookstown West,,,,
ocd-division/country:gb/part:nir/ward:n08000917,Coolshinny,,,,
ocd-division/country:gb/part:nir/ward:n08000918,Donaghmore,,,,
ocd-division/country:gb/part:nir/ward:n08000919,Draperstown,,,,
ocd-division/country:gb/part:nir/ward:n08000920,Fivemiletown,,,,
ocd-division/country:gb/part:nir/ward:n08000921,Glebe,,,,
ocd-division/country:gb/part:nir/ward:n08000922,Killyman,,,,
ocd-division/country:gb/part:nir/ward:n08000923,Killymeal,,,,
ocd-division/country:gb/part:nir/ward:n08000924,Lissan,,,,
ocd-division/country:gb/part:nir/ward:n08000925,Loughry,,,,
ocd-division/country:gb/part:nir/ward:n08000926,Lower Glenshane,,,,
ocd-division/country:gb/part:nir/ward:n08000927,Maghera,,,,
ocd-division/country:gb/part:nir/ward:n08000928,Moy,,,,
ocd-division/country:gb/part:nir/ward:n08000929,Moygashel,,,,
ocd-division/country:gb/part:nir/ward:n08000930,Mullaghmore,,,,
ocd-division/country:gb/part:nir/ward:n08000931,Oaklands,,,,
ocd-division/country:gb/part:nir/ward:n08000932,Pomeroy,,,,
ocd-division/country:gb/part:nir/ward:n08000933,Stewartstown,,,,
ocd-division/country:gb/part:nir/ward:n08000934,Swatragh,,,,
ocd-division/country:gb/part:nir/ward:n08000935,Tamlaght O'Crilly,,,,
ocd-division/country:gb/part:nir/ward:n08000936,The Loup,,,,
ocd-division/country:gb/part:nir/ward:n08000937,Tobermore,,,,
ocd-division/country:gb/part:nir/ward:n08000938,Town Parks East,,,,
ocd-division/country:gb/part:nir/ward:n08000939,Valley,,,,
ocd-division/country:gb/part:nir/ward:n08000940,Washing Bay,,,,
ocd-division/country:gb/part:nir/ward:n08001001,Abbey,,,,
ocd-division/country:gb/part:nir/ward:n08001002,Annalong,,,,
ocd-division/country:gb/part:nir/ward:n08001003,Ballybot,,,,
ocd-division/country:gb/part:nir/ward:n08001004,Ballydugan,,,,
ocd-division/country:gb/part:nir/ward:n08001005,Ballynahinch,,,,
ocd-division/country:gb/part:nir/ward:n08001006,Ballyward,,,,
ocd-division/country:gb/part:nir/ward:n08001007,Bessbrook,,,,
ocd-division/country:gb/part:nir/ward:n08001008,Binnian,,,,
ocd-division/country:gb/part:nir/ward:n08001009,Burren,,,,
ocd-division/country:gb/part:nir/ward:n08001010,Camlough,,,,
ocd-division/country:gb/part:nir/ward:n08001011,Castlewellan,,,,
ocd-division/country:gb/part:nir/ward:n08001012,Cathedral,,,,
ocd-division/country:gb/part:nir/ward:n08001013,Crossgar and Killyleagh,,,,
ocd-division/country:gb/part:nir/ward:n08001014,Crossmaglen,,,,
ocd-division/country:gb/part:nir/ward:n08001015,Damolly,,,,
ocd-division/country:gb/part:nir/ward:n08001016,Derryboy,,,,
ocd-division/country:gb/part:nir/ward:n08001017,Derryleckagh,,,,
ocd-division/country:gb/part:nir/ward:n08001018,Donard,,,,
ocd-division/country:gb/part:nir/ward:n08001019,Drumalane,,,,
ocd-division/country:gb/part:nir/ward:n08001020,Drumaness,,,,
ocd-division/country:gb/part:nir/ward:n08001021,Dundrum,,,,
ocd-division/country:gb/part:nir/ward:n08001022,Fathom,,,,
ocd-division/country:gb/part:nir/ward:n08001023,Forkhill,,,,
ocd-division/country:gb/part:nir/ward:n08001024,Hilltown,,,,
ocd-division/country:gb/part:nir/ward:n08001025,Kilkeel,,,,
ocd-division/country:gb/part:nir/ward:n08001026,Kilmore,,,,
ocd-division/country:gb/part:nir/ward:n08001027,Knocknashinna,,,,
ocd-division/country:gb/part:nir/ward:n08001028,Lecale,,,,
ocd-division/country:gb/part:nir/ward:n08001029,Lisnacree,,,,
ocd-division/country:gb/part:nir/ward:n08001030,Mayobridge,,,,
ocd-division/country:gb/part:nir/ward:n08001031,Mullaghbane,,,,
ocd-division/country:gb/part:nir/ward:n08001032,Murlough,,,,
ocd-division/country:gb/part:nir/ward:n08001033,Newtownhamilton,,,,
ocd-division/country:gb/part:nir/ward:n08001034,Quoile,,,,
ocd-division/country:gb/part:nir/ward:n08001035,Rostrevor,,,,
ocd-division/country:gb/part:nir/ward:n08001036,Saintfield,,,,
ocd-division/country:gb/part:nir/ward:n08001037,St. Patrick's,,,,
ocd-division/country:gb/part:nir/ward:n08001038,Strangford,,,,
ocd-division/country:gb/part:nir/ward:n08001039,Tollymore,,,,
ocd-division/country:gb/part:nir/ward:n08001040,Warrenpoint,,,,
ocd-division/country:gb/part:nir/ward:n08001041,Whitecross,,,,
ocd-division/country:gb/part:nir/ward:n08001101,Ballycrochan,,,,
ocd-division/country:gb/part:nir/ward:n08001102,Ballygowan,,,,
ocd-division/country:gb/part:nir/ward:n08001103,Ballygrainey,,,,
ocd-division/country:gb/part:nir/ward:n08001104,Ballyholme,,,,
ocd-division/country:gb/part:nir/ward:n08001105,Ballymagee,,,,
ocd-division/country:gb/part:nir/ward:n08001106,Ballywalter,,,,
ocd-division/country:gb/part:nir/ward:n08001107,Bloomfield,,,,
ocd-division/country:gb/part:nir/ward:n08001108,Broadway,,,,
ocd-division/country:gb/part:nir/ward:n08001109,Bryansburn,,,,
ocd-division/country:gb/part:nir/ward:n08001110,Carrowdore,,,,
ocd-division/country:gb/part:nir/ward:n08001111,Castle,,,,
ocd-division/country:gb/part:nir/ward:n08001112,Clandeboye,,,,
ocd-division/country:gb/part:nir/ward:n08001113,Comber North,,,,
ocd-division/country:gb/part:nir/ward:n08001114,Comber South,,,,
ocd-division/country:gb/part:nir/ward:n08001115,Comber West,,,,
ocd-division/country:gb/part:nir/ward:n08001116,Conway Square,,,,
ocd-division/country:gb/part:nir/ward:n08001117,Cronstown,,,,
ocd-division/country:gb/part:nir/ward:n08001118,Cultra,,,,
ocd-division/country:gb/part:nir/ward:n08001119,Donaghadee,,,,
ocd-division/country:gb/part:nir/ward:n08001120,Glen,,,,
ocd-division/country:gb/part:nir/ward:n08001121,Gregstown,,,,
ocd-division/country:gb/part:nir/ward:n08001122,Groomsport,,,,
ocd-division/country:gb/part:nir/ward:n08001123,Harbour,,,,
ocd-division/country:gb/part:nir/ward:n08001124,Helen's Bay,,,,
ocd-division/country:gb/part:nir/ward:n08001125,Holywood,,,,
ocd-division/country:gb/part:nir/ward:n08001126,Kilcooley,,,,
ocd-division/country:gb/part:nir/ward:n08001127,Killinchy,,,,
ocd-division/country:gb/part:nir/ward:n08001128,Kircubbin,,,,
ocd-division/country:gb/part:nir/ward:n08001129,Loughries,,,,
ocd-division/country:gb/part:nir/ward:n08001130,Loughview,,,,
ocd-division/country:gb/part:nir/ward:n08001131,Movilla,,,,
ocd-division/country:gb/part:nir/ward:n08001132,Portaferry,,,,
ocd-division/country:gb/part:nir/ward:n08001133,Portavogie,,,,
ocd-division/country:gb/part:nir/ward:n08001134,Rathgael,,,,
ocd-division/country:gb/part:nir/ward:n08001135,Rathmore,,,,
ocd-division/country:gb/part:nir/ward:n08001136,Scrabo,,,,
ocd-division/country:gb/part:nir/ward:n08001137,Silverbirch,,,,
ocd-division/country:gb/part:nir/ward:n08001138,Silverstream,,,,
ocd-division/country:gb/part:nir/ward:n08001139,Warren,,,,
ocd-division/country:gb/part:nir/ward:n08001140,West Winds,,,,
ocd-division/country:gb/part:sct/ward:s13002516,South Kintyre,,,,
ocd-division/country:gb/part:sct/ward:s13002517,Kintyre and the Islands,,,,
ocd-division/country:gb/part:sct/ward:s13002518,Mid Argyll,,,,
ocd-division/country:gb/part:sct/ward:s13002519,Oban South and the Isles,,,,
ocd-division/country:gb/part:sct/ward:s13002520,Oban North and Lorn,,,,
ocd-division/country:gb/part:sct/ward:s13002521,Cowal,,,,
ocd-division/country:gb/part:sct/ward:s13002522,Dunoon,,,,
ocd-division/country:gb/part:sct/ward:s13002523,Isle of Bute,,,,
ocd-division/country:gb/part:sct/ward:s13002524,Lomond North,,,,
ocd-division/country:gb/part:sct/ward:s13002525,Helensburgh Central,,,,
ocd-division/country:gb/part:sct/ward:s13002526,Helensburgh and Lomond South,,,,
ocd-division/country:gb/part:sct/ward:s13002545,Strathmartine,,,,
ocd-division/country:gb/part:sct/ward:s13002546,Lochee,,,,
ocd-division/country:gb/part:sct/ward:s13002547,West End,,,,
ocd-division/country:gb/part:sct/ward:s13002548,Coldside,,,,
ocd-division/country:gb/part:sct/ward:s13002549,Maryfield,,,,
ocd-division/country:gb/part:sct/ward:s13002551,East End,,,,
ocd-division/country:gb/part:sct/ward:s13002552,The Ferry,,,,
ocd-division/country:gb/part:sct/ward:s13002608,An Taobh Siar agus Nis,,,,
ocd-division/country:gb/part:sct/ward:s13002734,Stromness and South Isles,,,,
ocd-division/country:gb/part:sct/ward:s13002735,West Mainland,,,,
ocd-division/country:gb/part:sct/ward:s13002737,North Isles,,,,
ocd-division/country:gb/part:sct/ward:s13002761,Tweeddale West,,,,
ocd-division/country:gb/part:sct/ward:s13002762,Tweeddale East,,,,
ocd-division/country:gb/part:sct/ward:s13002763,Galashiels and District,,,,
ocd-division/country:gb/part:sct/ward:s13002764,Selkirkshire,,,,
ocd-division/country:gb/part:sct/ward:s13002765,Leaderdale and Melrose,,,,
ocd-division/country:gb/part:sct/ward:s13002766,Mid Berwickshire,,,,
ocd-division/country:gb/part:sct/ward:s13002767,East Berwickshire,,,,
ocd-division/country:gb/part:sct/ward:s13002768,Kelso and District,,,,
ocd-division/country:gb/part:sct/ward:s13002769,Jedburgh and District,,,,
ocd-division/country:gb/part:sct/ward:s13002770,Hawick and Denholm,,,,
ocd-division/country:gb/part:sct/ward:s13002771,Hawick and Hermitage,,,,
ocd-division/country:gb/part:sct/ward:s13002772,North Isles,,,,
ocd-division/country:gb/part:sct/ward:s13002773,Shetland North,,,,
ocd-division/country:gb/part:sct/ward:s13002777,Lerwick North and Bressay,,,,
ocd-division/country:gb/part:sct/ward:s13002820,Linlithgow,,,,
ocd-division/country:gb/part:sct/ward:s13002821,"Broxburn, Uphall and Winchburgh",,,,
ocd-division/country:gb/part:sct/ward:s13002822,Livingston North,,,,
ocd-division/country:gb/part:sct/ward:s13002823,Livingston South,,,,
ocd-division/country:gb/part:sct/ward:s13002824,East Livingston and East Calder,,,,
ocd-division/country:gb/part:sct/ward:s13002825,Fauldhouse and the Breich Valley,,,,
ocd-division/country:gb/part:sct/ward:s13002826,Whitburn and Blackburn,,,,
ocd-division/country:gb/part:sct/ward:s13002827,Bathgate,,,,
ocd-division/country:gb/part:sct/ward:s13002828,Armadale and Blackridge,,,,
ocd-division/country:gb/part:sct/ward:s13002830,North East,,,,
ocd-division/country:gb/part:sct/ward:s13002835,Dyce/Bucksburn/Danestone,,,,
ocd-division/country:gb/part:sct/ward:s13002836,Bridge of Don,,,,
ocd-division/country:gb/part:sct/ward:s13002837,Kingswells/Sheddocksley/Summerhill,,,,
ocd-division/country:gb/part:sct/ward:s13002838,Northfield/Mastrick North,,,,
ocd-division/country:gb/part:sct/ward:s13002839,Hilton/Woodside/Stockethill,,,,
ocd-division/country:gb/part:sct/ward:s13002840,Tillydrone/Seaton/Old Aberdeen,,,,
ocd-division/country:gb/part:sct/ward:s13002841,Midstocket/Rosemount,,,,
ocd-division/country:gb/part:sct/ward:s13002842,George St/Harbour,,,,
ocd-division/country:gb/part:sct/ward:s13002843,Lower Deeside,,,,
ocd-division/country:gb/part:sct/ward:s13002844,Hazlehead/Queens Cross/Countesswells,,,,
ocd-division/country:gb/part:sct/ward:s13002845,Airyhall/Broomhill/Garthdee,,,,
ocd-division/country:gb/part:sct/ward:s13002846,Torry/Ferryhill,,,,
ocd-division/country:gb/part:sct/ward:s13002847,Kincorth/Nigg/Cove,,,,
ocd-division/country:gb/part:sct/ward:s13002848,Banff and District,,,,
ocd-division/country:gb/part:sct/ward:s13002849,Troup,,,,
ocd-division/country:gb/part:sct/ward:s13002850,Fraserburgh and District,,,,
ocd-division/country:gb/part:sct/ward:s13002851,Central Buchan,,,,
ocd-division/country:gb/part:sct/ward:s13002852,Peterhead North and Rattray,,,,
ocd-division/country:gb/part:sct/ward:s13002853,Peterhead South and Cruden,,,,
ocd-division/country:gb/part:sct/ward:s13002854,Turriff and District,,,,
ocd-division/country:gb/part:sct/ward:s13002855,Mid Formartine,,,,
ocd-division/country:gb/part:sct/ward:s13002856,Ellon and District,,,,
ocd-division/country:gb/part:sct/ward:s13002857,West Garioch,,,,
ocd-division/country:gb/part:sct/ward:s13002858,Inverurie and District,,,,
ocd-division/country:gb/part:sct/ward:s13002859,East Garioch,,,,
ocd-division/country:gb/part:sct/ward:s13002860,Westhill and District,,,,
ocd-division/country:gb/part:sct/ward:s13002861,"Huntly, Strathbogie and Howe of Alford",,,,
ocd-division/country:gb/part:sct/ward:s13002862,"Aboyne, Upper Deeside and Donside",,,,
ocd-division/country:gb/part:sct/ward:s13002863,Banchory and Mid Deeside,,,,
ocd-division/country:gb/part:sct/ward:s13002864,North Kincardine,,,,
ocd-division/country:gb/part:sct/ward:s13002865,Stonehaven and Lower Deeside,,,,
ocd-division/country:gb/part:sct/ward:s13002866,Mearns,,,,
ocd-division/country:gb/part:sct/ward:s13002867,Kirriemuir and Dean,,,,
ocd-division/country:gb/part:sct/ward:s13002868,Brechin and Edzell,,,,
ocd-division/country:gb/part:sct/ward:s13002869,Forfar and District,,,,
ocd-division/country:gb/part:sct/ward:s13002870,Monifieth and Sidlaw,,,,
ocd-division/country:gb/part:sct/ward:s13002871,Carnoustie and District,,,,
ocd-division/country:gb/part:sct/ward:s13002872,"Arbroath West, Letham and Friockheim",,,,
ocd-division/country:gb/part:sct/ward:s13002873,Arbroath East and Lunan,,,,
ocd-division/country:gb/part:sct/ward:s13002874,Montrose and District,,,,
ocd-division/country:gb/part:sct/ward:s13002875,Clackmannanshire West,,,,
ocd-division/country:gb/part:sct/ward:s13002876,Clackmannanshire North,,,,
ocd-division/country:gb/part:sct/ward:s13002877,Clackmannanshire Central,,,,
ocd-division/country:gb/part:sct/ward:s13002878,Clackmannanshire South,,,,
ocd-division/country:gb/part:sct/ward:s13002879,Clackmannanshire East,,,,
ocd-division/country:gb/part:sct/ward:s13002880,Stranraer and the Rhins,,,,
ocd-division/country:gb/part:sct/ward:s13002881,Mid Galloway and Wigtown West,,,,
ocd-division/country:gb/part:sct/ward:s13002882,Dee and Glenkens,,,,
ocd-division/country:gb/part:sct/ward:s13002883,Castle Douglas and Crocketford,,,,
ocd-division/country:gb/part:sct/ward:s13002884,Abbey,,,,
ocd-division/country:gb/part:sct/ward:s13002885,North West Dumfries,,,,
ocd-division/country:gb/part:sct/ward:s13002886,Mid and Upper Nithsdale,,,,
ocd-division/country:gb/part:sct/ward:s13002887,Lochar,,,,
ocd-division/country:gb/part:sct/ward:s13002888,Nith,,,,
ocd-division/country:gb/part:sct/ward:s13002889,Annandale South,,,,
ocd-division/country:gb/part:sct/ward:s13002890,Annandale North,,,,
ocd-division/country:gb/part:sct/ward:s13002891,Annandale East and Eskdale,,,,
ocd-division/country:gb/part:sct/ward:s13002892,Annick,,,,
ocd-division/country:gb/part:sct/ward:s13002893,Kilmarnock North,,,,
ocd-division/country:gb/part:sct/ward:s13002894,Kilmarnock West and Crosshouse,,,,
ocd-division/country:gb/part:sct/ward:s13002895,Kilmarnock East and Hurlford,,,,
ocd-division/country:gb/part:sct/ward:s13002896,Kilmarnock South,,,,
ocd-division/country:gb/part:sct/ward:s13002897,Irvine Valley,,,,
ocd-division/country:gb/part:sct/ward:s13002898,Ballochmyle,,,,
ocd-division/country:gb/part:sct/ward:s13002899,Cumnock and New Cumnock,,,,
ocd-division/country:gb/part:sct/ward:s13002900,Doon Valley,,,,
ocd-division/country:gb/part:sct/ward:s13002901,Milngavie,,,,
ocd-division/country:gb/part:sct/ward:s13002902,Bearsden North,,,,
ocd-division/country:gb/part:sct/ward:s13002903,Bearsden South,,,,
ocd-division/country:gb/part:sct/ward:s13002904,Bishopbriggs North and Campsie,,,,
ocd-division/country:gb/part:sct/ward:s13002905,Bishopbriggs South,,,,
ocd-division/country:gb/part:sct/ward:s13002906,Lenzie and Kirkintilloch South,,,,
ocd-division/country:gb/part:sct/ward:s13002907,Kirkintilloch East and North and Twechar,,,,
ocd-division/country:gb/part:sct/ward:s13002908,Musselburgh,,,,
ocd-division/country:gb/part:sct/ward:s13002909,"Preston, Seton and Gosford",,,,
ocd-division/country:gb/part:sct/ward:s13002910,"Tranent, Wallyford and Macmerry",,,,
ocd-division/country:gb/part:sct/ward:s13002911,North Berwick Coastal,,,,
ocd-division/country:gb/part:sct/ward:s13002912,Haddington and Lammermuir,,,,
ocd-division/country:gb/part:sct/ward:s13002913,Dunbar and East Linton,,,,
ocd-division/country:gb/part:sct/ward:s13002914,"Barrhead, Liboside and Uplawmoor",,,,
ocd-division/country:gb/part:sct/ward:s13002915,Newton Mearns North and Neilston,,,,
ocd-division/country:gb/part:sct/ward:s13002916,Giffnock and Thornliebank,,,,
ocd-division/country:gb/part:sct/ward:s13002917,"Clarkston, Netherlee and Williamwood",,,,
ocd-division/country:gb/part:sct/ward:s13002918,Newton Mearns South and Eaglesham,,,,
ocd-division/country:gb/part:sct/ward:s13002919,Almond,,,,
ocd-division/country:gb/part:sct/ward:s13002920,Pentland Hills,,,,
ocd-division/country:gb/part:sct/ward:s13002921,Drum Brae/Gyle,,,,
ocd-division/country:gb/part:sct/ward:s13002922,Forth,,,,
ocd-division/country:gb/part:sct/ward:s13002923,Inverleith,,,,
ocd-division/country:gb/part:sct/ward:s13002924,Corstorphine/Murrayfield,,,,
ocd-division/country:gb/part:sct/ward:s13002925,Sighthill/Gorgie,,,,
ocd-division/country:gb/part:sct/ward:s13002926,Colinton/Fairmilehead,,,,
ocd-division/country:gb/part:sct/ward:s13002927,Fountainbridge/Craiglockhart,,,,
ocd-division/country:gb/part:sct/ward:s13002928,Morningside,,,,
ocd-division/country:gb/part:sct/ward:s13002929,City Centre,,,,
ocd-division/country:gb/part:sct/ward:s13002930,Leith Walk,,,,
ocd-division/country:gb/part:sct/ward:s13002931,Leith,,,,
ocd-division/country:gb/part:sct/ward:s13002932,Craigentinny/Duddingston,,,,
ocd-division/country:gb/part:sct/ward:s13002933,Southside/Newington,,,,
ocd-division/country:gb/part:sct/ward:s13002934,Liberton/Gilmerton,,,,
ocd-division/country:gb/part:sct/ward:s13002935,Portobello/Craigmillar,,,,
ocd-division/country:gb/part:sct/ward:s13002936,Bo'ness and Blackness,,,,
ocd-division/country:gb/part:sct/ward:s13002937,Grangemouth,,,,
ocd-division/country:gb/part:sct/ward:s13002938,Denny and Banknock,,,,
ocd-division/country:gb/part:sct/ward:s13002939,"Carse, Kinnaird and Tryst",,,,
ocd-division/country:gb/part:sct/ward:s13002940,Bonnybridge and Larbert,,,,
ocd-division/country:gb/part:sct/ward:s13002941,Falkirk North,,,,
ocd-division/country:gb/part:sct/ward:s13002942,Falkirk South,,,,
ocd-division/country:gb/part:sct/ward:s13002943,Lower Braes,,,,
ocd-division/country:gb/part:sct/ward:s13002944,Upper Braes,,,,
ocd-division/country:gb/part:sct/ward:s13002946,Dunfermline North,,,,
ocd-division/country:gb/part:sct/ward:s13002947,Dunfermline Central,,,,
ocd-division/country:gb/part:sct/ward:s13002948,Dunfermline South,,,,
ocd-division/country:gb/part:sct/ward:s13002949,Rosyth,,,,
ocd-division/country:gb/part:sct/ward:s13002950,Inverkeithing and Dalgety Bay,,,,
ocd-division/country:gb/part:sct/ward:s13002953,"Burntisland, Kinghorn and Western Kirkcaldy",,,,
ocd-division/country:gb/part:sct/ward:s13002954,Kirkcaldy North,,,,
ocd-division/country:gb/part:sct/ward:s13002955,Kirkcaldy Central,,,,
ocd-division/country:gb/part:sct/ward:s13002956,Kirkcaldy East,,,,
ocd-division/country:gb/part:sct/ward:s13002958,"Glenrothes North, Leslie and Markinch",,,,
ocd-division/country:gb/part:sct/ward:s13002959,Glenrothes Central and Thornton,,,,
ocd-division/country:gb/part:sct/ward:s13002960,Howe of Fife and Tay Coast,,,,
ocd-division/country:gb/part:sct/ward:s13002961,Tay Bridgehead,,,,
ocd-division/country:gb/part:sct/ward:s13002962,St Andrews,,,,
ocd-division/country:gb/part:sct/ward:s13002963,East Neuk and Landward,,,,
ocd-division/country:gb/part:sct/ward:s13002964,Cupar,,,,
ocd-division/country:gb/part:sct/ward:s13002965,"Leven, Kennoway and Largo",,,,
ocd-division/country:gb/part:sct/ward:s13002966,"Buckhaven, Methil and Wemyss Villages",,,,
ocd-division/country:gb/part:sct/ward:s13002967,Linn,,,,
ocd-division/country:gb/part:sct/ward:s13002968,Newlands/Auldburn,,,,
ocd-division/country:gb/part:sct/ward:s13002969,Greater Pollok,,,,
ocd-division/country:gb/part:sct/ward:s13002970,Cardonald,,,,
ocd-division/country:gb/part:sct/ward:s13002971,Govan,,,,
ocd-division/country:gb/part:sct/ward:s13002972,Pollokshields,,,,
ocd-division/country:gb/part:sct/ward:s13002973,Langside,,,,
ocd-division/country:gb/part:sct/ward:s13002974,Southside Central,,,,
ocd-division/country:gb/part:sct/ward:s13002975,Calton,,,,
ocd-division/country:gb/part:sct/ward:s13002976,Anderston/City/Yorkhill,,,,
ocd-division/country:gb/part:sct/ward:s13002977,Hillhead,,,,
ocd-division/country:gb/part:sct/ward:s13002978,Victoria Park,,,,
ocd-division/country:gb/part:sct/ward:s13002979,Garscadden/Scotstounhill,,,,
ocd-division/country:gb/part:sct/ward:s13002980,Drumchapel/Anniesland,,,,
ocd-division/country:gb/part:sct/ward:s13002981,Maryhill,,,,
ocd-division/country:gb/part:sct/ward:s13002982,Canal,,,,
ocd-division/country:gb/part:sct/ward:s13002983,Springburn/Robroyston,,,,
ocd-division/country:gb/part:sct/ward:s13002984,East Centre,,,,
ocd-division/country:gb/part:sct/ward:s13002985,Shettleston,,,,
ocd-division/country:gb/part:sct/ward:s13002986,Baillieston,,,,
ocd-division/country:gb/part:sct/ward:s13002988,Dennistoun,,,,
ocd-division/country:gb/part:sct/ward:s13002989,Partick East/Kelvindale,,,,
ocd-division/country:gb/part:sct/ward:s13002990,"North, West and Central Sutherland",,,,
ocd-division/country:gb/part:sct/ward:s13002991,Thurso and Northwest Caithness,,,,
ocd-division/country:gb/part:sct/ward:s13002992,Wick and East Caithness,,,,
ocd-division/country:gb/part:sct/ward:s13002993,East Sutherland and Edderton,,,,
ocd-division/country:gb/part:sct/ward:s13002994,"Wester Ross, Strathpeffer and Lochalsh",,,,
ocd-division/country:gb/part:sct/ward:s13002995,Cromarty Firth,,,,
ocd-division/country:gb/part:sct/ward:s13002996,Tain and Easter Ross,,,,
ocd-division/country:gb/part:sct/ward:s13002997,Dingwall and Seaforth,,,,
ocd-division/country:gb/part:sct/ward:s13002998,Black Isle,,,,
ocd-division/country:gb/part:sct/ward:s13002999,Eilean á Chèo,,,,
ocd-division/country:gb/part:sct/ward:s13003000,Caol and Mallaig,,,,
ocd-division/country:gb/part:sct/ward:s13003001,Aird and Loch Ness,,,,
ocd-division/country:gb/part:sct/ward:s13003002,Inverness West,,,,
ocd-division/country:gb/part:sct/ward:s13003003,Inverness Central,,,,
ocd-division/country:gb/part:sct/ward:s13003004,Inverness Ness-side,,,,
ocd-division/country:gb/part:sct/ward:s13003005,Inverness Millburn,,,,
ocd-division/country:gb/part:sct/ward:s13003006,Culloden and Ardersier,,,,
ocd-division/country:gb/part:sct/ward:s13003007,Nairn and Cawdor,,,,
ocd-division/country:gb/part:sct/ward:s13003008,Inverness South,,,,
ocd-division/country:gb/part:sct/ward:s13003009,Badenoch and Strathspey,,,,
ocd-division/country:gb/part:sct/ward:s13003010,Fort William and Ardnamurchan,,,,
ocd-division/country:gb/part:sct/ward:s13003011,Inverclyde East,,,,
ocd-division/country:gb/part:sct/ward:s13003012,Inverclyde East Central,,,,
ocd-division/country:gb/part:sct/ward:s13003013,Inverclyde Central,,,,
ocd-division/country:gb/part:sct/ward:s13003014,Inverclyde North,,,,
ocd-division/country:gb/part:sct/ward:s13003015,Inverclyde West,,,,
ocd-division/country:gb/part:sct/ward:s13003016,Inverclyde South West,,,,
ocd-division/country:gb/part:sct/ward:s13003017,Inverclyde South,,,,
ocd-division/country:gb/part:sct/ward:s13003018,Penicuik,,,,
ocd-division/country:gb/part:sct/ward:s13003019,Bonnyrigg,,,,
ocd-division/country:gb/part:sct/ward:s13003020,Dalkeith,,,,
ocd-division/country:gb/part:sct/ward:s13003021,Midlothian West,,,,
ocd-division/country:gb/part:sct/ward:s13003022,Midlothian East,,,,
ocd-division/country:gb/part:sct/ward:s13003023,Midlothian South,,,,
ocd-division/country:gb/part:sct/ward:s13003024,Speyside Glenlivet,,,,
ocd-division/country:gb/part:sct/ward:s13003025,Keith and Cullen,,,,
ocd-division/country:gb/part:sct/ward:s13003026,Buckie,,,,
ocd-division/country:gb/part:sct/ward:s13003027,Fochabers Lhanbryde,,,,
ocd-division/country:gb/part:sct/ward:s13003028,Heldon and Laich,,,,
ocd-division/country:gb/part:sct/ward:s13003029,Elgin City North,,,,
ocd-division/country:gb/part:sct/ward:s13003030,Elgin City South,,,,
ocd-division/country:gb/part:sct/ward:s13003031,Forres,,,,
ocd-division/country:gb/part:sct/ward:s13003032,Irvine West,,,,
ocd-division/country:gb/part:sct/ward:s13003033,Irvine East,,,,
ocd-division/country:gb/part:sct/ward:s13003034,Kilwinning,,,,
ocd-division/country:gb/part:sct/ward:s13003041,Irvine South,,,,
ocd-division/country:gb/part:sct/ward:s13003042,Kilsyth,,,,
ocd-division/country:gb/part:sct/ward:s13003043,Cumbernauld North,,,,
ocd-division/country:gb/part:sct/ward:s13003044,Cumbernauld South,,,,
ocd-division/country:gb/part:sct/ward:s13003045,Cumbernauld East,,,,
ocd-division/country:gb/part:sct/ward:s13003047,"Gartcosh, Glenboig and Moodiesburn",,,,
ocd-division/country:gb/part:sct/ward:s13003048,Coatbridge North,,,,
ocd-division/country:gb/part:sct/ward:s13003049,Airdrie North,,,,
ocd-division/country:gb/part:sct/ward:s13003050,Airdrie Central,,,,
ocd-division/country:gb/part:sct/ward:s13003051,Coatbridge West,,,,
ocd-division/country:gb/part:sct/ward:s13003052,Coatbridge South,,,,
ocd-division/country:gb/part:sct/ward:s13003053,Airdrie South,,,,
ocd-division/country:gb/part:sct/ward:s13003054,Fortissat,,,,
ocd-division/country:gb/part:sct/ward:s13003055,Thorniewood,,,,
ocd-division/country:gb/part:sct/ward:s13003056,Bellshill,,,,
ocd-division/country:gb/part:sct/ward:s13003057,Mossend and Holytown,,,,
ocd-division/country:gb/part:sct/ward:s13003058,Motherwell West,,,,
ocd-division/country:gb/part:sct/ward:s13003059,Motherwell North,,,,
ocd-division/country:gb/part:sct/ward:s13003060,Motherwell South East and Ravenscraig,,,,
ocd-division/country:gb/part:sct/ward:s13003061,Murdostoun,,,,
ocd-division/country:gb/part:sct/ward:s13003062,Wishaw,,,,
ocd-division/country:gb/part:sct/ward:s13003063,Carse of Gowrie,,,,
ocd-division/country:gb/part:sct/ward:s13003064,Strathmore,,,,
ocd-division/country:gb/part:sct/ward:s13003065,Blairgowrie and Glens,,,,
ocd-division/country:gb/part:sct/ward:s13003066,Highland,,,,
ocd-division/country:gb/part:sct/ward:s13003067,Strathtay,,,,
ocd-division/country:gb/part:sct/ward:s13003068,Strathearn,,,,
ocd-division/country:gb/part:sct/ward:s13003069,Strathallan,,,,
ocd-division/country:gb/part:sct/ward:s13003071,Almond and Earn,,,,
ocd-division/country:gb/part:sct/ward:s13003072,Perth City South,,,,
ocd-division/country:gb/part:sct/ward:s13003073,Perth City North,,,,
ocd-division/country:gb/part:sct/ward:s13003074,Perth City Centre,,,,
ocd-division/country:gb/part:sct/ward:s13003075,Renfrew North and Braehead,,,,
ocd-division/country:gb/part:sct/ward:s13003076,Renfrew South and Gallowhill,,,,
ocd-division/country:gb/part:sct/ward:s13003077,Paisley Northeast and Ralston,,,,
ocd-division/country:gb/part:sct/ward:s13003078,Paisley Northwest,,,,
ocd-division/country:gb/part:sct/ward:s13003079,Paisley East and Central,,,,
ocd-division/country:gb/part:sct/ward:s13003080,Paisley Southeast,,,,
ocd-division/country:gb/part:sct/ward:s13003081,Paisley Southwest,,,,
ocd-division/country:gb/part:sct/ward:s13003082,Johnstone South and Elderslie,,,,
ocd-division/country:gb/part:sct/ward:s13003083,"Johnstone North, Kilbarchan, Howwood and Lochwinnoch",,,,
ocd-division/country:gb/part:sct/ward:s13003084,"Houston, Crosslee and Linwood",,,,
ocd-division/country:gb/part:sct/ward:s13003085,"Bishopton, Bridge of Weir and Langbank",,,,
ocd-division/country:gb/part:sct/ward:s13003086,Erskine and Inchinnan,,,,
ocd-division/country:gb/part:sct/ward:s13003087,Troon,,,,
ocd-division/country:gb/part:sct/ward:s13003088,Prestwick,,,,
ocd-division/country:gb/part:sct/ward:s13003089,Ayr North,,,,
ocd-division/country:gb/part:sct/ward:s13003090,Ayr East,,,,
ocd-division/country:gb/part:sct/ward:s13003091,Ayr West,,,,
ocd-division/country:gb/part:sct/ward:s13003092,Kyle,,,,
ocd-division/country:gb/part:sct/ward:s13003093,"Maybole, North Carrick and Coylton",,,,
ocd-division/country:gb/part:sct/ward:s13003094,Girvan and South Carrick,,,,
ocd-division/country:gb/part:sct/ward:s13003095,Clydesdale West,,,,
ocd-division/country:gb/part:sct/ward:s13003096,Clydesdale North,,,,
ocd-division/country:gb/part:sct/ward:s13003097,Clydesdale East,,,,
ocd-division/country:gb/part:sct/ward:s13003098,Clydesdale South,,,,
ocd-division/country:gb/part:sct/ward:s13003099,Avondale and Stonehouse,,,,
ocd-division/country:gb/part:sct/ward:s13003100,East Kilbride South,,,,
ocd-division/country:gb/part:sct/ward:s13003101,East Kilbride Central South,,,,
ocd-division/country:gb/part:sct/ward:s13003102,East Kilbride Central North,,,,
ocd-division/country:gb/part:sct/ward:s13003103,East Kilbride West,,,,
ocd-division/country:gb/part:sct/ward:s13003104,East Kilbride East,,,,
ocd-division/country:gb/part:sct/ward:s13003105,Rutherglen South,,,,
ocd-division/country:gb/part:sct/ward:s13003106,Rutherglen Central and North,,,,
ocd-division/country:gb/part:sct/ward:s13003107,Cambuslang West,,,,
ocd-division/country:gb/part:sct/ward:s13003108,Cambuslang East,,,,
ocd-division/country:gb/part:sct/ward:s13003109,Blantyre,,,,
ocd-division/country:gb/part:sct/ward:s13003110,Bothwell and Uddingston,,,,
ocd-division/country:gb/part:sct/ward:s13003111,Hamilton North and East,,,,
ocd-division/country:gb/part:sct/ward:s13003112,Hamilton West and Earnock,,,,
ocd-division/country:gb/part:sct/ward:s13003113,Hamilton South,,,,
ocd-division/country:gb/part:sct/ward:s13003114,Larkhall,,,,
ocd-division/country:gb/part:sct/ward:s13003115,Trossachs and Teith,,,,
ocd-division/country:gb/part:sct/ward:s13003116,Forth and Endrick,,,,
ocd-division/country:gb/part:sct/ward:s13003117,Dunblane and Bridge of Allan,,,,
ocd-division/country:gb/part:sct/ward:s13003118,Stirling North,,,,
ocd-division/country:gb/part:sct/ward:s13003119,Stirling West,,,,
ocd-division/country:gb/part:sct/ward:s13003120,Stirling East,,,,
ocd-division/country:gb/part:sct/ward:s13003121,Bannockburn,,,,
ocd-division/country:gb/part:sct/ward:s13003122,Lomond,,,,
ocd-division/country:gb/part:sct/ward:s13003123,Leven,,,,
ocd-division/country:gb/part:sct/ward:s13003124,Dumbarton,,,,
ocd-division/country:gb/part:sct/ward:s13003125,Kilpatrick,,,,
ocd-division/country:gb/part:sct/ward:s13003126,Clydebank Central,,,,
ocd-division/country:gb/part:sct/ward:s13003127,Clydebank Waterfront,,,,
ocd-division/country:gb/part:sct/ward:s13003128,Cowdenbeath,,,,
ocd-division/country:gb/part:sct/ward:s13003129,Glenrothes West and Kinglassie,,,,
ocd-division/country:gb/part:sct/ward:s13003130,"Lochgelly, Cardenden and Benarty",,,,
ocd-division/country:gb/part:sct/ward:s13003131,West Fife and Coastal Villages,,,,
ocd-division/country:gb/part:sct/ward:s13003132,Kinross-shire,,,,
ocd-division/country:gb/part:sct/ward:s13003133,North East,,,,
ocd-division/country:gb/part:sct/ward:s13003134,"Stepps, Chryston and Muirhead",,,,
ocd-division/country:gb/part:sct/ward:s13003135,Barraigh agus Bhatarsaigh,,,,
ocd-division/country:gb/part:sct/ward:s13003136,Loch a Tuath,,,,
ocd-division/country:gb/part:sct/ward:s13003137,Na Hearadh,,,,
ocd-division/country:gb/part:sct/ward:s13003138,Sgìr Ùige agus Càrlabhagh,,,,
ocd-division/country:gb/part:sct/ward:s13003139,Sgìre an Rubha,,,,
ocd-division/country:gb/part:sct/ward:s13003140,Sgìre nan Loch,,,,
ocd-division/country:gb/part:sct/ward:s13003141,Steòrnabhagh a Deas,,,,
ocd-division/country:gb/part:sct/ward:s13003142,Steòrnabhagh a Tuath,,,,
ocd-division/country:gb/part:sct/ward:s13003143,"Uibhist a Deas, Èirisgeigh agus Beinn na Faoghla",,,,
ocd-division/country:gb/part:sct/ward:s13003144,Uibhist a Tuath,,,,
ocd-division/country:gb/part:sct/ward:s13003145,Ardrossan,,,,
ocd-division/country:gb/part:sct/ward:s13003146,Arran,,,,
ocd-division/country:gb/part:sct/ward:s13003147,Garnock Valley,,,,
ocd-division/country:gb/part:sct/ward:s13003148,North Coast,,,,
ocd-division/country:gb/part:sct/ward:s13003149,Saltcoats and Stevenston,,,,
ocd-division/country:gb/part:sct/ward:s13003150,"East Mainland, South Ronaldsay and Burray",,,,
ocd-division/country:gb/part:sct/ward:s13003151,Kirkwall East,,,,
ocd-division/country:gb/part:sct/ward:s13003152,Kirkwall West and Orphir,,,,
ocd-division/country:gb/part:sct/ward:s13003153,Lerwick South,,,,
ocd-division/country:gb/part:sct/ward:s13003154,Shetland Central,,,,
ocd-division/country:gb/part:sct/ward:s13003155,Shetland South,,,,
ocd-division/country:gb/part:sct/ward:s13003156,Shetland West,,,,
ocd-division/country:gb/part:wls/ward:w05001039,Bishopston,,,,
ocd-division/country:gb/part:wls/ward:w05001040,Bôn-y-maen,,,,
ocd-division/country:gb/part:wls/ward:w05001041,Castle,,,,
ocd-division/country:gb/part:wls/ward:w05001042,Clydach,,,,
ocd-division/country:gb/part:wls/ward:w05001043,Cockett,,,,
ocd-division/country:gb/part:wls/ward:w05001044,Cwmbwrla,,,,
ocd-division/country:gb/part:wls/ward:w05001045,Dunvant and Killay,,,,
ocd-division/country:gb/part:wls/ward:w05001046,Fairwood,,,,
ocd-division/country:gb/part:wls/ward:w05001047,Gorseinon and Penyrheol,,,,
ocd-division/country:gb/part:wls/ward:w05001048,Gower,,,,
ocd-division/country:gb/part:wls/ward:w05001049,Gowerton,,,,
ocd-division/country:gb/part:wls/ward:w05001050,Landore,,,,
ocd-division/country:gb/part:wls/ward:w05001051,Llangyfelach,,,,
ocd-division/country:gb/part:wls/ward:w05001052,Llansamlet,,,,
ocd-division/country:gb/part:wls/ward:w05001053,Llwchwr,,,,
ocd-division/country:gb/part:wls/ward:w05001054,Mayals,,,,
ocd-division/country:gb/part:wls/ward:w05001055,Morriston,,,,
ocd-division/country:gb/part:wls/ward:w05001056,Mumbles,,,,
ocd-division/country:gb/part:wls/ward:w05001057,Mynydd-bach,,,,
ocd-division/country:gb/part:wls/ward:w05001058,Pen-clawdd,,,,
ocd-division/country:gb/part:wls/ward:w05001059,Penderry,,,,
ocd-division/country:gb/part:wls/ward:w05001060,Penllergaer,,,,
ocd-division/country:gb/part:wls/ward:w05001061,Pennard,,,,
ocd-division/country:gb/part:wls/ward:w05001062,Pontarddulais,,,,
ocd-division/country:gb/part:wls/ward:w05001063,Pontlliw and Tircoed,,,,
ocd-division/country:gb/part:wls/ward:w05001064,Sketty,,,,
ocd-division/country:gb/part:wls/ward:w05001065,St Thomas,,,,
ocd-division/country:gb/part:wls/ward:w05001066,Townhill,,,,
ocd-division/country:gb/part:wls/ward:w05001067,Uplands,,,,
ocd-division/country:gb/part:wls/ward:w05001068,Waterfront,,,,
ocd-division/country:gb/part:wls/ward:w05001069,Waunarlwydd,,,,
ocd-division/country:gb/part:wls/ward:w05001070,West Cross,,,,
ocd-division/country:gb/part:wls/ward:w05001071,Aberaman,,,,
ocd-division/country:gb/part:wls/ward:w05001072,Abercynon,,,,
ocd-division/country:gb/part:wls/ward:w05001073,Aberdare East,,,,
ocd-division/country:gb/part:wls/ward:w05001074,Aberdare West and Llwydcoed,,,,
ocd-division/country:gb/part:wls/ward:w05001075,Beddau and Tyn-y-nant,,,,
ocd-division/country:gb/part:wls/ward:w05001076,Brynna and Llanharan,,,,
ocd-division/country:gb/part:wls/ward:w05001077,Church Village,,,,
ocd-division/country:gb/part:wls/ward:w05001078,Cilfynydd,,,,
ocd-division/country:gb/part:wls/ward:w05001079,Cwm Clydach,,,,
ocd-division/country:gb/part:wls/ward:w05001080,Cwmbach,,,,
ocd-division/country:gb/part:wls/ward:w05001081,Cymer,,,,
ocd-division/country:gb/part:wls/ward:w05001082,Ferndale and Maerdy,,,,
ocd-division/country:gb/part:wls/ward:w05001083,Gilfach-goch,,,,
ocd-division/country:gb/part:wls/ward:w05001084,Glyn-coch,,,,
ocd-division/country:gb/part:wls/ward:w05001085,Graig and Pontypridd West,,,,
ocd-division/country:gb/part:wls/ward:w05001086,Hawthorn and Lower Rhydfelen,,,,
ocd-division/country:gb/part:wls/ward:w05001087,"Hirwaun, Penderyn and Rhigos",,,,
ocd-division/country:gb/part:wls/ward:w05001088,Llanharry,,,,
ocd-division/country:gb/part:wls/ward:w05001089,Llantrisant and Talbot Green,,,,
ocd-division/country:gb/part:wls/ward:w05001090,Llantwit Fardre,,,,
ocd-division/country:gb/part:wls/ward:w05001091,Llwyn-y-pia,,,,
ocd-division/country:gb/part:wls/ward:w05001092,Mountain Ash,,,,
ocd-division/country:gb/part:wls/ward:w05001093,Penrhiw-ceibr,,,,
ocd-division/country:gb/part:wls/ward:w05001094,Pentre,,,,
ocd-division/country:gb/part:wls/ward:w05001095,Pen-y-graig,,,,
ocd-division/country:gb/part:wls/ward:w05001096,Pen-y-waun,,,,
ocd-division/country:gb/part:wls/ward:w05001097,Pontyclun Central,,,,
ocd-division/country:gb/part:wls/ward:w05001098,Pontyclun East,,,,
ocd-division/country:gb/part:wls/ward:w05001099,Pontyclun West,,,,
ocd-division/country:gb/part:wls/ward:w05001100,Pontypridd Town,,,,
ocd-division/country:gb/part:wls/ward:w05001101,Porth,,,,
ocd-division/country:gb/part:wls/ward:w05001102,Rhydfelen Central,,,,
ocd-division/country:gb/part:wls/ward:w05001103,Taff's Well,,,,
ocd-division/country:gb/part:wls/ward:w05001104,Ton-teg,,,,
ocd-division/country:gb/part:wls/ward:w05001105,Tonypandy,,,,
ocd-division/country:gb/part:wls/ward:w05001106,Tonyrefail East,,,,
ocd-division/country:gb/part:wls/ward:w05001107,Tonyrefail West,,,,
ocd-division/country:gb/part:wls/ward:w05001108,Trallwng,,,,
ocd-division/country:gb/part:wls/ward:w05001109,Trealaw,,,,
ocd-division/country:gb/part:wls/ward:w05001110,Treforest,,,,
ocd-division/country:gb/part:wls/ward:w05001111,Treherbert,,,,
ocd-division/country:gb/part:wls/ward:w05001112,Treorchy,,,,
ocd-division/country:gb/part:wls/ward:w05001113,Tylorstown and Ynyshir,,,,
ocd-division/country:gb/part:wls/ward:w05001114,Upper Rhydfelen and Glyn-taf,,,,
ocd-division/country:gb/part:wls/ward:w05001115,Ynysybwl,,,,
ocd-division/country:gb/part:wls/ward:w05001116,Ystrad,,,,
ocd-division/country:gb/part:wls/ward:w05001117,Aber-craf and Ystradgynlais,,,,
ocd-division/country:gb/part:wls/ward:w05001118,"Banwy, Llanfihangel and Llanwddyn",,,,
ocd-division/country:gb/part:wls/ward:w05001119,Berriew and Castle Caereinion,,,,
ocd-division/country:gb/part:wls/ward:w05001120,Brecon East,,,,
ocd-division/country:gb/part:wls/ward:w05001121,Brecon West,,,,
ocd-division/country:gb/part:wls/ward:w05001122,Bronllys and Felin-fach,,,,
ocd-division/country:gb/part:wls/ward:w05001123,Builth,,,,
ocd-division/country:gb/part:wls/ward:w05001124,Caersws,,,,
ocd-division/country:gb/part:wls/ward:w05001125,Churchstoke,,,,
ocd-division/country:gb/part:wls/ward:w05001126,Crickhowell with Cwmdu and Tretower,,,,
ocd-division/country:gb/part:wls/ward:w05001127,Cwm-twrch,,,,
ocd-division/country:gb/part:wls/ward:w05001128,Disserth and Trecoed with Newbridge,,,,
ocd-division/country:gb/part:wls/ward:w05001129,Dolforwyn,,,,
ocd-division/country:gb/part:wls/ward:w05001130,Forden and Montgomery,,,,
ocd-division/country:gb/part:wls/ward:w05001131,Glantwymyn,,,,
ocd-division/country:gb/part:wls/ward:w05001132,Glasbury,,,,
ocd-division/country:gb/part:wls/ward:w05001133,Guilsfield,,,,
ocd-division/country:gb/part:wls/ward:w05001134,Gwernyfed,,,,
ocd-division/country:gb/part:wls/ward:w05001135,Hay,,,,
ocd-division/country:gb/part:wls/ward:w05001136,Ithon Valley,,,,
ocd-division/country:gb/part:wls/ward:w05001137,Kerry,,,,
ocd-division/country:gb/part:wls/ward:w05001138,Knighton with Beguildy,,,,
ocd-division/country:gb/part:wls/ward:w05001139,Llanafanfawr with Garth,,,,
ocd-division/country:gb/part:wls/ward:w05001140,Llanbrynmair,,,,
ocd-division/country:gb/part:wls/ward:w05001141,Llandinam with Dolfor,,,,
ocd-division/country:gb/part:wls/ward:w05001142,Llandrindod North,,,,
ocd-division/country:gb/part:wls/ward:w05001143,Llandrindod South,,,,
ocd-division/country:gb/part:wls/ward:w05001144,Llandrinio,,,,
ocd-division/country:gb/part:wls/ward:w05001145,Llandysilio,,,,
ocd-division/country:gb/part:wls/ward:w05001146,Llanelwedd,,,,
ocd-division/country:gb/part:wls/ward:w05001147,Llanfair Caereinion and Llanerfyl,,,,
ocd-division/country:gb/part:wls/ward:w05001148,Llanfyllin,,,,
ocd-division/country:gb/part:wls/ward:w05001149,Llangattock and Llangynidr,,,,
ocd-division/country:gb/part:wls/ward:w05001150,Llangors with Bwlch,,,,
ocd-division/country:gb/part:wls/ward:w05001151,Llangunllo with Norton,,,,
ocd-division/country:gb/part:wls/ward:w05001152,Llangyniew and Meifod,,,,
ocd-division/country:gb/part:wls/ward:w05001153,Llanidloes,,,,
ocd-division/country:gb/part:wls/ward:w05001154,Llanrhaeadr-ym-Mochnant and Llansilin,,,,
ocd-division/country:gb/part:wls/ward:w05001155,Llansantffraid,,,,
ocd-division/country:gb/part:wls/ward:w05001156,Llanwrtyd Wells,,,,
ocd-division/country:gb/part:wls/ward:w05001157,Llanyre with Nantmel,,,,
ocd-division/country:gb/part:wls/ward:w05001158,Machynlleth,,,,
ocd-division/country:gb/part:wls/ward:w05001159,Maescar and Llywel,,,,
ocd-division/country:gb/part:wls/ward:w05001160,Newtown Central and South,,,,
ocd-division/country:gb/part:wls/ward:w05001161,Newtown East,,,,
ocd-division/country:gb/part:wls/ward:w05001162,Newtown North,,,,
ocd-division/country:gb/part:wls/ward:w05001163,Newtown West,,,,
ocd-division/country:gb/part:wls/ward:w05001164,Old Radnor,,,,
ocd-division/country:gb/part:wls/ward:w05001165,Presteigne,,,,
ocd-division/country:gb/part:wls/ward:w05001166,Rhayader,,,,
ocd-division/country:gb/part:wls/ward:w05001167,Rhiwcynon,,,,
ocd-division/country:gb/part:wls/ward:w05001168,Talgarth,,,,
ocd-division/country:gb/part:wls/ward:w05001169,Talybont-on-Usk,,,,
ocd-division/country:gb/part:wls/ward:w05001170,Tawe Uchaf,,,,
ocd-division/country:gb/part:wls/ward:w05001171,Trelystan and Trewern,,,,
ocd-division/country:gb/part:wls/ward:w05001172,Welshpool Castle,,,,
ocd-division/country:gb/part:wls/ward:w05001173,Welshpool Gungrog,,,,
ocd-division/country:gb/part:wls/ward:w05001174,Welshpool Llanerchyddol,,,,
ocd-division/country:gb/part:wls/ward:w05001175,Ynyscedwyn,,,,
ocd-division/country:gb/part:wls/ward:w05001176,Yscir with Honddu Isaf and Llanddew,,,,
ocd-division/country:gb/part:wls/ward:w05001177,Abergwili,,,,
ocd-division/country:gb/part:wls/ward:w05001178,Ammanford,,,,
ocd-division/country:gb/part:wls/ward:w05001179,Betws,,,,
ocd-division/country:gb/part:wls/ward:w05001180,Bigyn,,,,
ocd-division/country:gb/part:wls/ward:w05001181,Burry Port,,,,
ocd-division/country:gb/part:wls/ward:w05001182,Bynea,,,,
ocd-division/country:gb/part:wls/ward:w05001183,Carmarthen Town North and South,,,,
ocd-division/country:gb/part:wls/ward:w05001184,Carmarthen Town West,,,,
ocd-division/country:gb/part:wls/ward:w05001185,Cenarth and Llangeler,,,,
ocd-division/country:gb/part:wls/ward:w05001186,Cilycwm,,,,
ocd-division/country:gb/part:wls/ward:w05001187,Cwarter Bach,,,,
ocd-division/country:gb/part:wls/ward:w05001188,Cynwyl Elfed,,,,
ocd-division/country:gb/part:wls/ward:w05001189,Dafen and Felinfoel,,,,
ocd-division/country:gb/part:wls/ward:w05001190,Elli,,,,
ocd-division/country:gb/part:wls/ward:w05001191,Garnant,,,,
ocd-division/country:gb/part:wls/ward:w05001192,Glanamman,,,,
ocd-division/country:gb/part:wls/ward:w05001193,Glanymor,,,,
ocd-division/country:gb/part:wls/ward:w05001194,Glyn,,,,
ocd-division/country:gb/part:wls/ward:w05001195,Gorslas,,,,
ocd-division/country:gb/part:wls/ward:w05001196,Hendy,,,,
ocd-division/country:gb/part:wls/ward:w05001197,Hengoed,,,,
ocd-division/country:gb/part:wls/ward:w05001198,Kidwelly and St Ishmael,,,,
ocd-division/country:gb/part:wls/ward:w05001199,Laugharne Township,,,,
ocd-division/country:gb/part:wls/ward:w05001200,Llanboidy,,,,
ocd-division/country:gb/part:wls/ward:w05001201,Llanddarog,,,,
ocd-division/country:gb/part:wls/ward:w05001202,Llandeilo,,,,
ocd-division/country:gb/part:wls/ward:w05001203,Llandovery,,,,
ocd-division/country:gb/part:wls/ward:w05001204,Llandybie,,,,
ocd-division/country:gb/part:wls/ward:w05001205,Llanegwad,,,,
ocd-division/country:gb/part:wls/ward:w05001206,Llanfihangel Aberbythych,,,,
ocd-division/country:gb/part:wls/ward:w05001207,Llanfihangel-ar-Arth,,,,
ocd-division/country:gb/part:wls/ward:w05001208,Llangadog,,,,
ocd-division/country:gb/part:wls/ward:w05001209,Llangennech,,,,
ocd-division/country:gb/part:wls/ward:w05001210,Llangunnor,,,,
ocd-division/country:gb/part:wls/ward:w05001211,Llangyndeyrn,,,,
ocd-division/country:gb/part:wls/ward:w05001212,Llannon,,,,
ocd-division/country:gb/part:wls/ward:w05001213,Llanybydder,,,,
ocd-division/country:gb/part:wls/ward:w05001214,Lliedi,,,,
ocd-division/country:gb/part:wls/ward:w05001215,Llwynhendy,,,,
ocd-division/country:gb/part:wls/ward:w05001216,Manordeilo and Salem,,,,
ocd-division/country:gb/part:wls/ward:w05001217,Pembrey,,,,
ocd-division/country:gb/part:wls/ward:w05001218,Penygroes,,,,
ocd-division/country:gb/part:wls/ward:w05001219,Pontyberem,,,,
ocd-division/country:gb/part:wls/ward:w05001220,Saron,,,,
ocd-division/country:gb/part:wls/ward:w05001221,St Clears and Llansteffan,,,,
ocd-division/country:gb/part:wls/ward:w05001222,Swiss Valley,,,,
ocd-division/country:gb/part:wls/ward:w05001223,Trelech,,,,
ocd-division/country:gb/part:wls/ward:w05001224,Trimsaran,,,,
ocd-division/country:gb/part:wls/ward:w05001225,Tycroes,,,,
ocd-division/country:gb/part:wls/ward:w05001226,Tyisha,,,,
ocd-division/country:gb/part:wls/ward:w05001227,Whitland,,,,
ocd-division/country:gb/part:wls/ward:w05001228,Aberkenfig,,,,
ocd-division/country:gb/part:wls/ward:w05001229,Blackmill,,,,
ocd-division/country:gb/part:wls/ward:w05001230,Brackla East and Coychurch Lower,,,,
ocd-division/country:gb/part:wls/ward:w05001231,Brackla East Central,,,,
ocd-division/country:gb/part:wls/ward:w05001232,Brackla West,,,,
ocd-division/country:gb/part:wls/ward:w05001233,Brackla West Central,,,,
ocd-division/country:gb/part:wls/ward:w05001234,Bridgend Central,,,,
ocd-division/country:gb/part:wls/ward:w05001235,"Bryntirion, Laleston and Merthyr Mawr",,,,
ocd-division/country:gb/part:wls/ward:w05001236,Caerau,,,,
ocd-division/country:gb/part:wls/ward:w05001237,Cefn-glas,,,,
ocd-division/country:gb/part:wls/ward:w05001238,Coity Higher,,,,
ocd-division/country:gb/part:wls/ward:w05001239,Cornelly,,,,
ocd-division/country:gb/part:wls/ward:w05001240,Garw Valley,,,,
ocd-division/country:gb/part:wls/ward:w05001241,Llangynwyd,,,,
ocd-division/country:gb/part:wls/ward:w05001242,Maesteg East,,,,
ocd-division/country:gb/part:wls/ward:w05001243,Maesteg West,,,,
ocd-division/country:gb/part:wls/ward:w05001244,Nant-y-moel,,,,
ocd-division/country:gb/part:wls/ward:w05001245,Newton,,,,
ocd-division/country:gb/part:wls/ward:w05001246,Nottage,,,,
ocd-division/country:gb/part:wls/ward:w05001247,Ogmore Vale,,,,
ocd-division/country:gb/part:wls/ward:w05001248,Oldcastle,,,,
ocd-division/country:gb/part:wls/ward:w05001249,Pencoed and Penprysg,,,,
ocd-division/country:gb/part:wls/ward:w05001250,Pen-y-fai,,,,
ocd-division/country:gb/part:wls/ward:w05001251,Porthcawl East Central,,,,
ocd-division/country:gb/part:wls/ward:w05001252,Porthcawl West Central,,,,
ocd-division/country:gb/part:wls/ward:w05001253,"Pyle, Kenfig Hill and Cefn Cribwr",,,,
ocd-division/country:gb/part:wls/ward:w05001254,Rest Bay,,,,
ocd-division/country:gb/part:wls/ward:w05001255,St Bride's Minor and Ynysawdre,,,,
ocd-division/country:gb/part:wls/ward:w05001256,Abertillery and Six Bells,,,,
ocd-division/country:gb/part:wls/ward:w05001257,Beaufort,,,,
ocd-division/country:gb/part:wls/ward:w05001258,Blaina,,,,
ocd-division/country:gb/part:wls/ward:w05001259,Brynmawr,,,,
ocd-division/country:gb/part:wls/ward:w05001260,Cwm,,,,
ocd-division/country:gb/part:wls/ward:w05001261,Cwmtillery,,,,
ocd-division/country:gb/part:wls/ward:w05001262,Ebbw Vale North,,,,
ocd-division/country:gb/part:wls/ward:w05001263,Ebbw Vale South,,,,
ocd-division/country:gb/part:wls/ward:w05001264,Georgetown,,,,
ocd-division/country:gb/part:wls/ward:w05001265,Llanhilleth,,,,
ocd-division/country:gb/part:wls/ward:w05001266,Nantyglo,,,,
ocd-division/country:gb/part:wls/ward:w05001267,Rassau and Garnlydan,,,,
ocd-division/country:gb/part:wls/ward:w05001268,Sirhowy,,,,
ocd-division/country:gb/part:wls/ward:w05001269,Tredegar,,,,
ocd-division/country:gb/part:wls/ward:w05001270,Adamsdown,,,,
ocd-division/country:gb/part:wls/ward:w05001271,Butetown,,,,
ocd-division/country:gb/part:wls/ward:w05001272,Caerau,,,,
ocd-division/country:gb/part:wls/ward:w05001273,Canton,,,,
ocd-division/country:gb/part:wls/ward:w05001274,Cathays,,,,
ocd-division/country:gb/part:wls/ward:w05001275,Cyncoed,,,,
ocd-division/country:gb/part:wls/ward:w05001276,Ely,,,,
ocd-division/country:gb/part:wls/ward:w05001277,Fairwater,,,,
ocd-division/country:gb/part:wls/ward:w05001278,Gabalfa,,,,
ocd-division/country:gb/part:wls/ward:w05001279,Grangetown,,,,
ocd-division/country:gb/part:wls/ward:w05001280,Heath,,,,
ocd-division/country:gb/part:wls/ward:w05001281,Lisvane and Thornhill,,,,
ocd-division/country:gb/part:wls/ward:w05001282,Llandaff,,,,
ocd-division/country:gb/part:wls/ward:w05001283,Llandaff North,,,,
ocd-division/country:gb/part:wls/ward:w05001284,Llanishen,,,,
ocd-division/country:gb/part:wls/ward:w05001285,Llanrumney,,,,
ocd-division/country:gb/part:wls/ward:w05001286,Pentwyn,,,,
ocd-division/country:gb/part:wls/ward:w05001287,Pentyrch and St Fagans,,,,
ocd-division/country:gb/part:wls/ward:w05001288,Penylan,,,,
ocd-division/country:gb/part:wls/ward:w05001289,Plasnewydd,,,,
ocd-division/country:gb/part:wls/ward:w05001290,Pontprennau and Old St Mellons,,,,
ocd-division/country:gb/part:wls/ward:w05001291,Radyr,,,,
ocd-division/country:gb/part:wls/ward:w05001292,Rhiwbina,,,,
ocd-division/country:gb/part:wls/ward:w05001293,Riverside,,,,
ocd-division/country:gb/part:wls/ward:w05001294,Rumney,,,,
ocd-division/country:gb/part:wls/ward:w05001295,Splott,,,,
ocd-division/country:gb/part:wls/ward:w05001296,Trowbridge,,,,
ocd-division/country:gb/part:wls/ward:w05001297,Whitchurch and Tongwynlais,,,,
ocd-division/country:gb/part:wls/ward:w05001298,Aberaeron and Aberarth,,,,
ocd-division/country:gb/part:wls/ward:w05001299,Aberporth and Y Ferwig,,,,
ocd-division/country:gb/part:wls/ward:w05001300,Aberystwyth Morfa a Glais,,,,
ocd-division/country:gb/part:wls/ward:w05001301,Aberystwyth Penparcau,,,,
ocd-division/country:gb/part:wls/ward:w05001302,Aberystwyth Rheidol,,,,
ocd-division/country:gb/part:wls/ward:w05001303,Beulah and Llangoedmor,,,,
ocd-division/country:gb/part:wls/ward:w05001304,Borth,,,,
ocd-division/country:gb/part:wls/ward:w05001305,Ceulan a Maesmawr,,,,
ocd-division/country:gb/part:wls/ward:w05001306,Ciliau Aeron,,,,
ocd-division/country:gb/part:wls/ward:w05001307,Faenor,,,,
ocd-division/country:gb/part:wls/ward:w05001308,Lampeter,,,,
ocd-division/country:gb/part:wls/ward:w05001309,Llannarth,,,,
ocd-division/country:gb/part:wls/ward:w05001310,Llanbadarn Fawr,,,,
ocd-division/country:gb/part:wls/ward:w05001311,Llandyfriog,,,,
ocd-division/country:gb/part:wls/ward:w05001312,Llandysilio and Llangrannog,,,,
ocd-division/country:gb/part:wls/ward:w05001313,Llandysul North and Troedyraur,,,,
ocd-division/country:gb/part:wls/ward:w05001314,Llandysul South,,,,
ocd-division/country:gb/part:wls/ward:w05001315,Llanfarian,,,,
ocd-division/country:gb/part:wls/ward:w05001316,Llanfihangel Ystrad,,,,
ocd-division/country:gb/part:wls/ward:w05001317,Llangeitho,,,,
ocd-division/country:gb/part:wls/ward:w05001318,Llangybi,,,,
ocd-division/country:gb/part:wls/ward:w05001319,Llanrhystyd,,,,
ocd-division/country:gb/part:wls/ward:w05001320,Llansanffraid,,,,
ocd-division/country:gb/part:wls/ward:w05001321,Llanwenog,,,,
ocd-division/country:gb/part:wls/ward:w05001322,Lledrod,,,,
ocd-division/country:gb/part:wls/ward:w05001323,Melindwr,,,,
ocd-division/country:gb/part:wls/ward:w05001324,Mwldan,,,,
ocd-division/country:gb/part:wls/ward:w05001325,New Quay and Llanllwchaearn,,,,
ocd-division/country:gb/part:wls/ward:w05001326,Penbryn,,,,
ocd-division/country:gb/part:wls/ward:w05001327,Teifi,,,,
ocd-division/country:gb/part:wls/ward:w05001328,Tirymynach,,,,
ocd-division/country:gb/part:wls/ward:w05001329,Trefeurig,,,,
ocd-division/country:gb/part:wls/ward:w05001330,Tregaron and Ystrad Fflur,,,,
ocd-division/country:gb/part:wls/ward:w05001331,Ystwyth,,,,
ocd-division/country:gb/part:wls/ward:w05001332,Alyn Valley,,,,
ocd-division/country:gb/part:wls/ward:w05001333,Bodelwyddan,,,,
ocd-division/country:gb/part:wls/ward:w05001334,Denbigh Caledfryn Henllan,,,,
ocd-division/country:gb/part:wls/ward:w05001335,Denbigh Lower,,,,
ocd-division/country:gb/part:wls/ward:w05001336,Dyserth,,,,
ocd-division/country:gb/part:wls/ward:w05001337,Edeirnion,,,,
ocd-division/country:gb/part:wls/ward:w05001338,Efenechdyd,,,,
ocd-division/country:gb/part:wls/ward:w05001339,Llandyrnog,,,,
ocd-division/country:gb/part:wls/ward:w05001340,Llanfair Dyffryn Clwyd Gwyddelwern,,,,
ocd-division/country:gb/part:wls/ward:w05001341,Llangollen,,,,
ocd-division/country:gb/part:wls/ward:w05001342,Llanrhaeadr-yng-Nghinmeirch,,,,
ocd-division/country:gb/part:wls/ward:w05001343,Moel Famau,,,,
ocd-division/country:gb/part:wls/ward:w05001344,Prestatyn Central,,,,
ocd-division/country:gb/part:wls/ward:w05001345,Prestatyn East,,,,
ocd-division/country:gb/part:wls/ward:w05001346,Prestatyn Meliden,,,,
ocd-division/country:gb/part:wls/ward:w05001347,Prestatyn North,,,,
ocd-division/country:gb/part:wls/ward:w05001348,Prestatyn South West,,,,
ocd-division/country:gb/part:wls/ward:w05001349,Rhuddlan,,,,
ocd-division/country:gb/part:wls/ward:w05001350,Rhyl East,,,,
ocd-division/country:gb/part:wls/ward:w05001351,Rhyl South,,,,
ocd-division/country:gb/part:wls/ward:w05001352,Rhyl South West,,,,
ocd-division/country:gb/part:wls/ward:w05001353,Rhyl Trellewelyn,,,,
ocd-division/country:gb/part:wls/ward:w05001354,Rhyl Tŷ Newydd,,,,
ocd-division/country:gb/part:wls/ward:w05001355,Rhyl West,,,,
ocd-division/country:gb/part:wls/ward:w05001356,Ruthin,,,,
ocd-division/country:gb/part:wls/ward:w05001357,St Asaph East,,,,
ocd-division/country:gb/part:wls/ward:w05001358,St Asaph West,,,,
ocd-division/country:gb/part:wls/ward:w05001359,Trefnant,,,,
ocd-division/country:gb/part:wls/ward:w05001360,Tremeirchion,,,,
ocd-division/country:gb/part:wls/ward:w05001361,Abersychan,,,,
ocd-division/country:gb/part:wls/ward:w05001362,Blaenavon,,,,
ocd-division/country:gb/part:wls/ward:w05001363,Coed Eva,,,,
ocd-division/country:gb/part:wls/ward:w05001364,Croesyceiliog,,,,
ocd-division/country:gb/part:wls/ward:w05001365,Fairwater,,,,
ocd-division/country:gb/part:wls/ward:w05001366,Greenmeadow,,,,
ocd-division/country:gb/part:wls/ward:w05001367,Llanfrechfa and Ponthir,,,,
ocd-division/country:gb/part:wls/ward:w05001368,Llantarnam,,,,
ocd-division/country:gb/part:wls/ward:w05001369,Llanyrafon,,,,
ocd-division/country:gb/part:wls/ward:w05001370,New Inn,,,,
ocd-division/country:gb/part:wls/ward:w05001371,Panteg,,,,
ocd-division/country:gb/part:wls/ward:w05001372,Pontnewydd,,,,
ocd-division/country:gb/part:wls/ward:w05001373,Pontnewynydd and Snatchwood,,,,
ocd-division/country:gb/part:wls/ward:w05001374,Pontypool Fawr,,,,
ocd-division/country:gb/part:wls/ward:w05001375,St. Dials,,,,
ocd-division/country:gb/part:wls/ward:w05001376,Trevethin and Penygarn,,,,
ocd-division/country:gb/part:wls/ward:w05001377,Two Locks,,,,
ocd-division/country:gb/part:wls/ward:w05001378,Upper Cwmbran,,,,
ocd-division/country:gb/part:wls/ward:w05001379,Baruc,,,,
ocd-division/country:gb/part:wls/ward:w05001380,Buttrills,,,,
ocd-division/country:gb/part:wls/ward:w05001381,Cadoc,,,,
ocd-division/country:gb/part:wls/ward:w05001382,Castleland,,,,
ocd-division/country:gb/part:wls/ward:w05001383,Cornerswell,,,,
ocd-division/country:gb/part:wls/ward:w05001384,Court,,,,
ocd-division/country:gb/part:wls/ward:w05001385,Cowbridge,,,,
ocd-division/country:gb/part:wls/ward:w05001386,Dinas Powys,,,,
ocd-division/country:gb/part:wls/ward:w05001387,Dyfan,,,,
ocd-division/country:gb/part:wls/ward:w05001388,Gibbonsdown,,,,
ocd-division/country:gb/part:wls/ward:w05001389,Illtyd,,,,
ocd-division/country:gb/part:wls/ward:w05001390,Llandough,,,,
ocd-division/country:gb/part:wls/ward:w05001391,Llandow,,,,
ocd-division/country:gb/part:wls/ward:w05001392,Llantwit Major,,,,
ocd-division/country:gb/part:wls/ward:w05001393,Peterston-super-Ely,,,,
ocd-division/country:gb/part:wls/ward:w05001394,Plymouth,,,,
ocd-division/country:gb/part:wls/ward:w05001395,Rhoose,,,,
ocd-division/country:gb/part:wls/ward:w05001396,St Athan,,,,
ocd-division/country:gb/part:wls/ward:w05001397,St Bride's Major,,,,
ocd-division/country:gb/part:wls/ward:w05001398,St Nicholas and Llancarfan,,,,
ocd-division/country:gb/part:wls/ward:w05001399,St Augustine's,,,,
ocd-division/country:gb/part:wls/ward:w05001400,Stanwell,,,,
ocd-division/country:gb/part:wls/ward:w05001401,Sully,,,,
ocd-division/country:gb/part:wls/ward:w05001402,Wenvoe,,,,
ocd-division/country:gb/part:wls/ward:w05001403,Betws-yn-Rhos,,,,
ocd-division/country:gb/part:wls/ward:w05001404,Betws-y-Coed and Trefriw,,,,
ocd-division/country:gb/part:wls/ward:w05001405,Bryn,,,,
ocd-division/country:gb/part:wls/ward:w05001406,Caerhun,,,,
ocd-division/country:gb/part:wls/ward:w05001407,Colwyn,,,,
ocd-division/country:gb/part:wls/ward:w05001408,Conwy,,,,
ocd-division/country:gb/part:wls/ward:w05001409,Craig-y-don,,,,
ocd-division/country:gb/part:wls/ward:w05001410,Deganwy,,,,
ocd-division/country:gb/part:wls/ward:w05001411,Eglwys-bach a Llangernyw,,,,
ocd-division/country:gb/part:wls/ward:w05001412,Eirias,,,,
ocd-division/country:gb/part:wls/ward:w05001413,Gele and Llanddulas,,,,
ocd-division/country:gb/part:wls/ward:w05001414,Glyn,,,,
ocd-division/country:gb/part:wls/ward:w05001415,Glyn y Marl,,,,
ocd-division/country:gb/part:wls/ward:w05001416,Gogarth Mostyn,,,,
ocd-division/country:gb/part:wls/ward:w05001417,Kinmel Bay,,,,
ocd-division/country:gb/part:wls/ward:w05001418,Llandrillo-yn-Rhos,,,,
ocd-division/country:gb/part:wls/ward:w05001419,Llanrwst a Llanddoged,,,,
ocd-division/country:gb/part:wls/ward:w05001420,Llansanffraid,,,,
ocd-division/country:gb/part:wls/ward:w05001421,Llansannan,,,,
ocd-division/country:gb/part:wls/ward:w05001422,Llysfaen,,,,
ocd-division/country:gb/part:wls/ward:w05001423,Mochdre,,,,
ocd-division/country:gb/part:wls/ward:w05001424,Pandy,,,,
ocd-division/country:gb/part:wls/ward:w05001425,Penmaenmawr,,,,
ocd-division/country:gb/part:wls/ward:w05001426,Penrhyn,,,,
ocd-division/country:gb/part:wls/ward:w05001427,Pen-sarn Pentre Mawr,,,,
ocd-division/country:gb/part:wls/ward:w05001428,Rhiw,,,,
ocd-division/country:gb/part:wls/ward:w05001429,Towyn,,,,
ocd-division/country:gb/part:wls/ward:w05001430,Tudno,,,,
ocd-division/country:gb/part:wls/ward:w05001431,Uwch Aled,,,,
ocd-division/country:gb/part:wls/ward:w05001432,Uwch Conwy,,,,
ocd-division/country:gb/part:wls/ward:w05001433,Amroth and Saundersfoot North,,,,
ocd-division/country:gb/part:wls/ward:w05001434,Boncath and Clydau,,,,
ocd-division/country:gb/part:wls/ward:w05001435,Burton,,,,
ocd-division/country:gb/part:wls/ward:w05001436,Bro Gwaun,,,,
ocd-division/country:gb/part:wls/ward:w05001437,Camrose,,,,
ocd-division/country:gb/part:wls/ward:w05001438,Carew and Jeffreyston,,,,
ocd-division/country:gb/part:wls/ward:w05001439,Cilgerran and Eglwyswrw,,,,
ocd-division/country:gb/part:wls/ward:w05001440,Crymych and Mynachlog-ddu,,,,
ocd-division/country:gb/part:wls/ward:w05001441,East Williamston,,,,
ocd-division/country:gb/part:wls/ward:w05001442,Fishguard: North East,,,,
ocd-division/country:gb/part:wls/ward:w05001443,Fishguard: North West,,,,
ocd-division/country:gb/part:wls/ward:w05001444,Goodwick,,,,
ocd-division/country:gb/part:wls/ward:w05001445,Haverfordwest: Castle,,,,
ocd-division/country:gb/part:wls/ward:w05001446,Haverfordwest: Garth,,,,
ocd-division/country:gb/part:wls/ward:w05001447,Haverfordwest: Portfield,,,,
ocd-division/country:gb/part:wls/ward:w05001448,Haverfordwest: Prendergast,,,,
ocd-division/country:gb/part:wls/ward:w05001449,Haverfordwest: Priory,,,,
ocd-division/country:gb/part:wls/ward:w05001450,Hundleton,,,,
ocd-division/country:gb/part:wls/ward:w05001451,Johnston,,,,
ocd-division/country:gb/part:wls/ward:w05001452,Kilgetty and Begelly,,,,
ocd-division/country:gb/part:wls/ward:w05001453,Lampeter Velfrey,,,,
ocd-division/country:gb/part:wls/ward:w05001454,Lamphey,,,,
ocd-division/country:gb/part:wls/ward:w05001455,Letterston,,,,
ocd-division/country:gb/part:wls/ward:w05001456,Llangwm,,,,
ocd-division/country:gb/part:wls/ward:w05001457,Llanrhian,,,,
ocd-division/country:gb/part:wls/ward:w05001458,Maenclochog,,,,
ocd-division/country:gb/part:wls/ward:w05001459,Manorbier and Penally,,,,
ocd-division/country:gb/part:wls/ward:w05001460,Martletwy,,,,
ocd-division/country:gb/part:wls/ward:w05001461,Merlin's Bridge,,,,
ocd-division/country:gb/part:wls/ward:w05001462,Milford: Central,,,,
ocd-division/country:gb/part:wls/ward:w05001463,Milford: East,,,,
ocd-division/country:gb/part:wls/ward:w05001464,Milford: Hakin,,,,
ocd-division/country:gb/part:wls/ward:w05001465,Milford: Hubberston,,,,
ocd-division/country:gb/part:wls/ward:w05001466,Milford: North,,,,
ocd-division/country:gb/part:wls/ward:w05001467,Milford: West,,,,
ocd-division/country:gb/part:wls/ward:w05001468,Narberth: Urban,,,,
ocd-division/country:gb/part:wls/ward:w05001469,Narberth: Rural,,,,
ocd-division/country:gb/part:wls/ward:w05001470,Newport and Dinas,,,,
ocd-division/country:gb/part:wls/ward:w05001471,Neyland: East,,,,
ocd-division/country:gb/part:wls/ward:w05001472,Neyland: West,,,,
ocd-division/country:gb/part:wls/ward:w05001473,Pembroke Dock: Bufferland,,,,
ocd-division/country:gb/part:wls/ward:w05001474,Pembroke Dock: Bush,,,,
ocd-division/country:gb/part:wls/ward:w05001475,Pembroke Dock: Central,,,,
ocd-division/country:gb/part:wls/ward:w05001476,Pembroke Dock: Market,,,,
ocd-division/country:gb/part:wls/ward:w05001477,Pembroke Dock: Pennar,,,,
ocd-division/country:gb/part:wls/ward:w05001478,Pembroke: Monkton and St Mary South,,,,
ocd-division/country:gb/part:wls/ward:w05001479,Pembroke: St Mary North,,,,
ocd-division/country:gb/part:wls/ward:w05001480,Pembroke: St Michael,,,,
ocd-division/country:gb/part:wls/ward:w05001481,Rudbaxton and Spittal,,,,
ocd-division/country:gb/part:wls/ward:w05001482,Saundersfoot South,,,,
ocd-division/country:gb/part:wls/ward:w05001483,Solva,,,,
ocd-division/country:gb/part:wls/ward:w05001484,St David's,,,,
ocd-division/country:gb/part:wls/ward:w05001485,St Dogmaels,,,,
ocd-division/country:gb/part:wls/ward:w05001486,St Florence and St Mary Out Liberty,,,,
ocd-division/country:gb/part:wls/ward:w05001487,St Ishmael's,,,,
ocd-division/country:gb/part:wls/ward:w05001488,Tenby: North,,,,
ocd-division/country:gb/part:wls/ward:w05001489,Tenby: South,,,,
ocd-division/country:gb/part:wls/ward:w05001490,The Havens,,,,
ocd-division/country:gb/part:wls/ward:w05001491,Wiston,,,,
ocd-division/country:gb/part:wls/ward:w05001492,Aethwy,,,,
ocd-division/country:gb/part:wls/ward:w05001493,Bodowyr,,,,
ocd-division/country:gb/part:wls/ward:w05001494,Bro Aberffraw,,,,
ocd-division/country:gb/part:wls/ward:w05001495,Bro'r Llynnoedd,,,,
ocd-division/country:gb/part:wls/ward:w05001496,Canolbarth Môn,,,,
ocd-division/country:gb/part:wls/ward:w05001497,Cefni,,,,
ocd-division/country:gb/part:wls/ward:w05001498,Crigyll,,,,
ocd-division/country:gb/part:wls/ward:w05001499,Lligwy,,,,
ocd-division/country:gb/part:wls/ward:w05001500,Parc a'r Mynydd,,,,
ocd-division/country:gb/part:wls/ward:w05001501,Seiriol,,,,
ocd-division/country:gb/part:wls/ward:w05001502,Talybolion,,,,
ocd-division/country:gb/part:wls/ward:w05001503,Tref Cybi,,,,
ocd-division/country:gb/part:wls/ward:w05001504,Twrcelyn,,,,
ocd-division/country:gb/part:wls/ward:w05001505,Ynys Gybi,,,,
ocd-division/country:gb/part:wls/ward:w05001506,Aberdyfi,,,,
ocd-division/country:gb/part:wls/ward:w05001507,Abererch,,,,
ocd-division/country:gb/part:wls/ward:w05001508,Abermaw,,,,
ocd-division/country:gb/part:wls/ward:w05001509,Abersoch gyda Llanengan,,,,
ocd-division/country:gb/part:wls/ward:w05001510,Arllechwedd,,,,
ocd-division/country:gb/part:wls/ward:w05001511,Arthog a Llangelynnin,,,,
ocd-division/country:gb/part:wls/ward:w05001512,Bethel a'r Felinheli,,,,
ocd-division/country:gb/part:wls/ward:w05001513,Bowydd a'r Rhiw,,,,
ocd-division/country:gb/part:wls/ward:w05001514,Brithdir and Llanfachreth/Ganllwyd/Llanelltyd,,,,
ocd-division/country:gb/part:wls/ward:w05001515,Bro Dysynni,,,,
ocd-division/country:gb/part:wls/ward:w05001516,Cadnant,,,,
ocd-division/country:gb/part:wls/ward:w05001517,Canol Bangor,,,,
ocd-division/country:gb/part:wls/ward:w05001518,Canol Bethesda,,,,
ocd-division/country:gb/part:wls/ward:w05001519,Canol Tref Caernarfon,,,,
ocd-division/country:gb/part:wls/ward:w05001520,Clynnog,,,,
ocd-division/country:gb/part:wls/ward:w05001521,Corris a Mawddwy,,,,
ocd-division/country:gb/part:wls/ward:w05001522,Criccieth,,,,
ocd-division/country:gb/part:wls/ward:w05001523,Cwm-y-glo,,,,
ocd-division/country:gb/part:wls/ward:w05001524,De Dolgellau,,,,
ocd-division/country:gb/part:wls/ward:w05001525,De Pwllheli,,,,
ocd-division/country:gb/part:wls/ward:w05001526,Deiniolen,,,,
ocd-division/country:gb/part:wls/ward:w05001527,Dewi,,,,
ocd-division/country:gb/part:wls/ward:w05001528,Diffwys a Maenofferen,,,,
ocd-division/country:gb/part:wls/ward:w05001529,Dolbenmaen,,,,
ocd-division/country:gb/part:wls/ward:w05001530,Dwyrain Bangor,,,,
ocd-division/country:gb/part:wls/ward:w05001531,Dwyrain Porthmadog,,,,
ocd-division/country:gb/part:wls/ward:w05001532,Dyffryn Ardudwy,,,,
ocd-division/country:gb/part:wls/ward:w05001533,Efailnewydd a Buan,,,,
ocd-division/country:gb/part:wls/ward:w05001534,Gerlan,,,,
ocd-division/country:gb/part:wls/ward:w05001535,Glaslyn,,,,
ocd-division/country:gb/part:wls/ward:w05001536,Glyder,,,,
ocd-division/country:gb/part:wls/ward:w05001537,Gogledd Dolgellau,,,,
ocd-division/country:gb/part:wls/ward:w05001538,Gogledd Pwllheli,,,,
ocd-division/country:gb/part:wls/ward:w05001539,Gorllewin Porthmadog,,,,
ocd-division/country:gb/part:wls/ward:w05001540,Gorllewin Tywyn,,,,
ocd-division/country:gb/part:wls/ward:w05001541,Harlech a Llanbedr,,,,
ocd-division/country:gb/part:wls/ward:w05001542,Hendre,,,,
ocd-division/country:gb/part:wls/ward:w05001543,Llanbedrog gyda Mynytho,,,,
ocd-division/country:gb/part:wls/ward:w05001544,Llanberis,,,,
ocd-division/country:gb/part:wls/ward:w05001545,Llandderfel,,,,
ocd-division/country:gb/part:wls/ward:w05001546,Llanllyfni,,,,
ocd-division/country:gb/part:wls/ward:w05001547,Llanrug,,,,
ocd-division/country:gb/part:wls/ward:w05001548,Llanuwchllyn,,,,
ocd-division/country:gb/part:wls/ward:w05001549,Llanwnda,,,,
ocd-division/country:gb/part:wls/ward:w05001550,Llanystumdwy,,,,
ocd-division/country:gb/part:wls/ward:w05001551,Menai,,,,
ocd-division/country:gb/part:wls/ward:w05001552,Morfa Nefyn a Thudweiliog,,,,
ocd-division/country:gb/part:wls/ward:w05001553,Morfa Tywyn,,,,
ocd-division/country:gb/part:wls/ward:w05001554,Nefyn,,,,
ocd-division/country:gb/part:wls/ward:w05001555,Peblig,,,,
ocd-division/country:gb/part:wls/ward:w05001556,Pen draw Llŷn,,,,
ocd-division/country:gb/part:wls/ward:w05001557,Penisa'r-waun,,,,
ocd-division/country:gb/part:wls/ward:w05001558,Penrhyndeudraeth,,,,
ocd-division/country:gb/part:wls/ward:w05001559,Pen-y-groes,,,,
ocd-division/country:gb/part:wls/ward:w05001560,Rachub,,,,
ocd-division/country:gb/part:wls/ward:w05001561,Teigl,,,,
ocd-division/country:gb/part:wls/ward:w05001562,Trawsfynydd,,,,
ocd-division/country:gb/part:wls/ward:w05001563,Tre-garth a Mynydd Llandygái,,,,
ocd-division/country:gb/part:wls/ward:w05001564,Tryfan,,,,
ocd-division/country:gb/part:wls/ward:w05001565,Waunfawr,,,,
ocd-division/country:gb/part:wls/ward:w05001566,Y Bala,,,,
ocd-division/country:gb/part:wls/ward:w05001567,Y Bontnewydd,,,,
ocd-division/country:gb/part:wls/ward:w05001568,Y Faenol,,,,
ocd-division/country:gb/part:wls/ward:w05001569,Y Groeslon,,,,
ocd-division/country:gb/part:wls/ward:w05001570,Yr Eifl,,,,
ocd-division/country:gb/part:wls/ward:w05001571,Argoed and New Brighton,,,,
ocd-division/country:gb/part:wls/ward:w05001572,Bagillt,,,,
ocd-division/country:gb/part:wls/ward:w05001573,Broughton North East,,,,
ocd-division/country:gb/part:wls/ward:w05001574,Broughton South,,,,
ocd-division/country:gb/part:wls/ward:w05001575,Brynford and Halkyn,,,,
ocd-division/country:gb/part:wls/ward:w05001576,Buckley: Bistre East,,,,
ocd-division/country:gb/part:wls/ward:w05001577,Buckley: Bistre West,,,,
ocd-division/country:gb/part:wls/ward:w05001578,Buckley: Mountain,,,,
ocd-division/country:gb/part:wls/ward:w05001579,Buckley: Pentrobin,,,,
ocd-division/country:gb/part:wls/ward:w05001580,Caergwrle,,,,
ocd-division/country:gb/part:wls/ward:w05001581,Caerwys,,,,
ocd-division/country:gb/part:wls/ward:w05001582,Cilcain,,,,
ocd-division/country:gb/part:wls/ward:w05001583,Connah's Quay Central,,,,
ocd-division/country:gb/part:wls/ward:w05001584,Connah's Quay: Golftyn,,,,
ocd-division/country:gb/part:wls/ward:w05001585,Connah's Quay South,,,,
ocd-division/country:gb/part:wls/ward:w05001586,Connah's Quay: Wepre,,,,
ocd-division/country:gb/part:wls/ward:w05001587,Flint: Castle,,,,
ocd-division/country:gb/part:wls/ward:w05001588,Flint: Coleshill and Trelawny,,,,
ocd-division/country:gb/part:wls/ward:w05001589,Flint: Oakenholt,,,,
ocd-division/country:gb/part:wls/ward:w05001590,Greenfield,,,,
ocd-division/country:gb/part:wls/ward:w05001591,Gwernaffield and Gwernymynydd,,,,
ocd-division/country:gb/part:wls/ward:w05001592,Hawarden: Aston,,,,
ocd-division/country:gb/part:wls/ward:w05001593,Hawarden: Ewloe,,,,
ocd-division/country:gb/part:wls/ward:w05001594,Hawarden: Mancot,,,,
ocd-division/country:gb/part:wls/ward:w05001595,Higher Kinnerton,,,,
ocd-division/country:gb/part:wls/ward:w05001596,Holywell Central,,,,
ocd-division/country:gb/part:wls/ward:w05001597,Holywell East,,,,
ocd-division/country:gb/part:wls/ward:w05001598,Holywell West,,,,
ocd-division/country:gb/part:wls/ward:w05001599,Hope,,,,
ocd-division/country:gb/part:wls/ward:w05001600,Leeswood,,,,
ocd-division/country:gb/part:wls/ward:w05001601,Llanasa and Trelawnyd,,,,
ocd-division/country:gb/part:wls/ward:w05001602,Llanfynydd,,,,
ocd-division/country:gb/part:wls/ward:w05001603,Mold: Broncoed,,,,
ocd-division/country:gb/part:wls/ward:w05001604,Mold East,,,,
ocd-division/country:gb/part:wls/ward:w05001605,Mold South,,,,
ocd-division/country:gb/part:wls/ward:w05001606,Mold West,,,,
ocd-division/country:gb/part:wls/ward:w05001607,Mostyn,,,,
ocd-division/country:gb/part:wls/ward:w05001608,Northop,,,,
ocd-division/country:gb/part:wls/ward:w05001609,Pen-y-ffordd,,,,
ocd-division/country:gb/part:wls/ward:w05001610,Queensferry and Sealand,,,,
ocd-division/country:gb/part:wls/ward:w05001611,Saltney Ferry,,,,
ocd-division/country:gb/part:wls/ward:w05001612,Shotton East and Shotton Higher,,,,
ocd-division/country:gb/part:wls/ward:w05001613,Shotton West,,,,
ocd-division/country:gb/part:wls/ward:w05001614,Treuddyn,,,,
ocd-division/country:gb/part:wls/ward:w05001615,Whitford,,,,
ocd-division/country:gb/part:wls/ward:w05001616,Bedlinog and Trelewis,,,,
ocd-division/country:gb/part:wls/ward:w05001617,Cyfarthfa,,,,
ocd-division/country:gb/part:wls/ward:w05001618,Dowlais and Pant,,,,
ocd-division/country:gb/part:wls/ward:w05001619,Gurnos,,,,
ocd-division/country:gb/part:wls/ward:w05001620,Merthyr Vale,,,,
ocd-division/country:gb/part:wls/ward:w05001621,Park,,,,
ocd-division/country:gb/part:wls/ward:w05001622,Penydarren,,,,
ocd-division/country:gb/part:wls/ward:w05001623,Plymouth,,,,
ocd-division/country:gb/part:wls/ward:w05001624,Town,,,,
ocd-division/country:gb/part:wls/ward:w05001625,Treharris,,,,
ocd-division/country:gb/part:wls/ward:w05001626,Vaynor,,,,
ocd-division/country:gb/part:wls/ward:w05001627,Allt-yr-yn,,,,
ocd-division/country:gb/part:wls/ward:w05001628,Alway,,,,
ocd-division/country:gb/part:wls/ward:w05001629,Beechwood,,,,
ocd-division/country:gb/part:wls/ward:w05001630,Bettws,,,,
ocd-division/country:gb/part:wls/ward:w05001631,Bishton and Langstone,,,,
ocd-division/country:gb/part:wls/ward:w05001632,Caerleon,,,,
ocd-division/country:gb/part:wls/ward:w05001633,Gaer,,,,
ocd-division/country:gb/part:wls/ward:w05001634,Graig,,,,
ocd-division/country:gb/part:wls/ward:w05001635,Lliswerry,,,,
ocd-division/country:gb/part:wls/ward:w05001636,Llanwern,,,,
ocd-division/country:gb/part:wls/ward:w05001637,Malpas,,,,
ocd-division/country:gb/part:wls/ward:w05001638,Pillgwenlly,,,,
ocd-division/country:gb/part:wls/ward:w05001639,Ringland,,,,
ocd-division/country:gb/part:wls/ward:w05001640,Rogerstone East,,,,
ocd-division/country:gb/part:wls/ward:w05001641,Rogerstone North,,,,
ocd-division/country:gb/part:wls/ward:w05001642,Rogerstone West,,,,
ocd-division/country:gb/part:wls/ward:w05001643,Shaftesbury,,,,
ocd-division/country:gb/part:wls/ward:w05001644,St Julians,,,,
ocd-division/country:gb/part:wls/ward:w05001645,Stow Hill,,,,
ocd-division/country:gb/part:wls/ward:w05001646,Tredegar Park and Marshfield,,,,
ocd-division/country:gb/part:wls/ward:w05001647,Victoria,,,,
ocd-division/country:gb/part:wls/ward:w05001648,Aber Valley,,,,
ocd-division/country:gb/part:wls/ward:w05001649,Aberbargoed and Bargoed,,,,
ocd-division/country:gb/part:wls/ward:w05001650,Abercarn,,,,
ocd-division/country:gb/part:wls/ward:w05001651,Argoed,,,,
ocd-division/country:gb/part:wls/ward:w05001652,Bedwas and Trethomas,,,,
ocd-division/country:gb/part:wls/ward:w05001653,Blackwood,,,,
ocd-division/country:gb/part:wls/ward:w05001654,Cefn Fforest and Pengam,,,,
ocd-division/country:gb/part:wls/ward:w05001655,Crosskeys,,,,
ocd-division/country:gb/part:wls/ward:w05001656,Crumlin,,,,
ocd-division/country:gb/part:wls/ward:w05001657,Darran Valley,,,,
ocd-division/country:gb/part:wls/ward:w05001658,Gilfach,,,,
ocd-division/country:gb/part:wls/ward:w05001659,Hengoed,,,,
ocd-division/country:gb/part:wls/ward:w05001660,Llanbradach,,,,
ocd-division/country:gb/part:wls/ward:w05001661,Machen and Rudry,,,,
ocd-division/country:gb/part:wls/ward:w05001662,Maesycwmmer,,,,
ocd-division/country:gb/part:wls/ward:w05001663,Morgan Jones,,,,
ocd-division/country:gb/part:wls/ward:w05001664,Moriah and Pontlottyn,,,,
ocd-division/country:gb/part:wls/ward:w05001665,Nelson,,,,
ocd-division/country:gb/part:wls/ward:w05001666,New Tredegar,,,,
ocd-division/country:gb/part:wls/ward:w05001667,Newbridge,,,,
ocd-division/country:gb/part:wls/ward:w05001668,Penmaen,,,,
ocd-division/country:gb/part:wls/ward:w05001669,Penyrheol,,,,
ocd-division/country:gb/part:wls/ward:w05001670,Pontllanfraith,,,,
ocd-division/country:gb/part:wls/ward:w05001671,Risca East,,,,
ocd-division/country:gb/part:wls/ward:w05001672,Risca West,,,,
ocd-division/country:gb/part:wls/ward:w05001673,St Cattwg,,,,
ocd-division/country:gb/part:wls/ward:w05001674,St Martins,,,,
ocd-division/country:gb/part:wls/ward:w05001675,Twyn Carno,,,,
ocd-division/country:gb/part:wls/ward:w05001676,Van,,,,
ocd-division/country:gb/part:wls/ward:w05001677,Ynysddu,,,,
ocd-division/country:gb/part:wls/ward:w05001678,Ystrad Mynach,,,,
ocd-division/country:gb/part:wls/ward:w05001679,Aberavon,,,,
ocd-division/country:gb/part:wls/ward:w05001680,Aberdulais,,,,
ocd-division/country:gb/part:wls/ward:w05001681,Allt-wen,,,,
ocd-division/country:gb/part:wls/ward:w05001682,Baglan,,,,
ocd-division/country:gb/part:wls/ward:w05001683,Blaengwrach and Glynneath West,,,,
ocd-division/country:gb/part:wls/ward:w05001684,Briton Ferry East,,,,
ocd-division/country:gb/part:wls/ward:w05001685,Briton Ferry West,,,,
ocd-division/country:gb/part:wls/ward:w05001686,Bryn and Cwmavon,,,,
ocd-division/country:gb/part:wls/ward:w05001687,Bryn-coch North,,,,
ocd-division/country:gb/part:wls/ward:w05001688,Bryn-coch South,,,,
ocd-division/country:gb/part:wls/ward:w05001689,Cadoxton,,,,
ocd-division/country:gb/part:wls/ward:w05001690,Cimla and Pelenna,,,,
ocd-division/country:gb/part:wls/ward:w05001691,Coedffranc Central,,,,
ocd-division/country:gb/part:wls/ward:w05001692,Coedffranc North,,,,
ocd-division/country:gb/part:wls/ward:w05001693,Coedffranc West,,,,
ocd-division/country:gb/part:wls/ward:w05001694,"Crynant, Onllwyn and Seven Sisters",,,,
ocd-division/country:gb/part:wls/ward:w05001695,Cwmllynfell and Ystalyfera,,,,
ocd-division/country:gb/part:wls/ward:w05001696,Cymer and Glyncorrwg,,,,
ocd-division/country:gb/part:wls/ward:w05001697,Dyffryn,,,,
ocd-division/country:gb/part:wls/ward:w05001698,Glynneath Central and East,,,,
ocd-division/country:gb/part:wls/ward:w05001699,Godre'r Graig,,,,
ocd-division/country:gb/part:wls/ward:w05001700,Gwaun-Cae-Gurwen and Lower Brynamman,,,,
ocd-division/country:gb/part:wls/ward:w05001701,Gwynfi and Croeserw,,,,
ocd-division/country:gb/part:wls/ward:w05001702,Margam and Tai-bach,,,,
ocd-division/country:gb/part:wls/ward:w05001703,Neath East,,,,
ocd-division/country:gb/part:wls/ward:w05001704,Neath North,,,,
ocd-division/country:gb/part:wls/ward:w05001705,Neath South,,,,
ocd-division/country:gb/part:wls/ward:w05001706,Pontardawe,,,,
ocd-division/country:gb/part:wls/ward:w05001707,Port Talbot,,,,
ocd-division/country:gb/part:wls/ward:w05001708,Resolven and Tonna,,,,
ocd-division/country:gb/part:wls/ward:w05001709,Rhos,,,,
ocd-division/country:gb/part:wls/ward:w05001710,Sandfields East,,,,
ocd-division/country:gb/part:wls/ward:w05001711,Sandfields West,,,,
ocd-division/country:gb/part:wls/ward:w05001712,Trebanos,,,,
ocd-division/country:gb/part:wls/ward:w05001713,Acrefair North,,,,
ocd-division/country:gb/part:wls/ward:w05001714,Acton and Maesydre,,,,
ocd-division/country:gb/part:wls/ward:w05001715,Bangor Is-y-Coed,,,,
ocd-division/country:gb/part:wls/ward:w05001716,Borras Park,,,,
ocd-division/country:gb/part:wls/ward:w05001717,Bronington and Hanmer,,,,
ocd-division/country:gb/part:wls/ward:w05001718,Brymbo,,,,
ocd-division/country:gb/part:wls/ward:w05001719,Bryn Cefn,,,,
ocd-division/country:gb/part:wls/ward:w05001720,Brynyffynnon,,,,
ocd-division/country:gb/part:wls/ward:w05001721,Cartrefle,,,,
ocd-division/country:gb/part:wls/ward:w05001722,Cefn East,,,,
ocd-division/country:gb/part:wls/ward:w05001723,Cefn West,,,,
ocd-division/country:gb/part:wls/ward:w05001724,Chirk North,,,,
ocd-division/country:gb/part:wls/ward:w05001725,Chirk South,,,,
ocd-division/country:gb/part:wls/ward:w05001726,Coedpoeth,,,,
ocd-division/country:gb/part:wls/ward:w05001727,Dyffryn Ceiriog,,,,
ocd-division/country:gb/part:wls/ward:w05001728,Erddig,,,,
ocd-division/country:gb/part:wls/ward:w05001729,Esclusham,,,,
ocd-division/country:gb/part:wls/ward:w05001730,Garden Village,,,,
ocd-division/country:gb/part:wls/ward:w05001731,Gresford East and West,,,,
ocd-division/country:gb/part:wls/ward:w05001732,Grosvenor,,,,
ocd-division/country:gb/part:wls/ward:w05001733,Gwenfro,,,,
ocd-division/country:gb/part:wls/ward:w05001734,Gwersyllt East,,,,
ocd-division/country:gb/part:wls/ward:w05001735,Gwersyllt North,,,,
ocd-division/country:gb/part:wls/ward:w05001736,Gwersyllt South,,,,
ocd-division/country:gb/part:wls/ward:w05001737,Gwersyllt West,,,,
ocd-division/country:gb/part:wls/ward:w05001738,Hermitage,,,,
ocd-division/country:gb/part:wls/ward:w05001739,Holt,,,,
ocd-division/country:gb/part:wls/ward:w05001740,Little Acton,,,,
ocd-division/country:gb/part:wls/ward:w05001741,Llangollen Rural,,,,
ocd-division/country:gb/part:wls/ward:w05001742,Llay,,,,
ocd-division/country:gb/part:wls/ward:w05001743,Marchwiel,,,,
ocd-division/country:gb/part:wls/ward:w05001744,Marford and Hoseley,,,,
ocd-division/country:gb/part:wls/ward:w05001745,Minera,,,,
ocd-division/country:gb/part:wls/ward:w05001746,New Broughton,,,,
ocd-division/country:gb/part:wls/ward:w05001747,Offa,,,,
ocd-division/country:gb/part:wls/ward:w05001748,Overton and Maelor South,,,,
ocd-division/country:gb/part:wls/ward:w05001749,Pant and Johnstown,,,,
ocd-division/country:gb/part:wls/ward:w05001750,Penycae,,,,
ocd-division/country:gb/part:wls/ward:w05001751,Penycae and Ruabon South,,,,
ocd-division/country:gb/part:wls/ward:w05001752,Ponciau,,,,
ocd-division/country:gb/part:wls/ward:w05001753,Queensway,,,,
ocd-division/country:gb/part:wls/ward:w05001754,Rhos,,,,
ocd-division/country:gb/part:wls/ward:w05001755,Rhosnesni,,,,
ocd-division/country:gb/part:wls/ward:w05001756,Rossett,,,,
ocd-division/country:gb/part:wls/ward:w05001757,Ruabon,,,,
ocd-division/country:gb/part:wls/ward:w05001758,Smithfield,,,,
ocd-division/country:gb/part:wls/ward:w05001759,Stansty,,,,
ocd-division/country:gb/part:wls/ward:w05001760,Whitegate,,,,
ocd-division/country:gb/part:wls/ward:w05001761,Wynnstay,,,,
ocd-division/country:gb/part:wls/ward:w05001762,Bulwark and Thornwell,,,,
ocd-division/country:gb/part:wls/ward:w05001763,Caerwent,,,,
ocd-division/country:gb/part:wls/ward:w05001764,Caldicot Castle,,,,
ocd-division/country:gb/part:wls/ward:w05001765,Caldicot Cross,,,,
ocd-division/country:gb/part:wls/ward:w05001766,Cantref,,,,
ocd-division/country:gb/part:wls/ward:w05001767,Chepstow Castle and Larkfield,,,,
ocd-division/country:gb/part:wls/ward:w05001768,Croesonen,,,,
ocd-division/country:gb/part:wls/ward:w05001769,Crucorney,,,,
ocd-division/country:gb/part:wls/ward:w05001770,Devauden,,,,
ocd-division/country:gb/part:wls/ward:w05001771,Dewstow,,,,
ocd-division/country:gb/part:wls/ward:w05001772,Drybridge,,,,
ocd-division/country:gb/part:wls/ward:w05001773,Gobion Fawr,,,,
ocd-division/country:gb/part:wls/ward:w05001774,Goetre Fawr,,,,
ocd-division/country:gb/part:wls/ward:w05001775,Grofield,,,,
ocd-division/country:gb/part:wls/ward:w05001776,Lansdown,,,,
ocd-division/country:gb/part:wls/ward:w05001777,Llanbadoc and Usk,,,,
ocd-division/country:gb/part:wls/ward:w05001778,Llanelly,,,,
ocd-division/country:gb/part:wls/ward:w05001779,Llanfoist Fawr and Govilon,,,,
ocd-division/country:gb/part:wls/ward:w05001780,Llangybi Fawr,,,,
ocd-division/country:gb/part:wls/ward:w05001781,Llantilio Crossenny,,,,
ocd-division/country:gb/part:wls/ward:w05001782,Magor East with Undy,,,,
ocd-division/country:gb/part:wls/ward:w05001783,Magor West,,,,
ocd-division/country:gb/part:wls/ward:w05001784,Mardy,,,,
ocd-division/country:gb/part:wls/ward:w05001785,Mitchel Troy and Trellech United,,,,
ocd-division/country:gb/part:wls/ward:w05001786,Mount Pleasant,,,,
ocd-division/country:gb/part:wls/ward:w05001787,Osbaston,,,,
ocd-division/country:gb/part:wls/ward:w05001788,Overmonnow,,,,
ocd-division/country:gb/part:wls/ward:w05001789,Park,,,,
ocd-division/country:gb/part:wls/ward:w05001790,Pen Y Fal,,,,
ocd-division/country:gb/part:wls/ward:w05001791,Portskewett,,,,
ocd-division/country:gb/part:wls/ward:w05001792,Raglan,,,,
ocd-division/country:gb/part:wls/ward:w05001793,Rogiet,,,,
ocd-division/country:gb/part:wls/ward:w05001794,Severn,,,,
ocd-division/country:gb/part:wls/ward:w05001795,Shirenewton,,,,
ocd-division/country:gb/part:wls/ward:w05001796,St Arvans,,,,
ocd-division/country:gb/part:wls/ward:w05001797,St Kingsmark,,,,
ocd-division/country:gb/part:wls/ward:w05001798,Town,,,,
ocd-division/country:gb/part:wls/ward:w05001799,West End,,,,
ocd-division/country:gb/part:wls/ward:w05001800,Wyesham,,,,
